[2025-09-03T16:40:55.260+0000] {processor.py:186} INFO - Started process (PID=193) to work on /opt/airflow/dags/customer_metrics.py
[2025-09-03T16:40:55.263+0000] {processor.py:914} INFO - Processing file /opt/airflow/dags/customer_metrics.py for tasks to queue
[2025-09-03T16:40:55.270+0000] {logging_mixin.py:190} INFO - [2025-09-03T16:40:55.269+0000] {dagbag.py:588} INFO - Filling up the DagBag from /opt/airflow/dags/customer_metrics.py
[2025-09-03T16:40:55.291+0000] {logging_mixin.py:190} INFO - [2025-09-03T16:40:55.285+0000] {dagbag.py:387} ERROR - Failed to import: /opt/airflow/dags/customer_metrics.py
Traceback (most recent call last):
  File "/home/airflow/.local/lib/python3.12/site-packages/airflow/models/dagbag.py", line 383, in parse
    loader.exec_module(new_module)
  File "<frozen importlib._bootstrap_external>", line 999, in exec_module
  File "<frozen importlib._bootstrap>", line 488, in _call_with_frames_removed
  File "/opt/airflow/dags/customer_metrics.py", line 3, in <module>
    from cosmos.airflow.task_group import DbtTaskGroup
ModuleNotFoundError: No module named 'cosmos'
[2025-09-03T16:40:55.292+0000] {processor.py:927} WARNING - No viable dags retrieved from /opt/airflow/dags/customer_metrics.py
[2025-09-03T16:40:55.334+0000] {processor.py:208} INFO - Processing /opt/airflow/dags/customer_metrics.py took 0.088 seconds
[2025-09-03T16:41:25.572+0000] {processor.py:186} INFO - Started process (PID=212) to work on /opt/airflow/dags/customer_metrics.py
[2025-09-03T16:41:25.574+0000] {processor.py:914} INFO - Processing file /opt/airflow/dags/customer_metrics.py for tasks to queue
[2025-09-03T16:41:25.579+0000] {logging_mixin.py:190} INFO - [2025-09-03T16:41:25.578+0000] {dagbag.py:588} INFO - Filling up the DagBag from /opt/airflow/dags/customer_metrics.py
[2025-09-03T16:41:25.585+0000] {logging_mixin.py:190} INFO - [2025-09-03T16:41:25.583+0000] {dagbag.py:387} ERROR - Failed to import: /opt/airflow/dags/customer_metrics.py
Traceback (most recent call last):
  File "/home/airflow/.local/lib/python3.12/site-packages/airflow/models/dagbag.py", line 383, in parse
    loader.exec_module(new_module)
  File "<frozen importlib._bootstrap_external>", line 999, in exec_module
  File "<frozen importlib._bootstrap>", line 488, in _call_with_frames_removed
  File "/opt/airflow/dags/customer_metrics.py", line 3, in <module>
    from cosmos.airflow.task_group import DbtTaskGroup
ModuleNotFoundError: No module named 'cosmos'
[2025-09-03T16:41:25.586+0000] {processor.py:927} WARNING - No viable dags retrieved from /opt/airflow/dags/customer_metrics.py
[2025-09-03T16:41:25.615+0000] {processor.py:208} INFO - Processing /opt/airflow/dags/customer_metrics.py took 0.051 seconds
[2025-09-03T16:41:55.926+0000] {processor.py:186} INFO - Started process (PID=228) to work on /opt/airflow/dags/customer_metrics.py
[2025-09-03T16:41:55.927+0000] {processor.py:914} INFO - Processing file /opt/airflow/dags/customer_metrics.py for tasks to queue
[2025-09-03T16:41:55.929+0000] {logging_mixin.py:190} INFO - [2025-09-03T16:41:55.929+0000] {dagbag.py:588} INFO - Filling up the DagBag from /opt/airflow/dags/customer_metrics.py
[2025-09-03T16:41:55.933+0000] {logging_mixin.py:190} INFO - [2025-09-03T16:41:55.932+0000] {dagbag.py:387} ERROR - Failed to import: /opt/airflow/dags/customer_metrics.py
Traceback (most recent call last):
  File "/home/airflow/.local/lib/python3.12/site-packages/airflow/models/dagbag.py", line 383, in parse
    loader.exec_module(new_module)
  File "<frozen importlib._bootstrap_external>", line 999, in exec_module
  File "<frozen importlib._bootstrap>", line 488, in _call_with_frames_removed
  File "/opt/airflow/dags/customer_metrics.py", line 3, in <module>
    from cosmos.airflow.task_group import DbtTaskGroup
ModuleNotFoundError: No module named 'cosmos'
[2025-09-03T16:41:55.933+0000] {processor.py:927} WARNING - No viable dags retrieved from /opt/airflow/dags/customer_metrics.py
[2025-09-03T16:41:55.952+0000] {processor.py:208} INFO - Processing /opt/airflow/dags/customer_metrics.py took 0.031 seconds
[2025-09-03T16:42:26.021+0000] {processor.py:186} INFO - Started process (PID=244) to work on /opt/airflow/dags/customer_metrics.py
[2025-09-03T16:42:26.023+0000] {processor.py:914} INFO - Processing file /opt/airflow/dags/customer_metrics.py for tasks to queue
[2025-09-03T16:42:26.028+0000] {logging_mixin.py:190} INFO - [2025-09-03T16:42:26.027+0000] {dagbag.py:588} INFO - Filling up the DagBag from /opt/airflow/dags/customer_metrics.py
[2025-09-03T16:42:26.039+0000] {logging_mixin.py:190} INFO - [2025-09-03T16:42:26.036+0000] {dagbag.py:387} ERROR - Failed to import: /opt/airflow/dags/customer_metrics.py
Traceback (most recent call last):
  File "/home/airflow/.local/lib/python3.12/site-packages/airflow/models/dagbag.py", line 383, in parse
    loader.exec_module(new_module)
  File "<frozen importlib._bootstrap_external>", line 999, in exec_module
  File "<frozen importlib._bootstrap>", line 488, in _call_with_frames_removed
  File "/opt/airflow/dags/customer_metrics.py", line 3, in <module>
    from cosmos.airflow.task_group import DbtTaskGroup
ModuleNotFoundError: No module named 'cosmos'
[2025-09-03T16:42:26.040+0000] {processor.py:927} WARNING - No viable dags retrieved from /opt/airflow/dags/customer_metrics.py
[2025-09-03T16:42:26.095+0000] {processor.py:208} INFO - Processing /opt/airflow/dags/customer_metrics.py took 0.086 seconds
[2025-09-03T16:42:56.415+0000] {processor.py:186} INFO - Started process (PID=260) to work on /opt/airflow/dags/customer_metrics.py
[2025-09-03T16:42:56.432+0000] {processor.py:914} INFO - Processing file /opt/airflow/dags/customer_metrics.py for tasks to queue
[2025-09-03T16:42:56.454+0000] {logging_mixin.py:190} INFO - [2025-09-03T16:42:56.453+0000] {dagbag.py:588} INFO - Filling up the DagBag from /opt/airflow/dags/customer_metrics.py
[2025-09-03T16:42:56.547+0000] {logging_mixin.py:190} INFO - [2025-09-03T16:42:56.524+0000] {dagbag.py:387} ERROR - Failed to import: /opt/airflow/dags/customer_metrics.py
Traceback (most recent call last):
  File "/home/airflow/.local/lib/python3.12/site-packages/airflow/models/dagbag.py", line 383, in parse
    loader.exec_module(new_module)
  File "<frozen importlib._bootstrap_external>", line 999, in exec_module
  File "<frozen importlib._bootstrap>", line 488, in _call_with_frames_removed
  File "/opt/airflow/dags/customer_metrics.py", line 3, in <module>
    from cosmos.airflow.task_group import DbtTaskGroup
ModuleNotFoundError: No module named 'cosmos'
[2025-09-03T16:42:56.572+0000] {processor.py:927} WARNING - No viable dags retrieved from /opt/airflow/dags/customer_metrics.py
[2025-09-03T16:42:56.928+0000] {processor.py:208} INFO - Processing /opt/airflow/dags/customer_metrics.py took 0.529 seconds
[2025-09-03T16:45:01.483+0000] {processor.py:186} INFO - Started process (PID=209) to work on /opt/airflow/dags/customer_metrics.py
[2025-09-03T16:45:01.486+0000] {processor.py:914} INFO - Processing file /opt/airflow/dags/customer_metrics.py for tasks to queue
[2025-09-03T16:45:01.510+0000] {logging_mixin.py:190} INFO - [2025-09-03T16:45:01.509+0000] {dagbag.py:588} INFO - Filling up the DagBag from /opt/airflow/dags/customer_metrics.py
[2025-09-03T16:45:01.568+0000] {logging_mixin.py:190} INFO - [2025-09-03T16:45:01.549+0000] {dagbag.py:387} ERROR - Failed to import: /opt/airflow/dags/customer_metrics.py
Traceback (most recent call last):
  File "/home/airflow/.local/lib/python3.12/site-packages/airflow/models/dagbag.py", line 383, in parse
    loader.exec_module(new_module)
  File "<frozen importlib._bootstrap_external>", line 999, in exec_module
  File "<frozen importlib._bootstrap>", line 488, in _call_with_frames_removed
  File "/opt/airflow/dags/customer_metrics.py", line 3, in <module>
    from cosmos.airflow.task_group import DbtTaskGroup
ModuleNotFoundError: No module named 'cosmos'
[2025-09-03T16:45:01.574+0000] {processor.py:927} WARNING - No viable dags retrieved from /opt/airflow/dags/customer_metrics.py
[2025-09-03T16:45:01.690+0000] {processor.py:208} INFO - Processing /opt/airflow/dags/customer_metrics.py took 0.219 seconds
[2025-09-03T16:45:32.099+0000] {processor.py:186} INFO - Started process (PID=222) to work on /opt/airflow/dags/customer_metrics.py
[2025-09-03T16:45:32.100+0000] {processor.py:914} INFO - Processing file /opt/airflow/dags/customer_metrics.py for tasks to queue
[2025-09-03T16:45:32.104+0000] {logging_mixin.py:190} INFO - [2025-09-03T16:45:32.103+0000] {dagbag.py:588} INFO - Filling up the DagBag from /opt/airflow/dags/customer_metrics.py
[2025-09-03T16:45:32.108+0000] {logging_mixin.py:190} INFO - [2025-09-03T16:45:32.107+0000] {dagbag.py:387} ERROR - Failed to import: /opt/airflow/dags/customer_metrics.py
Traceback (most recent call last):
  File "/home/airflow/.local/lib/python3.12/site-packages/airflow/models/dagbag.py", line 383, in parse
    loader.exec_module(new_module)
  File "<frozen importlib._bootstrap_external>", line 999, in exec_module
  File "<frozen importlib._bootstrap>", line 488, in _call_with_frames_removed
  File "/opt/airflow/dags/customer_metrics.py", line 3, in <module>
    from cosmos.airflow.task_group import DbtTaskGroup
ModuleNotFoundError: No module named 'cosmos'
[2025-09-03T16:45:32.109+0000] {processor.py:927} WARNING - No viable dags retrieved from /opt/airflow/dags/customer_metrics.py
[2025-09-03T16:45:32.127+0000] {processor.py:208} INFO - Processing /opt/airflow/dags/customer_metrics.py took 0.034 seconds
[2025-09-03T16:46:02.400+0000] {processor.py:186} INFO - Started process (PID=238) to work on /opt/airflow/dags/customer_metrics.py
[2025-09-03T16:46:02.401+0000] {processor.py:914} INFO - Processing file /opt/airflow/dags/customer_metrics.py for tasks to queue
[2025-09-03T16:46:02.403+0000] {logging_mixin.py:190} INFO - [2025-09-03T16:46:02.403+0000] {dagbag.py:588} INFO - Filling up the DagBag from /opt/airflow/dags/customer_metrics.py
[2025-09-03T16:46:02.406+0000] {logging_mixin.py:190} INFO - [2025-09-03T16:46:02.406+0000] {dagbag.py:387} ERROR - Failed to import: /opt/airflow/dags/customer_metrics.py
Traceback (most recent call last):
  File "/home/airflow/.local/lib/python3.12/site-packages/airflow/models/dagbag.py", line 383, in parse
    loader.exec_module(new_module)
  File "<frozen importlib._bootstrap_external>", line 999, in exec_module
  File "<frozen importlib._bootstrap>", line 488, in _call_with_frames_removed
  File "/opt/airflow/dags/customer_metrics.py", line 3, in <module>
    from cosmos.airflow.task_group import DbtTaskGroup
ModuleNotFoundError: No module named 'cosmos'
[2025-09-03T16:46:02.407+0000] {processor.py:927} WARNING - No viable dags retrieved from /opt/airflow/dags/customer_metrics.py
[2025-09-03T16:46:02.426+0000] {processor.py:208} INFO - Processing /opt/airflow/dags/customer_metrics.py took 0.030 seconds
[2025-09-03T16:46:32.705+0000] {processor.py:186} INFO - Started process (PID=254) to work on /opt/airflow/dags/customer_metrics.py
[2025-09-03T16:46:32.706+0000] {processor.py:914} INFO - Processing file /opt/airflow/dags/customer_metrics.py for tasks to queue
[2025-09-03T16:46:32.710+0000] {logging_mixin.py:190} INFO - [2025-09-03T16:46:32.709+0000] {dagbag.py:588} INFO - Filling up the DagBag from /opt/airflow/dags/customer_metrics.py
[2025-09-03T16:46:32.715+0000] {logging_mixin.py:190} INFO - [2025-09-03T16:46:32.713+0000] {dagbag.py:387} ERROR - Failed to import: /opt/airflow/dags/customer_metrics.py
Traceback (most recent call last):
  File "/home/airflow/.local/lib/python3.12/site-packages/airflow/models/dagbag.py", line 383, in parse
    loader.exec_module(new_module)
  File "<frozen importlib._bootstrap_external>", line 999, in exec_module
  File "<frozen importlib._bootstrap>", line 488, in _call_with_frames_removed
  File "/opt/airflow/dags/customer_metrics.py", line 3, in <module>
    from cosmos.airflow.task_group import DbtTaskGroup
ModuleNotFoundError: No module named 'cosmos'
[2025-09-03T16:46:32.716+0000] {processor.py:927} WARNING - No viable dags retrieved from /opt/airflow/dags/customer_metrics.py
[2025-09-03T16:46:32.736+0000] {processor.py:208} INFO - Processing /opt/airflow/dags/customer_metrics.py took 0.036 seconds
[2025-09-03T16:47:03.037+0000] {processor.py:186} INFO - Started process (PID=270) to work on /opt/airflow/dags/customer_metrics.py
[2025-09-03T16:47:03.039+0000] {processor.py:914} INFO - Processing file /opt/airflow/dags/customer_metrics.py for tasks to queue
[2025-09-03T16:47:03.041+0000] {logging_mixin.py:190} INFO - [2025-09-03T16:47:03.041+0000] {dagbag.py:588} INFO - Filling up the DagBag from /opt/airflow/dags/customer_metrics.py
[2025-09-03T16:47:03.045+0000] {logging_mixin.py:190} INFO - [2025-09-03T16:47:03.044+0000] {dagbag.py:387} ERROR - Failed to import: /opt/airflow/dags/customer_metrics.py
Traceback (most recent call last):
  File "/home/airflow/.local/lib/python3.12/site-packages/airflow/models/dagbag.py", line 383, in parse
    loader.exec_module(new_module)
  File "<frozen importlib._bootstrap_external>", line 999, in exec_module
  File "<frozen importlib._bootstrap>", line 488, in _call_with_frames_removed
  File "/opt/airflow/dags/customer_metrics.py", line 3, in <module>
    from cosmos.airflow.task_group import DbtTaskGroup
ModuleNotFoundError: No module named 'cosmos'
[2025-09-03T16:47:03.046+0000] {processor.py:927} WARNING - No viable dags retrieved from /opt/airflow/dags/customer_metrics.py
[2025-09-03T16:47:03.073+0000] {processor.py:208} INFO - Processing /opt/airflow/dags/customer_metrics.py took 0.042 seconds
[2025-09-03T16:47:33.345+0000] {processor.py:186} INFO - Started process (PID=286) to work on /opt/airflow/dags/customer_metrics.py
[2025-09-03T16:47:33.346+0000] {processor.py:914} INFO - Processing file /opt/airflow/dags/customer_metrics.py for tasks to queue
[2025-09-03T16:47:33.347+0000] {logging_mixin.py:190} INFO - [2025-09-03T16:47:33.347+0000] {dagbag.py:588} INFO - Filling up the DagBag from /opt/airflow/dags/customer_metrics.py
[2025-09-03T16:47:33.351+0000] {logging_mixin.py:190} INFO - [2025-09-03T16:47:33.350+0000] {dagbag.py:387} ERROR - Failed to import: /opt/airflow/dags/customer_metrics.py
Traceback (most recent call last):
  File "/home/airflow/.local/lib/python3.12/site-packages/airflow/models/dagbag.py", line 383, in parse
    loader.exec_module(new_module)
  File "<frozen importlib._bootstrap_external>", line 999, in exec_module
  File "<frozen importlib._bootstrap>", line 488, in _call_with_frames_removed
  File "/opt/airflow/dags/customer_metrics.py", line 3, in <module>
    from cosmos.airflow.task_group import DbtTaskGroup
ModuleNotFoundError: No module named 'cosmos'
[2025-09-03T16:47:33.351+0000] {processor.py:927} WARNING - No viable dags retrieved from /opt/airflow/dags/customer_metrics.py
[2025-09-03T16:47:33.371+0000] {processor.py:208} INFO - Processing /opt/airflow/dags/customer_metrics.py took 0.031 seconds
[2025-09-03T16:48:03.656+0000] {processor.py:186} INFO - Started process (PID=302) to work on /opt/airflow/dags/customer_metrics.py
[2025-09-03T16:48:03.657+0000] {processor.py:914} INFO - Processing file /opt/airflow/dags/customer_metrics.py for tasks to queue
[2025-09-03T16:48:03.660+0000] {logging_mixin.py:190} INFO - [2025-09-03T16:48:03.659+0000] {dagbag.py:588} INFO - Filling up the DagBag from /opt/airflow/dags/customer_metrics.py
[2025-09-03T16:48:03.663+0000] {logging_mixin.py:190} INFO - [2025-09-03T16:48:03.662+0000] {dagbag.py:387} ERROR - Failed to import: /opt/airflow/dags/customer_metrics.py
Traceback (most recent call last):
  File "/home/airflow/.local/lib/python3.12/site-packages/airflow/models/dagbag.py", line 383, in parse
    loader.exec_module(new_module)
  File "<frozen importlib._bootstrap_external>", line 999, in exec_module
  File "<frozen importlib._bootstrap>", line 488, in _call_with_frames_removed
  File "/opt/airflow/dags/customer_metrics.py", line 3, in <module>
    from cosmos.airflow.task_group import DbtTaskGroup
ModuleNotFoundError: No module named 'cosmos'
[2025-09-03T16:48:03.663+0000] {processor.py:927} WARNING - No viable dags retrieved from /opt/airflow/dags/customer_metrics.py
[2025-09-03T16:48:03.679+0000] {processor.py:208} INFO - Processing /opt/airflow/dags/customer_metrics.py took 0.030 seconds
[2025-09-03T16:48:33.971+0000] {processor.py:186} INFO - Started process (PID=318) to work on /opt/airflow/dags/customer_metrics.py
[2025-09-03T16:48:33.973+0000] {processor.py:914} INFO - Processing file /opt/airflow/dags/customer_metrics.py for tasks to queue
[2025-09-03T16:48:33.977+0000] {logging_mixin.py:190} INFO - [2025-09-03T16:48:33.976+0000] {dagbag.py:588} INFO - Filling up the DagBag from /opt/airflow/dags/customer_metrics.py
[2025-09-03T16:48:33.983+0000] {logging_mixin.py:190} INFO - [2025-09-03T16:48:33.981+0000] {dagbag.py:387} ERROR - Failed to import: /opt/airflow/dags/customer_metrics.py
Traceback (most recent call last):
  File "/home/airflow/.local/lib/python3.12/site-packages/airflow/models/dagbag.py", line 383, in parse
    loader.exec_module(new_module)
  File "<frozen importlib._bootstrap_external>", line 999, in exec_module
  File "<frozen importlib._bootstrap>", line 488, in _call_with_frames_removed
  File "/opt/airflow/dags/customer_metrics.py", line 3, in <module>
    from cosmos.airflow.task_group import DbtTaskGroup
ModuleNotFoundError: No module named 'cosmos'
[2025-09-03T16:48:33.983+0000] {processor.py:927} WARNING - No viable dags retrieved from /opt/airflow/dags/customer_metrics.py
[2025-09-03T16:48:34.001+0000] {processor.py:208} INFO - Processing /opt/airflow/dags/customer_metrics.py took 0.035 seconds
[2025-09-03T16:49:04.310+0000] {processor.py:186} INFO - Started process (PID=334) to work on /opt/airflow/dags/customer_metrics.py
[2025-09-03T16:49:04.311+0000] {processor.py:914} INFO - Processing file /opt/airflow/dags/customer_metrics.py for tasks to queue
[2025-09-03T16:49:04.314+0000] {logging_mixin.py:190} INFO - [2025-09-03T16:49:04.314+0000] {dagbag.py:588} INFO - Filling up the DagBag from /opt/airflow/dags/customer_metrics.py
[2025-09-03T16:49:04.317+0000] {logging_mixin.py:190} INFO - [2025-09-03T16:49:04.316+0000] {dagbag.py:387} ERROR - Failed to import: /opt/airflow/dags/customer_metrics.py
Traceback (most recent call last):
  File "/home/airflow/.local/lib/python3.12/site-packages/airflow/models/dagbag.py", line 383, in parse
    loader.exec_module(new_module)
  File "<frozen importlib._bootstrap_external>", line 999, in exec_module
  File "<frozen importlib._bootstrap>", line 488, in _call_with_frames_removed
  File "/opt/airflow/dags/customer_metrics.py", line 3, in <module>
    from cosmos.airflow.task_group import DbtTaskGroup
ModuleNotFoundError: No module named 'cosmos'
[2025-09-03T16:49:04.318+0000] {processor.py:927} WARNING - No viable dags retrieved from /opt/airflow/dags/customer_metrics.py
[2025-09-03T16:49:04.341+0000] {processor.py:208} INFO - Processing /opt/airflow/dags/customer_metrics.py took 0.036 seconds
[2025-09-03T16:49:34.633+0000] {processor.py:186} INFO - Started process (PID=350) to work on /opt/airflow/dags/customer_metrics.py
[2025-09-03T16:49:34.635+0000] {processor.py:914} INFO - Processing file /opt/airflow/dags/customer_metrics.py for tasks to queue
[2025-09-03T16:49:34.638+0000] {logging_mixin.py:190} INFO - [2025-09-03T16:49:34.638+0000] {dagbag.py:588} INFO - Filling up the DagBag from /opt/airflow/dags/customer_metrics.py
[2025-09-03T16:49:34.642+0000] {logging_mixin.py:190} INFO - [2025-09-03T16:49:34.641+0000] {dagbag.py:387} ERROR - Failed to import: /opt/airflow/dags/customer_metrics.py
Traceback (most recent call last):
  File "/home/airflow/.local/lib/python3.12/site-packages/airflow/models/dagbag.py", line 383, in parse
    loader.exec_module(new_module)
  File "<frozen importlib._bootstrap_external>", line 999, in exec_module
  File "<frozen importlib._bootstrap>", line 488, in _call_with_frames_removed
  File "/opt/airflow/dags/customer_metrics.py", line 3, in <module>
    from cosmos.airflow.task_group import DbtTaskGroup
ModuleNotFoundError: No module named 'cosmos'
[2025-09-03T16:49:34.642+0000] {processor.py:927} WARNING - No viable dags retrieved from /opt/airflow/dags/customer_metrics.py
[2025-09-03T16:49:34.663+0000] {processor.py:208} INFO - Processing /opt/airflow/dags/customer_metrics.py took 0.037 seconds
[2025-09-03T16:50:04.993+0000] {processor.py:186} INFO - Started process (PID=366) to work on /opt/airflow/dags/customer_metrics.py
[2025-09-03T16:50:04.993+0000] {processor.py:914} INFO - Processing file /opt/airflow/dags/customer_metrics.py for tasks to queue
[2025-09-03T16:50:04.995+0000] {logging_mixin.py:190} INFO - [2025-09-03T16:50:04.995+0000] {dagbag.py:588} INFO - Filling up the DagBag from /opt/airflow/dags/customer_metrics.py
[2025-09-03T16:50:04.998+0000] {logging_mixin.py:190} INFO - [2025-09-03T16:50:04.998+0000] {dagbag.py:387} ERROR - Failed to import: /opt/airflow/dags/customer_metrics.py
Traceback (most recent call last):
  File "/home/airflow/.local/lib/python3.12/site-packages/airflow/models/dagbag.py", line 383, in parse
    loader.exec_module(new_module)
  File "<frozen importlib._bootstrap_external>", line 999, in exec_module
  File "<frozen importlib._bootstrap>", line 488, in _call_with_frames_removed
  File "/opt/airflow/dags/customer_metrics.py", line 3, in <module>
    from cosmos.airflow.task_group import DbtTaskGroup
ModuleNotFoundError: No module named 'cosmos'
[2025-09-03T16:50:04.999+0000] {processor.py:927} WARNING - No viable dags retrieved from /opt/airflow/dags/customer_metrics.py
[2025-09-03T16:50:05.018+0000] {processor.py:208} INFO - Processing /opt/airflow/dags/customer_metrics.py took 0.030 seconds
[2025-09-03T16:50:35.340+0000] {processor.py:186} INFO - Started process (PID=382) to work on /opt/airflow/dags/customer_metrics.py
[2025-09-03T16:50:35.340+0000] {processor.py:914} INFO - Processing file /opt/airflow/dags/customer_metrics.py for tasks to queue
[2025-09-03T16:50:35.342+0000] {logging_mixin.py:190} INFO - [2025-09-03T16:50:35.342+0000] {dagbag.py:588} INFO - Filling up the DagBag from /opt/airflow/dags/customer_metrics.py
[2025-09-03T16:50:35.345+0000] {logging_mixin.py:190} INFO - [2025-09-03T16:50:35.345+0000] {dagbag.py:387} ERROR - Failed to import: /opt/airflow/dags/customer_metrics.py
Traceback (most recent call last):
  File "/home/airflow/.local/lib/python3.12/site-packages/airflow/models/dagbag.py", line 383, in parse
    loader.exec_module(new_module)
  File "<frozen importlib._bootstrap_external>", line 999, in exec_module
  File "<frozen importlib._bootstrap>", line 488, in _call_with_frames_removed
  File "/opt/airflow/dags/customer_metrics.py", line 3, in <module>
    from cosmos.airflow.task_group import DbtTaskGroup
ModuleNotFoundError: No module named 'cosmos'
[2025-09-03T16:50:35.346+0000] {processor.py:927} WARNING - No viable dags retrieved from /opt/airflow/dags/customer_metrics.py
[2025-09-03T16:50:35.370+0000] {processor.py:208} INFO - Processing /opt/airflow/dags/customer_metrics.py took 0.035 seconds
[2025-09-03T16:51:05.663+0000] {processor.py:186} INFO - Started process (PID=398) to work on /opt/airflow/dags/customer_metrics.py
[2025-09-03T16:51:05.665+0000] {processor.py:914} INFO - Processing file /opt/airflow/dags/customer_metrics.py for tasks to queue
[2025-09-03T16:51:05.670+0000] {logging_mixin.py:190} INFO - [2025-09-03T16:51:05.669+0000] {dagbag.py:588} INFO - Filling up the DagBag from /opt/airflow/dags/customer_metrics.py
[2025-09-03T16:51:05.676+0000] {logging_mixin.py:190} INFO - [2025-09-03T16:51:05.674+0000] {dagbag.py:387} ERROR - Failed to import: /opt/airflow/dags/customer_metrics.py
Traceback (most recent call last):
  File "/home/airflow/.local/lib/python3.12/site-packages/airflow/models/dagbag.py", line 383, in parse
    loader.exec_module(new_module)
  File "<frozen importlib._bootstrap_external>", line 999, in exec_module
  File "<frozen importlib._bootstrap>", line 488, in _call_with_frames_removed
  File "/opt/airflow/dags/customer_metrics.py", line 3, in <module>
    from cosmos.airflow.task_group import DbtTaskGroup
ModuleNotFoundError: No module named 'cosmos'
[2025-09-03T16:51:05.677+0000] {processor.py:927} WARNING - No viable dags retrieved from /opt/airflow/dags/customer_metrics.py
[2025-09-03T16:51:05.704+0000] {processor.py:208} INFO - Processing /opt/airflow/dags/customer_metrics.py took 0.047 seconds
[2025-09-03T16:51:36.026+0000] {processor.py:186} INFO - Started process (PID=414) to work on /opt/airflow/dags/customer_metrics.py
[2025-09-03T16:51:36.027+0000] {processor.py:914} INFO - Processing file /opt/airflow/dags/customer_metrics.py for tasks to queue
[2025-09-03T16:51:36.030+0000] {logging_mixin.py:190} INFO - [2025-09-03T16:51:36.029+0000] {dagbag.py:588} INFO - Filling up the DagBag from /opt/airflow/dags/customer_metrics.py
[2025-09-03T16:51:36.035+0000] {logging_mixin.py:190} INFO - [2025-09-03T16:51:36.034+0000] {dagbag.py:387} ERROR - Failed to import: /opt/airflow/dags/customer_metrics.py
Traceback (most recent call last):
  File "/home/airflow/.local/lib/python3.12/site-packages/airflow/models/dagbag.py", line 383, in parse
    loader.exec_module(new_module)
  File "<frozen importlib._bootstrap_external>", line 999, in exec_module
  File "<frozen importlib._bootstrap>", line 488, in _call_with_frames_removed
  File "/opt/airflow/dags/customer_metrics.py", line 3, in <module>
    from cosmos.airflow.task_group import DbtTaskGroup
ModuleNotFoundError: No module named 'cosmos'
[2025-09-03T16:51:36.036+0000] {processor.py:927} WARNING - No viable dags retrieved from /opt/airflow/dags/customer_metrics.py
[2025-09-03T16:51:36.061+0000] {processor.py:208} INFO - Processing /opt/airflow/dags/customer_metrics.py took 0.039 seconds
[2025-09-03T16:52:06.384+0000] {processor.py:186} INFO - Started process (PID=430) to work on /opt/airflow/dags/customer_metrics.py
[2025-09-03T16:52:06.386+0000] {processor.py:914} INFO - Processing file /opt/airflow/dags/customer_metrics.py for tasks to queue
[2025-09-03T16:52:06.391+0000] {logging_mixin.py:190} INFO - [2025-09-03T16:52:06.390+0000] {dagbag.py:588} INFO - Filling up the DagBag from /opt/airflow/dags/customer_metrics.py
[2025-09-03T16:52:06.401+0000] {logging_mixin.py:190} INFO - [2025-09-03T16:52:06.399+0000] {dagbag.py:387} ERROR - Failed to import: /opt/airflow/dags/customer_metrics.py
Traceback (most recent call last):
  File "/home/airflow/.local/lib/python3.12/site-packages/airflow/models/dagbag.py", line 383, in parse
    loader.exec_module(new_module)
  File "<frozen importlib._bootstrap_external>", line 999, in exec_module
  File "<frozen importlib._bootstrap>", line 488, in _call_with_frames_removed
  File "/opt/airflow/dags/customer_metrics.py", line 3, in <module>
    from cosmos.airflow.task_group import DbtTaskGroup
ModuleNotFoundError: No module named 'cosmos'
[2025-09-03T16:52:06.401+0000] {processor.py:927} WARNING - No viable dags retrieved from /opt/airflow/dags/customer_metrics.py
[2025-09-03T16:52:06.437+0000] {processor.py:208} INFO - Processing /opt/airflow/dags/customer_metrics.py took 0.066 seconds
[2025-09-03T16:52:36.751+0000] {processor.py:186} INFO - Started process (PID=446) to work on /opt/airflow/dags/customer_metrics.py
[2025-09-03T16:52:36.752+0000] {processor.py:914} INFO - Processing file /opt/airflow/dags/customer_metrics.py for tasks to queue
[2025-09-03T16:52:36.755+0000] {logging_mixin.py:190} INFO - [2025-09-03T16:52:36.755+0000] {dagbag.py:588} INFO - Filling up the DagBag from /opt/airflow/dags/customer_metrics.py
[2025-09-03T16:52:36.760+0000] {logging_mixin.py:190} INFO - [2025-09-03T16:52:36.758+0000] {dagbag.py:387} ERROR - Failed to import: /opt/airflow/dags/customer_metrics.py
Traceback (most recent call last):
  File "/home/airflow/.local/lib/python3.12/site-packages/airflow/models/dagbag.py", line 383, in parse
    loader.exec_module(new_module)
  File "<frozen importlib._bootstrap_external>", line 999, in exec_module
  File "<frozen importlib._bootstrap>", line 488, in _call_with_frames_removed
  File "/opt/airflow/dags/customer_metrics.py", line 3, in <module>
    from cosmos.airflow.task_group import DbtTaskGroup
ModuleNotFoundError: No module named 'cosmos'
[2025-09-03T16:52:36.760+0000] {processor.py:927} WARNING - No viable dags retrieved from /opt/airflow/dags/customer_metrics.py
[2025-09-03T16:52:36.782+0000] {processor.py:208} INFO - Processing /opt/airflow/dags/customer_metrics.py took 0.036 seconds
[2025-09-03T16:53:07.067+0000] {processor.py:186} INFO - Started process (PID=462) to work on /opt/airflow/dags/customer_metrics.py
[2025-09-03T16:53:07.069+0000] {processor.py:914} INFO - Processing file /opt/airflow/dags/customer_metrics.py for tasks to queue
[2025-09-03T16:53:07.072+0000] {logging_mixin.py:190} INFO - [2025-09-03T16:53:07.072+0000] {dagbag.py:588} INFO - Filling up the DagBag from /opt/airflow/dags/customer_metrics.py
[2025-09-03T16:53:07.079+0000] {logging_mixin.py:190} INFO - [2025-09-03T16:53:07.077+0000] {dagbag.py:387} ERROR - Failed to import: /opt/airflow/dags/customer_metrics.py
Traceback (most recent call last):
  File "/home/airflow/.local/lib/python3.12/site-packages/airflow/models/dagbag.py", line 383, in parse
    loader.exec_module(new_module)
  File "<frozen importlib._bootstrap_external>", line 999, in exec_module
  File "<frozen importlib._bootstrap>", line 488, in _call_with_frames_removed
  File "/opt/airflow/dags/customer_metrics.py", line 3, in <module>
    from cosmos.airflow.task_group import DbtTaskGroup
ModuleNotFoundError: No module named 'cosmos'
[2025-09-03T16:53:07.079+0000] {processor.py:927} WARNING - No viable dags retrieved from /opt/airflow/dags/customer_metrics.py
[2025-09-03T16:53:07.103+0000] {processor.py:208} INFO - Processing /opt/airflow/dags/customer_metrics.py took 0.040 seconds
[2025-09-03T16:53:37.380+0000] {processor.py:186} INFO - Started process (PID=478) to work on /opt/airflow/dags/customer_metrics.py
[2025-09-03T16:53:37.381+0000] {processor.py:914} INFO - Processing file /opt/airflow/dags/customer_metrics.py for tasks to queue
[2025-09-03T16:53:37.385+0000] {logging_mixin.py:190} INFO - [2025-09-03T16:53:37.384+0000] {dagbag.py:588} INFO - Filling up the DagBag from /opt/airflow/dags/customer_metrics.py
[2025-09-03T16:53:37.392+0000] {logging_mixin.py:190} INFO - [2025-09-03T16:53:37.390+0000] {dagbag.py:387} ERROR - Failed to import: /opt/airflow/dags/customer_metrics.py
Traceback (most recent call last):
  File "/home/airflow/.local/lib/python3.12/site-packages/airflow/models/dagbag.py", line 383, in parse
    loader.exec_module(new_module)
  File "<frozen importlib._bootstrap_external>", line 999, in exec_module
  File "<frozen importlib._bootstrap>", line 488, in _call_with_frames_removed
  File "/opt/airflow/dags/customer_metrics.py", line 3, in <module>
    from cosmos.airflow.task_group import DbtTaskGroup
ModuleNotFoundError: No module named 'cosmos'
[2025-09-03T16:53:37.393+0000] {processor.py:927} WARNING - No viable dags retrieved from /opt/airflow/dags/customer_metrics.py
[2025-09-03T16:53:37.425+0000] {processor.py:208} INFO - Processing /opt/airflow/dags/customer_metrics.py took 0.055 seconds
[2025-09-03T16:54:07.719+0000] {processor.py:186} INFO - Started process (PID=494) to work on /opt/airflow/dags/customer_metrics.py
[2025-09-03T16:54:07.721+0000] {processor.py:914} INFO - Processing file /opt/airflow/dags/customer_metrics.py for tasks to queue
[2025-09-03T16:54:07.722+0000] {logging_mixin.py:190} INFO - [2025-09-03T16:54:07.722+0000] {dagbag.py:588} INFO - Filling up the DagBag from /opt/airflow/dags/customer_metrics.py
[2025-09-03T16:54:07.726+0000] {logging_mixin.py:190} INFO - [2025-09-03T16:54:07.725+0000] {dagbag.py:387} ERROR - Failed to import: /opt/airflow/dags/customer_metrics.py
Traceback (most recent call last):
  File "/home/airflow/.local/lib/python3.12/site-packages/airflow/models/dagbag.py", line 383, in parse
    loader.exec_module(new_module)
  File "<frozen importlib._bootstrap_external>", line 999, in exec_module
  File "<frozen importlib._bootstrap>", line 488, in _call_with_frames_removed
  File "/opt/airflow/dags/customer_metrics.py", line 3, in <module>
    from cosmos.airflow.task_group import DbtTaskGroup
ModuleNotFoundError: No module named 'cosmos'
[2025-09-03T16:54:07.726+0000] {processor.py:927} WARNING - No viable dags retrieved from /opt/airflow/dags/customer_metrics.py
[2025-09-03T16:54:07.751+0000] {processor.py:208} INFO - Processing /opt/airflow/dags/customer_metrics.py took 0.036 seconds
[2025-09-03T16:54:38.036+0000] {processor.py:186} INFO - Started process (PID=510) to work on /opt/airflow/dags/customer_metrics.py
[2025-09-03T16:54:38.037+0000] {processor.py:914} INFO - Processing file /opt/airflow/dags/customer_metrics.py for tasks to queue
[2025-09-03T16:54:38.040+0000] {logging_mixin.py:190} INFO - [2025-09-03T16:54:38.040+0000] {dagbag.py:588} INFO - Filling up the DagBag from /opt/airflow/dags/customer_metrics.py
[2025-09-03T16:54:38.044+0000] {logging_mixin.py:190} INFO - [2025-09-03T16:54:38.043+0000] {dagbag.py:387} ERROR - Failed to import: /opt/airflow/dags/customer_metrics.py
Traceback (most recent call last):
  File "/home/airflow/.local/lib/python3.12/site-packages/airflow/models/dagbag.py", line 383, in parse
    loader.exec_module(new_module)
  File "<frozen importlib._bootstrap_external>", line 999, in exec_module
  File "<frozen importlib._bootstrap>", line 488, in _call_with_frames_removed
  File "/opt/airflow/dags/customer_metrics.py", line 3, in <module>
    from cosmos.airflow.task_group import DbtTaskGroup
ModuleNotFoundError: No module named 'cosmos'
[2025-09-03T16:54:38.045+0000] {processor.py:927} WARNING - No viable dags retrieved from /opt/airflow/dags/customer_metrics.py
[2025-09-03T16:54:38.064+0000] {processor.py:208} INFO - Processing /opt/airflow/dags/customer_metrics.py took 0.033 seconds
[2025-09-03T16:55:08.394+0000] {processor.py:186} INFO - Started process (PID=526) to work on /opt/airflow/dags/customer_metrics.py
[2025-09-03T16:55:08.395+0000] {processor.py:914} INFO - Processing file /opt/airflow/dags/customer_metrics.py for tasks to queue
[2025-09-03T16:55:08.398+0000] {logging_mixin.py:190} INFO - [2025-09-03T16:55:08.398+0000] {dagbag.py:588} INFO - Filling up the DagBag from /opt/airflow/dags/customer_metrics.py
[2025-09-03T16:55:08.402+0000] {logging_mixin.py:190} INFO - [2025-09-03T16:55:08.401+0000] {dagbag.py:387} ERROR - Failed to import: /opt/airflow/dags/customer_metrics.py
Traceback (most recent call last):
  File "/home/airflow/.local/lib/python3.12/site-packages/airflow/models/dagbag.py", line 383, in parse
    loader.exec_module(new_module)
  File "<frozen importlib._bootstrap_external>", line 999, in exec_module
  File "<frozen importlib._bootstrap>", line 488, in _call_with_frames_removed
  File "/opt/airflow/dags/customer_metrics.py", line 3, in <module>
    from cosmos.airflow.task_group import DbtTaskGroup
ModuleNotFoundError: No module named 'cosmos'
[2025-09-03T16:55:08.403+0000] {processor.py:927} WARNING - No viable dags retrieved from /opt/airflow/dags/customer_metrics.py
[2025-09-03T16:55:08.427+0000] {processor.py:208} INFO - Processing /opt/airflow/dags/customer_metrics.py took 0.037 seconds
[2025-09-03T16:55:38.720+0000] {processor.py:186} INFO - Started process (PID=542) to work on /opt/airflow/dags/customer_metrics.py
[2025-09-03T16:55:38.720+0000] {processor.py:914} INFO - Processing file /opt/airflow/dags/customer_metrics.py for tasks to queue
[2025-09-03T16:55:38.723+0000] {logging_mixin.py:190} INFO - [2025-09-03T16:55:38.722+0000] {dagbag.py:588} INFO - Filling up the DagBag from /opt/airflow/dags/customer_metrics.py
[2025-09-03T16:55:38.726+0000] {logging_mixin.py:190} INFO - [2025-09-03T16:55:38.725+0000] {dagbag.py:387} ERROR - Failed to import: /opt/airflow/dags/customer_metrics.py
Traceback (most recent call last):
  File "/home/airflow/.local/lib/python3.12/site-packages/airflow/models/dagbag.py", line 383, in parse
    loader.exec_module(new_module)
  File "<frozen importlib._bootstrap_external>", line 999, in exec_module
  File "<frozen importlib._bootstrap>", line 488, in _call_with_frames_removed
  File "/opt/airflow/dags/customer_metrics.py", line 3, in <module>
    from cosmos.airflow.task_group import DbtTaskGroup
ModuleNotFoundError: No module named 'cosmos'
[2025-09-03T16:55:38.726+0000] {processor.py:927} WARNING - No viable dags retrieved from /opt/airflow/dags/customer_metrics.py
[2025-09-03T16:55:38.751+0000] {processor.py:208} INFO - Processing /opt/airflow/dags/customer_metrics.py took 0.038 seconds
[2025-09-03T16:56:09.071+0000] {processor.py:186} INFO - Started process (PID=558) to work on /opt/airflow/dags/customer_metrics.py
[2025-09-03T16:56:09.073+0000] {processor.py:914} INFO - Processing file /opt/airflow/dags/customer_metrics.py for tasks to queue
[2025-09-03T16:56:09.077+0000] {logging_mixin.py:190} INFO - [2025-09-03T16:56:09.076+0000] {dagbag.py:588} INFO - Filling up the DagBag from /opt/airflow/dags/customer_metrics.py
[2025-09-03T16:56:09.083+0000] {logging_mixin.py:190} INFO - [2025-09-03T16:56:09.081+0000] {dagbag.py:387} ERROR - Failed to import: /opt/airflow/dags/customer_metrics.py
Traceback (most recent call last):
  File "/home/airflow/.local/lib/python3.12/site-packages/airflow/models/dagbag.py", line 383, in parse
    loader.exec_module(new_module)
  File "<frozen importlib._bootstrap_external>", line 999, in exec_module
  File "<frozen importlib._bootstrap>", line 488, in _call_with_frames_removed
  File "/opt/airflow/dags/customer_metrics.py", line 3, in <module>
    from cosmos.airflow.task_group import DbtTaskGroup
ModuleNotFoundError: No module named 'cosmos'
[2025-09-03T16:56:09.084+0000] {processor.py:927} WARNING - No viable dags retrieved from /opt/airflow/dags/customer_metrics.py
[2025-09-03T16:56:09.111+0000] {processor.py:208} INFO - Processing /opt/airflow/dags/customer_metrics.py took 0.047 seconds
[2025-09-03T16:56:39.408+0000] {processor.py:186} INFO - Started process (PID=574) to work on /opt/airflow/dags/customer_metrics.py
[2025-09-03T16:56:39.409+0000] {processor.py:914} INFO - Processing file /opt/airflow/dags/customer_metrics.py for tasks to queue
[2025-09-03T16:56:39.412+0000] {logging_mixin.py:190} INFO - [2025-09-03T16:56:39.412+0000] {dagbag.py:588} INFO - Filling up the DagBag from /opt/airflow/dags/customer_metrics.py
[2025-09-03T16:56:39.417+0000] {logging_mixin.py:190} INFO - [2025-09-03T16:56:39.416+0000] {dagbag.py:387} ERROR - Failed to import: /opt/airflow/dags/customer_metrics.py
Traceback (most recent call last):
  File "/home/airflow/.local/lib/python3.12/site-packages/airflow/models/dagbag.py", line 383, in parse
    loader.exec_module(new_module)
  File "<frozen importlib._bootstrap_external>", line 999, in exec_module
  File "<frozen importlib._bootstrap>", line 488, in _call_with_frames_removed
  File "/opt/airflow/dags/customer_metrics.py", line 3, in <module>
    from cosmos.airflow.task_group import DbtTaskGroup
ModuleNotFoundError: No module named 'cosmos'
[2025-09-03T16:56:39.417+0000] {processor.py:927} WARNING - No viable dags retrieved from /opt/airflow/dags/customer_metrics.py
[2025-09-03T16:56:39.442+0000] {processor.py:208} INFO - Processing /opt/airflow/dags/customer_metrics.py took 0.041 seconds
[2025-09-03T16:57:09.711+0000] {processor.py:186} INFO - Started process (PID=590) to work on /opt/airflow/dags/customer_metrics.py
[2025-09-03T16:57:09.712+0000] {processor.py:914} INFO - Processing file /opt/airflow/dags/customer_metrics.py for tasks to queue
[2025-09-03T16:57:09.715+0000] {logging_mixin.py:190} INFO - [2025-09-03T16:57:09.714+0000] {dagbag.py:588} INFO - Filling up the DagBag from /opt/airflow/dags/customer_metrics.py
[2025-09-03T16:57:09.719+0000] {logging_mixin.py:190} INFO - [2025-09-03T16:57:09.718+0000] {dagbag.py:387} ERROR - Failed to import: /opt/airflow/dags/customer_metrics.py
Traceback (most recent call last):
  File "/home/airflow/.local/lib/python3.12/site-packages/airflow/models/dagbag.py", line 383, in parse
    loader.exec_module(new_module)
  File "<frozen importlib._bootstrap_external>", line 999, in exec_module
  File "<frozen importlib._bootstrap>", line 488, in _call_with_frames_removed
  File "/opt/airflow/dags/customer_metrics.py", line 3, in <module>
    from cosmos.airflow.task_group import DbtTaskGroup
ModuleNotFoundError: No module named 'cosmos'
[2025-09-03T16:57:09.720+0000] {processor.py:927} WARNING - No viable dags retrieved from /opt/airflow/dags/customer_metrics.py
[2025-09-03T16:57:09.743+0000] {processor.py:208} INFO - Processing /opt/airflow/dags/customer_metrics.py took 0.038 seconds
[2025-09-03T16:57:40.023+0000] {processor.py:186} INFO - Started process (PID=606) to work on /opt/airflow/dags/customer_metrics.py
[2025-09-03T16:57:40.025+0000] {processor.py:914} INFO - Processing file /opt/airflow/dags/customer_metrics.py for tasks to queue
[2025-09-03T16:57:40.029+0000] {logging_mixin.py:190} INFO - [2025-09-03T16:57:40.029+0000] {dagbag.py:588} INFO - Filling up the DagBag from /opt/airflow/dags/customer_metrics.py
[2025-09-03T16:57:40.033+0000] {logging_mixin.py:190} INFO - [2025-09-03T16:57:40.032+0000] {dagbag.py:387} ERROR - Failed to import: /opt/airflow/dags/customer_metrics.py
Traceback (most recent call last):
  File "/home/airflow/.local/lib/python3.12/site-packages/airflow/models/dagbag.py", line 383, in parse
    loader.exec_module(new_module)
  File "<frozen importlib._bootstrap_external>", line 999, in exec_module
  File "<frozen importlib._bootstrap>", line 488, in _call_with_frames_removed
  File "/opt/airflow/dags/customer_metrics.py", line 3, in <module>
    from cosmos.airflow.task_group import DbtTaskGroup
ModuleNotFoundError: No module named 'cosmos'
[2025-09-03T16:57:40.033+0000] {processor.py:927} WARNING - No viable dags retrieved from /opt/airflow/dags/customer_metrics.py
[2025-09-03T16:57:40.060+0000] {processor.py:208} INFO - Processing /opt/airflow/dags/customer_metrics.py took 0.043 seconds
[2025-09-03T16:58:10.330+0000] {processor.py:186} INFO - Started process (PID=622) to work on /opt/airflow/dags/customer_metrics.py
[2025-09-03T16:58:10.331+0000] {processor.py:914} INFO - Processing file /opt/airflow/dags/customer_metrics.py for tasks to queue
[2025-09-03T16:58:10.333+0000] {logging_mixin.py:190} INFO - [2025-09-03T16:58:10.333+0000] {dagbag.py:588} INFO - Filling up the DagBag from /opt/airflow/dags/customer_metrics.py
[2025-09-03T16:58:10.337+0000] {logging_mixin.py:190} INFO - [2025-09-03T16:58:10.336+0000] {dagbag.py:387} ERROR - Failed to import: /opt/airflow/dags/customer_metrics.py
Traceback (most recent call last):
  File "/home/airflow/.local/lib/python3.12/site-packages/airflow/models/dagbag.py", line 383, in parse
    loader.exec_module(new_module)
  File "<frozen importlib._bootstrap_external>", line 999, in exec_module
  File "<frozen importlib._bootstrap>", line 488, in _call_with_frames_removed
  File "/opt/airflow/dags/customer_metrics.py", line 3, in <module>
    from cosmos.airflow.task_group import DbtTaskGroup
ModuleNotFoundError: No module named 'cosmos'
[2025-09-03T16:58:10.337+0000] {processor.py:927} WARNING - No viable dags retrieved from /opt/airflow/dags/customer_metrics.py
[2025-09-03T16:58:10.369+0000] {processor.py:208} INFO - Processing /opt/airflow/dags/customer_metrics.py took 0.048 seconds
[2025-09-03T16:58:40.645+0000] {processor.py:186} INFO - Started process (PID=638) to work on /opt/airflow/dags/customer_metrics.py
[2025-09-03T16:58:40.646+0000] {processor.py:914} INFO - Processing file /opt/airflow/dags/customer_metrics.py for tasks to queue
[2025-09-03T16:58:40.648+0000] {logging_mixin.py:190} INFO - [2025-09-03T16:58:40.648+0000] {dagbag.py:588} INFO - Filling up the DagBag from /opt/airflow/dags/customer_metrics.py
[2025-09-03T16:58:40.652+0000] {logging_mixin.py:190} INFO - [2025-09-03T16:58:40.651+0000] {dagbag.py:387} ERROR - Failed to import: /opt/airflow/dags/customer_metrics.py
Traceback (most recent call last):
  File "/home/airflow/.local/lib/python3.12/site-packages/airflow/models/dagbag.py", line 383, in parse
    loader.exec_module(new_module)
  File "<frozen importlib._bootstrap_external>", line 999, in exec_module
  File "<frozen importlib._bootstrap>", line 488, in _call_with_frames_removed
  File "/opt/airflow/dags/customer_metrics.py", line 3, in <module>
    from cosmos.airflow.task_group import DbtTaskGroup
ModuleNotFoundError: No module named 'cosmos'
[2025-09-03T16:58:40.652+0000] {processor.py:927} WARNING - No viable dags retrieved from /opt/airflow/dags/customer_metrics.py
[2025-09-03T16:58:40.677+0000] {processor.py:208} INFO - Processing /opt/airflow/dags/customer_metrics.py took 0.037 seconds
[2025-09-03T16:59:10.985+0000] {processor.py:186} INFO - Started process (PID=654) to work on /opt/airflow/dags/customer_metrics.py
[2025-09-03T16:59:10.987+0000] {processor.py:914} INFO - Processing file /opt/airflow/dags/customer_metrics.py for tasks to queue
[2025-09-03T16:59:10.991+0000] {logging_mixin.py:190} INFO - [2025-09-03T16:59:10.990+0000] {dagbag.py:588} INFO - Filling up the DagBag from /opt/airflow/dags/customer_metrics.py
[2025-09-03T16:59:10.996+0000] {logging_mixin.py:190} INFO - [2025-09-03T16:59:10.994+0000] {dagbag.py:387} ERROR - Failed to import: /opt/airflow/dags/customer_metrics.py
Traceback (most recent call last):
  File "/home/airflow/.local/lib/python3.12/site-packages/airflow/models/dagbag.py", line 383, in parse
    loader.exec_module(new_module)
  File "<frozen importlib._bootstrap_external>", line 999, in exec_module
  File "<frozen importlib._bootstrap>", line 488, in _call_with_frames_removed
  File "/opt/airflow/dags/customer_metrics.py", line 3, in <module>
    from cosmos.airflow.task_group import DbtTaskGroup
ModuleNotFoundError: No module named 'cosmos'
[2025-09-03T16:59:10.996+0000] {processor.py:927} WARNING - No viable dags retrieved from /opt/airflow/dags/customer_metrics.py
[2025-09-03T16:59:11.020+0000] {processor.py:208} INFO - Processing /opt/airflow/dags/customer_metrics.py took 0.041 seconds
[2025-09-03T16:59:41.316+0000] {processor.py:186} INFO - Started process (PID=670) to work on /opt/airflow/dags/customer_metrics.py
[2025-09-03T16:59:41.317+0000] {processor.py:914} INFO - Processing file /opt/airflow/dags/customer_metrics.py for tasks to queue
[2025-09-03T16:59:41.320+0000] {logging_mixin.py:190} INFO - [2025-09-03T16:59:41.319+0000] {dagbag.py:588} INFO - Filling up the DagBag from /opt/airflow/dags/customer_metrics.py
[2025-09-03T16:59:41.325+0000] {logging_mixin.py:190} INFO - [2025-09-03T16:59:41.324+0000] {dagbag.py:387} ERROR - Failed to import: /opt/airflow/dags/customer_metrics.py
Traceback (most recent call last):
  File "/home/airflow/.local/lib/python3.12/site-packages/airflow/models/dagbag.py", line 383, in parse
    loader.exec_module(new_module)
  File "<frozen importlib._bootstrap_external>", line 999, in exec_module
  File "<frozen importlib._bootstrap>", line 488, in _call_with_frames_removed
  File "/opt/airflow/dags/customer_metrics.py", line 3, in <module>
    from cosmos.airflow.task_group import DbtTaskGroup
ModuleNotFoundError: No module named 'cosmos'
[2025-09-03T16:59:41.325+0000] {processor.py:927} WARNING - No viable dags retrieved from /opt/airflow/dags/customer_metrics.py
[2025-09-03T16:59:41.354+0000] {processor.py:208} INFO - Processing /opt/airflow/dags/customer_metrics.py took 0.042 seconds
[2025-09-03T17:00:11.643+0000] {processor.py:186} INFO - Started process (PID=685) to work on /opt/airflow/dags/customer_metrics.py
[2025-09-03T17:00:11.644+0000] {processor.py:914} INFO - Processing file /opt/airflow/dags/customer_metrics.py for tasks to queue
[2025-09-03T17:00:11.648+0000] {logging_mixin.py:190} INFO - [2025-09-03T17:00:11.647+0000] {dagbag.py:588} INFO - Filling up the DagBag from /opt/airflow/dags/customer_metrics.py
[2025-09-03T17:00:11.656+0000] {logging_mixin.py:190} INFO - [2025-09-03T17:00:11.655+0000] {dagbag.py:387} ERROR - Failed to import: /opt/airflow/dags/customer_metrics.py
Traceback (most recent call last):
  File "/home/airflow/.local/lib/python3.12/site-packages/airflow/models/dagbag.py", line 383, in parse
    loader.exec_module(new_module)
  File "<frozen importlib._bootstrap_external>", line 999, in exec_module
  File "<frozen importlib._bootstrap>", line 488, in _call_with_frames_removed
  File "/opt/airflow/dags/customer_metrics.py", line 3, in <module>
    from cosmos.airflow.task_group import DbtTaskGroup
ModuleNotFoundError: No module named 'cosmos'
[2025-09-03T17:00:11.657+0000] {processor.py:927} WARNING - No viable dags retrieved from /opt/airflow/dags/customer_metrics.py
[2025-09-03T17:00:11.683+0000] {processor.py:208} INFO - Processing /opt/airflow/dags/customer_metrics.py took 0.044 seconds
[2025-09-03T17:00:41.960+0000] {processor.py:186} INFO - Started process (PID=701) to work on /opt/airflow/dags/customer_metrics.py
[2025-09-03T17:00:41.961+0000] {processor.py:914} INFO - Processing file /opt/airflow/dags/customer_metrics.py for tasks to queue
[2025-09-03T17:00:41.967+0000] {logging_mixin.py:190} INFO - [2025-09-03T17:00:41.966+0000] {dagbag.py:588} INFO - Filling up the DagBag from /opt/airflow/dags/customer_metrics.py
[2025-09-03T17:00:41.988+0000] {logging_mixin.py:190} INFO - [2025-09-03T17:00:41.984+0000] {dagbag.py:387} ERROR - Failed to import: /opt/airflow/dags/customer_metrics.py
Traceback (most recent call last):
  File "/home/airflow/.local/lib/python3.12/site-packages/airflow/models/dagbag.py", line 383, in parse
    loader.exec_module(new_module)
  File "<frozen importlib._bootstrap_external>", line 999, in exec_module
  File "<frozen importlib._bootstrap>", line 488, in _call_with_frames_removed
  File "/opt/airflow/dags/customer_metrics.py", line 3, in <module>
    from cosmos.airflow.task_group import DbtTaskGroup
ModuleNotFoundError: No module named 'cosmos'
[2025-09-03T17:00:41.990+0000] {processor.py:927} WARNING - No viable dags retrieved from /opt/airflow/dags/customer_metrics.py
[2025-09-03T17:00:42.020+0000] {processor.py:208} INFO - Processing /opt/airflow/dags/customer_metrics.py took 0.066 seconds
[2025-09-03T17:01:12.318+0000] {processor.py:186} INFO - Started process (PID=717) to work on /opt/airflow/dags/customer_metrics.py
[2025-09-03T17:01:12.319+0000] {processor.py:914} INFO - Processing file /opt/airflow/dags/customer_metrics.py for tasks to queue
[2025-09-03T17:01:12.320+0000] {logging_mixin.py:190} INFO - [2025-09-03T17:01:12.320+0000] {dagbag.py:588} INFO - Filling up the DagBag from /opt/airflow/dags/customer_metrics.py
[2025-09-03T17:01:12.324+0000] {logging_mixin.py:190} INFO - [2025-09-03T17:01:12.323+0000] {dagbag.py:387} ERROR - Failed to import: /opt/airflow/dags/customer_metrics.py
Traceback (most recent call last):
  File "/home/airflow/.local/lib/python3.12/site-packages/airflow/models/dagbag.py", line 383, in parse
    loader.exec_module(new_module)
  File "<frozen importlib._bootstrap_external>", line 999, in exec_module
  File "<frozen importlib._bootstrap>", line 488, in _call_with_frames_removed
  File "/opt/airflow/dags/customer_metrics.py", line 3, in <module>
    from cosmos.airflow.task_group import DbtTaskGroup
ModuleNotFoundError: No module named 'cosmos'
[2025-09-03T17:01:12.324+0000] {processor.py:927} WARNING - No viable dags retrieved from /opt/airflow/dags/customer_metrics.py
[2025-09-03T17:01:12.344+0000] {processor.py:208} INFO - Processing /opt/airflow/dags/customer_metrics.py took 0.033 seconds
[2025-09-03T17:01:42.654+0000] {processor.py:186} INFO - Started process (PID=733) to work on /opt/airflow/dags/customer_metrics.py
[2025-09-03T17:01:42.655+0000] {processor.py:914} INFO - Processing file /opt/airflow/dags/customer_metrics.py for tasks to queue
[2025-09-03T17:01:42.658+0000] {logging_mixin.py:190} INFO - [2025-09-03T17:01:42.657+0000] {dagbag.py:588} INFO - Filling up the DagBag from /opt/airflow/dags/customer_metrics.py
[2025-09-03T17:01:42.663+0000] {logging_mixin.py:190} INFO - [2025-09-03T17:01:42.662+0000] {dagbag.py:387} ERROR - Failed to import: /opt/airflow/dags/customer_metrics.py
Traceback (most recent call last):
  File "/home/airflow/.local/lib/python3.12/site-packages/airflow/models/dagbag.py", line 383, in parse
    loader.exec_module(new_module)
  File "<frozen importlib._bootstrap_external>", line 999, in exec_module
  File "<frozen importlib._bootstrap>", line 488, in _call_with_frames_removed
  File "/opt/airflow/dags/customer_metrics.py", line 3, in <module>
    from cosmos.airflow.task_group import DbtTaskGroup
ModuleNotFoundError: No module named 'cosmos'
[2025-09-03T17:01:42.664+0000] {processor.py:927} WARNING - No viable dags retrieved from /opt/airflow/dags/customer_metrics.py
[2025-09-03T17:01:42.691+0000] {processor.py:208} INFO - Processing /opt/airflow/dags/customer_metrics.py took 0.044 seconds
[2025-09-03T17:02:13.011+0000] {processor.py:186} INFO - Started process (PID=749) to work on /opt/airflow/dags/customer_metrics.py
[2025-09-03T17:02:13.012+0000] {processor.py:914} INFO - Processing file /opt/airflow/dags/customer_metrics.py for tasks to queue
[2025-09-03T17:02:13.018+0000] {logging_mixin.py:190} INFO - [2025-09-03T17:02:13.018+0000] {dagbag.py:588} INFO - Filling up the DagBag from /opt/airflow/dags/customer_metrics.py
[2025-09-03T17:02:13.023+0000] {logging_mixin.py:190} INFO - [2025-09-03T17:02:13.022+0000] {dagbag.py:387} ERROR - Failed to import: /opt/airflow/dags/customer_metrics.py
Traceback (most recent call last):
  File "/home/airflow/.local/lib/python3.12/site-packages/airflow/models/dagbag.py", line 383, in parse
    loader.exec_module(new_module)
  File "<frozen importlib._bootstrap_external>", line 999, in exec_module
  File "<frozen importlib._bootstrap>", line 488, in _call_with_frames_removed
  File "/opt/airflow/dags/customer_metrics.py", line 3, in <module>
    from cosmos.airflow.task_group import DbtTaskGroup
ModuleNotFoundError: No module named 'cosmos'
[2025-09-03T17:02:13.024+0000] {processor.py:927} WARNING - No viable dags retrieved from /opt/airflow/dags/customer_metrics.py
[2025-09-03T17:02:13.050+0000] {processor.py:208} INFO - Processing /opt/airflow/dags/customer_metrics.py took 0.045 seconds
[2025-09-03T17:02:43.324+0000] {processor.py:186} INFO - Started process (PID=765) to work on /opt/airflow/dags/customer_metrics.py
[2025-09-03T17:02:43.325+0000] {processor.py:914} INFO - Processing file /opt/airflow/dags/customer_metrics.py for tasks to queue
[2025-09-03T17:02:43.327+0000] {logging_mixin.py:190} INFO - [2025-09-03T17:02:43.327+0000] {dagbag.py:588} INFO - Filling up the DagBag from /opt/airflow/dags/customer_metrics.py
[2025-09-03T17:02:43.332+0000] {logging_mixin.py:190} INFO - [2025-09-03T17:02:43.331+0000] {dagbag.py:387} ERROR - Failed to import: /opt/airflow/dags/customer_metrics.py
Traceback (most recent call last):
  File "/home/airflow/.local/lib/python3.12/site-packages/airflow/models/dagbag.py", line 383, in parse
    loader.exec_module(new_module)
  File "<frozen importlib._bootstrap_external>", line 999, in exec_module
  File "<frozen importlib._bootstrap>", line 488, in _call_with_frames_removed
  File "/opt/airflow/dags/customer_metrics.py", line 3, in <module>
    from cosmos.airflow.task_group import DbtTaskGroup
ModuleNotFoundError: No module named 'cosmos'
[2025-09-03T17:02:43.332+0000] {processor.py:927} WARNING - No viable dags retrieved from /opt/airflow/dags/customer_metrics.py
[2025-09-03T17:02:43.353+0000] {processor.py:208} INFO - Processing /opt/airflow/dags/customer_metrics.py took 0.034 seconds
[2025-09-03T17:03:13.619+0000] {processor.py:186} INFO - Started process (PID=781) to work on /opt/airflow/dags/customer_metrics.py
[2025-09-03T17:03:13.620+0000] {processor.py:914} INFO - Processing file /opt/airflow/dags/customer_metrics.py for tasks to queue
[2025-09-03T17:03:13.622+0000] {logging_mixin.py:190} INFO - [2025-09-03T17:03:13.622+0000] {dagbag.py:588} INFO - Filling up the DagBag from /opt/airflow/dags/customer_metrics.py
[2025-09-03T17:03:13.627+0000] {logging_mixin.py:190} INFO - [2025-09-03T17:03:13.625+0000] {dagbag.py:387} ERROR - Failed to import: /opt/airflow/dags/customer_metrics.py
Traceback (most recent call last):
  File "/home/airflow/.local/lib/python3.12/site-packages/airflow/models/dagbag.py", line 383, in parse
    loader.exec_module(new_module)
  File "<frozen importlib._bootstrap_external>", line 999, in exec_module
  File "<frozen importlib._bootstrap>", line 488, in _call_with_frames_removed
  File "/opt/airflow/dags/customer_metrics.py", line 3, in <module>
    from cosmos.airflow.task_group import DbtTaskGroup
ModuleNotFoundError: No module named 'cosmos'
[2025-09-03T17:03:13.629+0000] {processor.py:927} WARNING - No viable dags retrieved from /opt/airflow/dags/customer_metrics.py
[2025-09-03T17:03:13.667+0000] {processor.py:208} INFO - Processing /opt/airflow/dags/customer_metrics.py took 0.054 seconds
[2025-09-03T17:03:43.904+0000] {processor.py:186} INFO - Started process (PID=797) to work on /opt/airflow/dags/customer_metrics.py
[2025-09-03T17:03:43.905+0000] {processor.py:914} INFO - Processing file /opt/airflow/dags/customer_metrics.py for tasks to queue
[2025-09-03T17:03:43.909+0000] {logging_mixin.py:190} INFO - [2025-09-03T17:03:43.909+0000] {dagbag.py:588} INFO - Filling up the DagBag from /opt/airflow/dags/customer_metrics.py
[2025-09-03T17:03:43.914+0000] {logging_mixin.py:190} INFO - [2025-09-03T17:03:43.912+0000] {dagbag.py:387} ERROR - Failed to import: /opt/airflow/dags/customer_metrics.py
Traceback (most recent call last):
  File "/home/airflow/.local/lib/python3.12/site-packages/airflow/models/dagbag.py", line 383, in parse
    loader.exec_module(new_module)
  File "<frozen importlib._bootstrap_external>", line 999, in exec_module
  File "<frozen importlib._bootstrap>", line 488, in _call_with_frames_removed
  File "/opt/airflow/dags/customer_metrics.py", line 3, in <module>
    from cosmos.airflow.task_group import DbtTaskGroup
ModuleNotFoundError: No module named 'cosmos'
[2025-09-03T17:03:43.914+0000] {processor.py:927} WARNING - No viable dags retrieved from /opt/airflow/dags/customer_metrics.py
[2025-09-03T17:03:43.943+0000] {processor.py:208} INFO - Processing /opt/airflow/dags/customer_metrics.py took 0.050 seconds
[2025-09-03T17:04:14.201+0000] {processor.py:186} INFO - Started process (PID=813) to work on /opt/airflow/dags/customer_metrics.py
[2025-09-03T17:04:14.202+0000] {processor.py:914} INFO - Processing file /opt/airflow/dags/customer_metrics.py for tasks to queue
[2025-09-03T17:04:14.206+0000] {logging_mixin.py:190} INFO - [2025-09-03T17:04:14.205+0000] {dagbag.py:588} INFO - Filling up the DagBag from /opt/airflow/dags/customer_metrics.py
[2025-09-03T17:04:14.211+0000] {logging_mixin.py:190} INFO - [2025-09-03T17:04:14.210+0000] {dagbag.py:387} ERROR - Failed to import: /opt/airflow/dags/customer_metrics.py
Traceback (most recent call last):
  File "/home/airflow/.local/lib/python3.12/site-packages/airflow/models/dagbag.py", line 383, in parse
    loader.exec_module(new_module)
  File "<frozen importlib._bootstrap_external>", line 999, in exec_module
  File "<frozen importlib._bootstrap>", line 488, in _call_with_frames_removed
  File "/opt/airflow/dags/customer_metrics.py", line 3, in <module>
    from cosmos.airflow.task_group import DbtTaskGroup
ModuleNotFoundError: No module named 'cosmos'
[2025-09-03T17:04:14.212+0000] {processor.py:927} WARNING - No viable dags retrieved from /opt/airflow/dags/customer_metrics.py
[2025-09-03T17:04:14.241+0000] {processor.py:208} INFO - Processing /opt/airflow/dags/customer_metrics.py took 0.047 seconds
[2025-09-03T17:04:44.502+0000] {processor.py:186} INFO - Started process (PID=829) to work on /opt/airflow/dags/customer_metrics.py
[2025-09-03T17:04:44.503+0000] {processor.py:914} INFO - Processing file /opt/airflow/dags/customer_metrics.py for tasks to queue
[2025-09-03T17:04:44.507+0000] {logging_mixin.py:190} INFO - [2025-09-03T17:04:44.507+0000] {dagbag.py:588} INFO - Filling up the DagBag from /opt/airflow/dags/customer_metrics.py
[2025-09-03T17:04:44.513+0000] {logging_mixin.py:190} INFO - [2025-09-03T17:04:44.511+0000] {dagbag.py:387} ERROR - Failed to import: /opt/airflow/dags/customer_metrics.py
Traceback (most recent call last):
  File "/home/airflow/.local/lib/python3.12/site-packages/airflow/models/dagbag.py", line 383, in parse
    loader.exec_module(new_module)
  File "<frozen importlib._bootstrap_external>", line 999, in exec_module
  File "<frozen importlib._bootstrap>", line 488, in _call_with_frames_removed
  File "/opt/airflow/dags/customer_metrics.py", line 3, in <module>
    from cosmos.airflow.task_group import DbtTaskGroup
ModuleNotFoundError: No module named 'cosmos'
[2025-09-03T17:04:44.514+0000] {processor.py:927} WARNING - No viable dags retrieved from /opt/airflow/dags/customer_metrics.py
[2025-09-03T17:04:44.534+0000] {processor.py:208} INFO - Processing /opt/airflow/dags/customer_metrics.py took 0.039 seconds
[2025-09-03T17:05:14.821+0000] {processor.py:186} INFO - Started process (PID=845) to work on /opt/airflow/dags/customer_metrics.py
[2025-09-03T17:05:14.822+0000] {processor.py:914} INFO - Processing file /opt/airflow/dags/customer_metrics.py for tasks to queue
[2025-09-03T17:05:14.825+0000] {logging_mixin.py:190} INFO - [2025-09-03T17:05:14.824+0000] {dagbag.py:588} INFO - Filling up the DagBag from /opt/airflow/dags/customer_metrics.py
[2025-09-03T17:05:14.829+0000] {logging_mixin.py:190} INFO - [2025-09-03T17:05:14.828+0000] {dagbag.py:387} ERROR - Failed to import: /opt/airflow/dags/customer_metrics.py
Traceback (most recent call last):
  File "/home/airflow/.local/lib/python3.12/site-packages/airflow/models/dagbag.py", line 383, in parse
    loader.exec_module(new_module)
  File "<frozen importlib._bootstrap_external>", line 999, in exec_module
  File "<frozen importlib._bootstrap>", line 488, in _call_with_frames_removed
  File "/opt/airflow/dags/customer_metrics.py", line 3, in <module>
    from cosmos.airflow.task_group import DbtTaskGroup
ModuleNotFoundError: No module named 'cosmos'
[2025-09-03T17:05:14.830+0000] {processor.py:927} WARNING - No viable dags retrieved from /opt/airflow/dags/customer_metrics.py
[2025-09-03T17:05:14.855+0000] {processor.py:208} INFO - Processing /opt/airflow/dags/customer_metrics.py took 0.039 seconds
[2025-09-03T17:05:45.085+0000] {processor.py:186} INFO - Started process (PID=859) to work on /opt/airflow/dags/customer_metrics.py
[2025-09-03T17:05:45.087+0000] {processor.py:914} INFO - Processing file /opt/airflow/dags/customer_metrics.py for tasks to queue
[2025-09-03T17:05:45.090+0000] {logging_mixin.py:190} INFO - [2025-09-03T17:05:45.090+0000] {dagbag.py:588} INFO - Filling up the DagBag from /opt/airflow/dags/customer_metrics.py
[2025-09-03T17:05:45.100+0000] {logging_mixin.py:190} INFO - [2025-09-03T17:05:45.098+0000] {dagbag.py:387} ERROR - Failed to import: /opt/airflow/dags/customer_metrics.py
Traceback (most recent call last):
  File "/home/airflow/.local/lib/python3.12/site-packages/airflow/models/dagbag.py", line 383, in parse
    loader.exec_module(new_module)
  File "<frozen importlib._bootstrap_external>", line 999, in exec_module
  File "<frozen importlib._bootstrap>", line 488, in _call_with_frames_removed
  File "/opt/airflow/dags/customer_metrics.py", line 3, in <module>
    from cosmos.airflow.task_group import DbtTaskGroup
ModuleNotFoundError: No module named 'cosmos'
[2025-09-03T17:05:45.100+0000] {processor.py:927} WARNING - No viable dags retrieved from /opt/airflow/dags/customer_metrics.py
[2025-09-03T17:05:45.132+0000] {processor.py:208} INFO - Processing /opt/airflow/dags/customer_metrics.py took 0.053 seconds
[2025-09-03T17:06:15.456+0000] {processor.py:186} INFO - Started process (PID=872) to work on /opt/airflow/dags/customer_metrics.py
[2025-09-03T17:06:15.457+0000] {processor.py:914} INFO - Processing file /opt/airflow/dags/customer_metrics.py for tasks to queue
[2025-09-03T17:06:15.462+0000] {logging_mixin.py:190} INFO - [2025-09-03T17:06:15.461+0000] {dagbag.py:588} INFO - Filling up the DagBag from /opt/airflow/dags/customer_metrics.py
[2025-09-03T17:06:15.468+0000] {logging_mixin.py:190} INFO - [2025-09-03T17:06:15.466+0000] {dagbag.py:387} ERROR - Failed to import: /opt/airflow/dags/customer_metrics.py
Traceback (most recent call last):
  File "/home/airflow/.local/lib/python3.12/site-packages/airflow/models/dagbag.py", line 383, in parse
    loader.exec_module(new_module)
  File "<frozen importlib._bootstrap_external>", line 999, in exec_module
  File "<frozen importlib._bootstrap>", line 488, in _call_with_frames_removed
  File "/opt/airflow/dags/customer_metrics.py", line 3, in <module>
    from cosmos.airflow.task_group import DbtTaskGroup
ModuleNotFoundError: No module named 'cosmos'
[2025-09-03T17:06:15.469+0000] {processor.py:927} WARNING - No viable dags retrieved from /opt/airflow/dags/customer_metrics.py
[2025-09-03T17:06:15.489+0000] {processor.py:208} INFO - Processing /opt/airflow/dags/customer_metrics.py took 0.039 seconds
[2025-09-03T17:06:45.801+0000] {processor.py:186} INFO - Started process (PID=888) to work on /opt/airflow/dags/customer_metrics.py
[2025-09-03T17:06:45.802+0000] {processor.py:914} INFO - Processing file /opt/airflow/dags/customer_metrics.py for tasks to queue
[2025-09-03T17:06:45.805+0000] {logging_mixin.py:190} INFO - [2025-09-03T17:06:45.804+0000] {dagbag.py:588} INFO - Filling up the DagBag from /opt/airflow/dags/customer_metrics.py
[2025-09-03T17:06:45.808+0000] {logging_mixin.py:190} INFO - [2025-09-03T17:06:45.807+0000] {dagbag.py:387} ERROR - Failed to import: /opt/airflow/dags/customer_metrics.py
Traceback (most recent call last):
  File "/home/airflow/.local/lib/python3.12/site-packages/airflow/models/dagbag.py", line 383, in parse
    loader.exec_module(new_module)
  File "<frozen importlib._bootstrap_external>", line 999, in exec_module
  File "<frozen importlib._bootstrap>", line 488, in _call_with_frames_removed
  File "/opt/airflow/dags/customer_metrics.py", line 3, in <module>
    from cosmos.airflow.task_group import DbtTaskGroup
ModuleNotFoundError: No module named 'cosmos'
[2025-09-03T17:06:45.808+0000] {processor.py:927} WARNING - No viable dags retrieved from /opt/airflow/dags/customer_metrics.py
[2025-09-03T17:06:45.831+0000] {processor.py:208} INFO - Processing /opt/airflow/dags/customer_metrics.py took 0.036 seconds
[2025-09-03T17:07:16.161+0000] {processor.py:186} INFO - Started process (PID=904) to work on /opt/airflow/dags/customer_metrics.py
[2025-09-03T17:07:16.163+0000] {processor.py:914} INFO - Processing file /opt/airflow/dags/customer_metrics.py for tasks to queue
[2025-09-03T17:07:16.167+0000] {logging_mixin.py:190} INFO - [2025-09-03T17:07:16.166+0000] {dagbag.py:588} INFO - Filling up the DagBag from /opt/airflow/dags/customer_metrics.py
[2025-09-03T17:07:16.175+0000] {logging_mixin.py:190} INFO - [2025-09-03T17:07:16.174+0000] {dagbag.py:387} ERROR - Failed to import: /opt/airflow/dags/customer_metrics.py
Traceback (most recent call last):
  File "/home/airflow/.local/lib/python3.12/site-packages/airflow/models/dagbag.py", line 383, in parse
    loader.exec_module(new_module)
  File "<frozen importlib._bootstrap_external>", line 999, in exec_module
  File "<frozen importlib._bootstrap>", line 488, in _call_with_frames_removed
  File "/opt/airflow/dags/customer_metrics.py", line 3, in <module>
    from cosmos.airflow.task_group import DbtTaskGroup
ModuleNotFoundError: No module named 'cosmos'
[2025-09-03T17:07:16.176+0000] {processor.py:927} WARNING - No viable dags retrieved from /opt/airflow/dags/customer_metrics.py
[2025-09-03T17:07:16.211+0000] {processor.py:208} INFO - Processing /opt/airflow/dags/customer_metrics.py took 0.058 seconds
[2025-09-03T17:07:46.554+0000] {processor.py:186} INFO - Started process (PID=920) to work on /opt/airflow/dags/customer_metrics.py
[2025-09-03T17:07:46.555+0000] {processor.py:914} INFO - Processing file /opt/airflow/dags/customer_metrics.py for tasks to queue
[2025-09-03T17:07:46.558+0000] {logging_mixin.py:190} INFO - [2025-09-03T17:07:46.558+0000] {dagbag.py:588} INFO - Filling up the DagBag from /opt/airflow/dags/customer_metrics.py
[2025-09-03T17:07:46.566+0000] {logging_mixin.py:190} INFO - [2025-09-03T17:07:46.564+0000] {dagbag.py:387} ERROR - Failed to import: /opt/airflow/dags/customer_metrics.py
Traceback (most recent call last):
  File "/home/airflow/.local/lib/python3.12/site-packages/airflow/models/dagbag.py", line 383, in parse
    loader.exec_module(new_module)
  File "<frozen importlib._bootstrap_external>", line 999, in exec_module
  File "<frozen importlib._bootstrap>", line 488, in _call_with_frames_removed
  File "/opt/airflow/dags/customer_metrics.py", line 3, in <module>
    from cosmos.airflow.task_group import DbtTaskGroup
ModuleNotFoundError: No module named 'cosmos'
[2025-09-03T17:07:46.568+0000] {processor.py:927} WARNING - No viable dags retrieved from /opt/airflow/dags/customer_metrics.py
[2025-09-03T17:07:46.597+0000] {processor.py:208} INFO - Processing /opt/airflow/dags/customer_metrics.py took 0.051 seconds
[2025-09-03T17:08:16.938+0000] {processor.py:186} INFO - Started process (PID=936) to work on /opt/airflow/dags/customer_metrics.py
[2025-09-03T17:08:16.939+0000] {processor.py:914} INFO - Processing file /opt/airflow/dags/customer_metrics.py for tasks to queue
[2025-09-03T17:08:16.943+0000] {logging_mixin.py:190} INFO - [2025-09-03T17:08:16.943+0000] {dagbag.py:588} INFO - Filling up the DagBag from /opt/airflow/dags/customer_metrics.py
[2025-09-03T17:08:16.949+0000] {logging_mixin.py:190} INFO - [2025-09-03T17:08:16.947+0000] {dagbag.py:387} ERROR - Failed to import: /opt/airflow/dags/customer_metrics.py
Traceback (most recent call last):
  File "/home/airflow/.local/lib/python3.12/site-packages/airflow/models/dagbag.py", line 383, in parse
    loader.exec_module(new_module)
  File "<frozen importlib._bootstrap_external>", line 999, in exec_module
  File "<frozen importlib._bootstrap>", line 488, in _call_with_frames_removed
  File "/opt/airflow/dags/customer_metrics.py", line 3, in <module>
    from cosmos.airflow.task_group import DbtTaskGroup
ModuleNotFoundError: No module named 'cosmos'
[2025-09-03T17:08:16.949+0000] {processor.py:927} WARNING - No viable dags retrieved from /opt/airflow/dags/customer_metrics.py
[2025-09-03T17:08:16.975+0000] {processor.py:208} INFO - Processing /opt/airflow/dags/customer_metrics.py took 0.041 seconds
[2025-09-03T17:08:47.308+0000] {processor.py:186} INFO - Started process (PID=952) to work on /opt/airflow/dags/customer_metrics.py
[2025-09-03T17:08:47.309+0000] {processor.py:914} INFO - Processing file /opt/airflow/dags/customer_metrics.py for tasks to queue
[2025-09-03T17:08:47.311+0000] {logging_mixin.py:190} INFO - [2025-09-03T17:08:47.311+0000] {dagbag.py:588} INFO - Filling up the DagBag from /opt/airflow/dags/customer_metrics.py
[2025-09-03T17:08:47.314+0000] {logging_mixin.py:190} INFO - [2025-09-03T17:08:47.313+0000] {dagbag.py:387} ERROR - Failed to import: /opt/airflow/dags/customer_metrics.py
Traceback (most recent call last):
  File "/home/airflow/.local/lib/python3.12/site-packages/airflow/models/dagbag.py", line 383, in parse
    loader.exec_module(new_module)
  File "<frozen importlib._bootstrap_external>", line 999, in exec_module
  File "<frozen importlib._bootstrap>", line 488, in _call_with_frames_removed
  File "/opt/airflow/dags/customer_metrics.py", line 3, in <module>
    from cosmos.airflow.task_group import DbtTaskGroup
ModuleNotFoundError: No module named 'cosmos'
[2025-09-03T17:08:47.315+0000] {processor.py:927} WARNING - No viable dags retrieved from /opt/airflow/dags/customer_metrics.py
[2025-09-03T17:08:47.336+0000] {processor.py:208} INFO - Processing /opt/airflow/dags/customer_metrics.py took 0.035 seconds
[2025-09-03T17:09:17.637+0000] {processor.py:186} INFO - Started process (PID=968) to work on /opt/airflow/dags/customer_metrics.py
[2025-09-03T17:09:17.638+0000] {processor.py:914} INFO - Processing file /opt/airflow/dags/customer_metrics.py for tasks to queue
[2025-09-03T17:09:17.641+0000] {logging_mixin.py:190} INFO - [2025-09-03T17:09:17.641+0000] {dagbag.py:588} INFO - Filling up the DagBag from /opt/airflow/dags/customer_metrics.py
[2025-09-03T17:09:17.645+0000] {logging_mixin.py:190} INFO - [2025-09-03T17:09:17.644+0000] {dagbag.py:387} ERROR - Failed to import: /opt/airflow/dags/customer_metrics.py
Traceback (most recent call last):
  File "/home/airflow/.local/lib/python3.12/site-packages/airflow/models/dagbag.py", line 383, in parse
    loader.exec_module(new_module)
  File "<frozen importlib._bootstrap_external>", line 999, in exec_module
  File "<frozen importlib._bootstrap>", line 488, in _call_with_frames_removed
  File "/opt/airflow/dags/customer_metrics.py", line 3, in <module>
    from cosmos.airflow.task_group import DbtTaskGroup
ModuleNotFoundError: No module named 'cosmos'
[2025-09-03T17:09:17.645+0000] {processor.py:927} WARNING - No viable dags retrieved from /opt/airflow/dags/customer_metrics.py
[2025-09-03T17:09:17.666+0000] {processor.py:208} INFO - Processing /opt/airflow/dags/customer_metrics.py took 0.034 seconds
[2025-09-03T17:09:48.001+0000] {processor.py:186} INFO - Started process (PID=984) to work on /opt/airflow/dags/customer_metrics.py
[2025-09-03T17:09:48.002+0000] {processor.py:914} INFO - Processing file /opt/airflow/dags/customer_metrics.py for tasks to queue
[2025-09-03T17:09:48.006+0000] {logging_mixin.py:190} INFO - [2025-09-03T17:09:48.005+0000] {dagbag.py:588} INFO - Filling up the DagBag from /opt/airflow/dags/customer_metrics.py
[2025-09-03T17:09:48.010+0000] {logging_mixin.py:190} INFO - [2025-09-03T17:09:48.009+0000] {dagbag.py:387} ERROR - Failed to import: /opt/airflow/dags/customer_metrics.py
Traceback (most recent call last):
  File "/home/airflow/.local/lib/python3.12/site-packages/airflow/models/dagbag.py", line 383, in parse
    loader.exec_module(new_module)
  File "<frozen importlib._bootstrap_external>", line 999, in exec_module
  File "<frozen importlib._bootstrap>", line 488, in _call_with_frames_removed
  File "/opt/airflow/dags/customer_metrics.py", line 3, in <module>
    from cosmos.airflow.task_group import DbtTaskGroup
ModuleNotFoundError: No module named 'cosmos'
[2025-09-03T17:09:48.011+0000] {processor.py:927} WARNING - No viable dags retrieved from /opt/airflow/dags/customer_metrics.py
[2025-09-03T17:09:48.034+0000] {processor.py:208} INFO - Processing /opt/airflow/dags/customer_metrics.py took 0.037 seconds
[2025-09-03T17:10:18.392+0000] {processor.py:186} INFO - Started process (PID=1000) to work on /opt/airflow/dags/customer_metrics.py
[2025-09-03T17:10:18.393+0000] {processor.py:914} INFO - Processing file /opt/airflow/dags/customer_metrics.py for tasks to queue
[2025-09-03T17:10:18.395+0000] {logging_mixin.py:190} INFO - [2025-09-03T17:10:18.395+0000] {dagbag.py:588} INFO - Filling up the DagBag from /opt/airflow/dags/customer_metrics.py
[2025-09-03T17:10:18.399+0000] {logging_mixin.py:190} INFO - [2025-09-03T17:10:18.398+0000] {dagbag.py:387} ERROR - Failed to import: /opt/airflow/dags/customer_metrics.py
Traceback (most recent call last):
  File "/home/airflow/.local/lib/python3.12/site-packages/airflow/models/dagbag.py", line 383, in parse
    loader.exec_module(new_module)
  File "<frozen importlib._bootstrap_external>", line 999, in exec_module
  File "<frozen importlib._bootstrap>", line 488, in _call_with_frames_removed
  File "/opt/airflow/dags/customer_metrics.py", line 3, in <module>
    from cosmos.airflow.task_group import DbtTaskGroup
ModuleNotFoundError: No module named 'cosmos'
[2025-09-03T17:10:18.399+0000] {processor.py:927} WARNING - No viable dags retrieved from /opt/airflow/dags/customer_metrics.py
[2025-09-03T17:10:18.419+0000] {processor.py:208} INFO - Processing /opt/airflow/dags/customer_metrics.py took 0.032 seconds
[2025-09-03T17:10:48.711+0000] {processor.py:186} INFO - Started process (PID=1016) to work on /opt/airflow/dags/customer_metrics.py
[2025-09-03T17:10:48.712+0000] {processor.py:914} INFO - Processing file /opt/airflow/dags/customer_metrics.py for tasks to queue
[2025-09-03T17:10:48.713+0000] {logging_mixin.py:190} INFO - [2025-09-03T17:10:48.713+0000] {dagbag.py:588} INFO - Filling up the DagBag from /opt/airflow/dags/customer_metrics.py
[2025-09-03T17:10:48.717+0000] {logging_mixin.py:190} INFO - [2025-09-03T17:10:48.715+0000] {dagbag.py:387} ERROR - Failed to import: /opt/airflow/dags/customer_metrics.py
Traceback (most recent call last):
  File "/home/airflow/.local/lib/python3.12/site-packages/airflow/models/dagbag.py", line 383, in parse
    loader.exec_module(new_module)
  File "<frozen importlib._bootstrap_external>", line 999, in exec_module
  File "<frozen importlib._bootstrap>", line 488, in _call_with_frames_removed
  File "/opt/airflow/dags/customer_metrics.py", line 3, in <module>
    from cosmos.airflow.task_group import DbtTaskGroup
ModuleNotFoundError: No module named 'cosmos'
[2025-09-03T17:10:48.717+0000] {processor.py:927} WARNING - No viable dags retrieved from /opt/airflow/dags/customer_metrics.py
[2025-09-03T17:10:48.739+0000] {processor.py:208} INFO - Processing /opt/airflow/dags/customer_metrics.py took 0.032 seconds
[2025-09-03T17:11:19.063+0000] {processor.py:186} INFO - Started process (PID=1032) to work on /opt/airflow/dags/customer_metrics.py
[2025-09-03T17:11:19.064+0000] {processor.py:914} INFO - Processing file /opt/airflow/dags/customer_metrics.py for tasks to queue
[2025-09-03T17:11:19.066+0000] {logging_mixin.py:190} INFO - [2025-09-03T17:11:19.066+0000] {dagbag.py:588} INFO - Filling up the DagBag from /opt/airflow/dags/customer_metrics.py
[2025-09-03T17:11:19.071+0000] {logging_mixin.py:190} INFO - [2025-09-03T17:11:19.070+0000] {dagbag.py:387} ERROR - Failed to import: /opt/airflow/dags/customer_metrics.py
Traceback (most recent call last):
  File "/home/airflow/.local/lib/python3.12/site-packages/airflow/models/dagbag.py", line 383, in parse
    loader.exec_module(new_module)
  File "<frozen importlib._bootstrap_external>", line 999, in exec_module
  File "<frozen importlib._bootstrap>", line 488, in _call_with_frames_removed
  File "/opt/airflow/dags/customer_metrics.py", line 3, in <module>
    from cosmos.airflow.task_group import DbtTaskGroup
ModuleNotFoundError: No module named 'cosmos'
[2025-09-03T17:11:19.072+0000] {processor.py:927} WARNING - No viable dags retrieved from /opt/airflow/dags/customer_metrics.py
[2025-09-03T17:11:19.092+0000] {processor.py:208} INFO - Processing /opt/airflow/dags/customer_metrics.py took 0.033 seconds
[2025-09-03T17:11:49.409+0000] {processor.py:186} INFO - Started process (PID=1048) to work on /opt/airflow/dags/customer_metrics.py
[2025-09-03T17:11:49.410+0000] {processor.py:914} INFO - Processing file /opt/airflow/dags/customer_metrics.py for tasks to queue
[2025-09-03T17:11:49.413+0000] {logging_mixin.py:190} INFO - [2025-09-03T17:11:49.413+0000] {dagbag.py:588} INFO - Filling up the DagBag from /opt/airflow/dags/customer_metrics.py
[2025-09-03T17:11:49.418+0000] {logging_mixin.py:190} INFO - [2025-09-03T17:11:49.417+0000] {dagbag.py:387} ERROR - Failed to import: /opt/airflow/dags/customer_metrics.py
Traceback (most recent call last):
  File "/home/airflow/.local/lib/python3.12/site-packages/airflow/models/dagbag.py", line 383, in parse
    loader.exec_module(new_module)
  File "<frozen importlib._bootstrap_external>", line 999, in exec_module
  File "<frozen importlib._bootstrap>", line 488, in _call_with_frames_removed
  File "/opt/airflow/dags/customer_metrics.py", line 3, in <module>
    from cosmos.airflow.task_group import DbtTaskGroup
ModuleNotFoundError: No module named 'cosmos'
[2025-09-03T17:11:49.418+0000] {processor.py:927} WARNING - No viable dags retrieved from /opt/airflow/dags/customer_metrics.py
[2025-09-03T17:11:49.438+0000] {processor.py:208} INFO - Processing /opt/airflow/dags/customer_metrics.py took 0.033 seconds
[2025-09-03T17:12:19.740+0000] {processor.py:186} INFO - Started process (PID=1064) to work on /opt/airflow/dags/customer_metrics.py
[2025-09-03T17:12:19.741+0000] {processor.py:914} INFO - Processing file /opt/airflow/dags/customer_metrics.py for tasks to queue
[2025-09-03T17:12:19.745+0000] {logging_mixin.py:190} INFO - [2025-09-03T17:12:19.744+0000] {dagbag.py:588} INFO - Filling up the DagBag from /opt/airflow/dags/customer_metrics.py
[2025-09-03T17:12:19.749+0000] {logging_mixin.py:190} INFO - [2025-09-03T17:12:19.748+0000] {dagbag.py:387} ERROR - Failed to import: /opt/airflow/dags/customer_metrics.py
Traceback (most recent call last):
  File "/home/airflow/.local/lib/python3.12/site-packages/airflow/models/dagbag.py", line 383, in parse
    loader.exec_module(new_module)
  File "<frozen importlib._bootstrap_external>", line 999, in exec_module
  File "<frozen importlib._bootstrap>", line 488, in _call_with_frames_removed
  File "/opt/airflow/dags/customer_metrics.py", line 3, in <module>
    from cosmos.airflow.task_group import DbtTaskGroup
ModuleNotFoundError: No module named 'cosmos'
[2025-09-03T17:12:19.750+0000] {processor.py:927} WARNING - No viable dags retrieved from /opt/airflow/dags/customer_metrics.py
[2025-09-03T17:12:19.775+0000] {processor.py:208} INFO - Processing /opt/airflow/dags/customer_metrics.py took 0.039 seconds
[2025-09-03T17:12:50.092+0000] {processor.py:186} INFO - Started process (PID=1080) to work on /opt/airflow/dags/customer_metrics.py
[2025-09-03T17:12:50.093+0000] {processor.py:914} INFO - Processing file /opt/airflow/dags/customer_metrics.py for tasks to queue
[2025-09-03T17:12:50.096+0000] {logging_mixin.py:190} INFO - [2025-09-03T17:12:50.095+0000] {dagbag.py:588} INFO - Filling up the DagBag from /opt/airflow/dags/customer_metrics.py
[2025-09-03T17:12:50.100+0000] {logging_mixin.py:190} INFO - [2025-09-03T17:12:50.099+0000] {dagbag.py:387} ERROR - Failed to import: /opt/airflow/dags/customer_metrics.py
Traceback (most recent call last):
  File "/home/airflow/.local/lib/python3.12/site-packages/airflow/models/dagbag.py", line 383, in parse
    loader.exec_module(new_module)
  File "<frozen importlib._bootstrap_external>", line 999, in exec_module
  File "<frozen importlib._bootstrap>", line 488, in _call_with_frames_removed
  File "/opt/airflow/dags/customer_metrics.py", line 3, in <module>
    from cosmos.airflow.task_group import DbtTaskGroup
ModuleNotFoundError: No module named 'cosmos'
[2025-09-03T17:12:50.101+0000] {processor.py:927} WARNING - No viable dags retrieved from /opt/airflow/dags/customer_metrics.py
[2025-09-03T17:12:50.125+0000] {processor.py:208} INFO - Processing /opt/airflow/dags/customer_metrics.py took 0.040 seconds
[2025-09-03T17:13:20.459+0000] {processor.py:186} INFO - Started process (PID=1096) to work on /opt/airflow/dags/customer_metrics.py
[2025-09-03T17:13:20.460+0000] {processor.py:914} INFO - Processing file /opt/airflow/dags/customer_metrics.py for tasks to queue
[2025-09-03T17:13:20.462+0000] {logging_mixin.py:190} INFO - [2025-09-03T17:13:20.462+0000] {dagbag.py:588} INFO - Filling up the DagBag from /opt/airflow/dags/customer_metrics.py
[2025-09-03T17:13:20.465+0000] {logging_mixin.py:190} INFO - [2025-09-03T17:13:20.464+0000] {dagbag.py:387} ERROR - Failed to import: /opt/airflow/dags/customer_metrics.py
Traceback (most recent call last):
  File "/home/airflow/.local/lib/python3.12/site-packages/airflow/models/dagbag.py", line 383, in parse
    loader.exec_module(new_module)
  File "<frozen importlib._bootstrap_external>", line 999, in exec_module
  File "<frozen importlib._bootstrap>", line 488, in _call_with_frames_removed
  File "/opt/airflow/dags/customer_metrics.py", line 3, in <module>
    from cosmos.airflow.task_group import DbtTaskGroup
ModuleNotFoundError: No module named 'cosmos'
[2025-09-03T17:13:20.466+0000] {processor.py:927} WARNING - No viable dags retrieved from /opt/airflow/dags/customer_metrics.py
[2025-09-03T17:13:20.489+0000] {processor.py:208} INFO - Processing /opt/airflow/dags/customer_metrics.py took 0.037 seconds
[2025-09-03T17:13:50.789+0000] {processor.py:186} INFO - Started process (PID=1112) to work on /opt/airflow/dags/customer_metrics.py
[2025-09-03T17:13:50.790+0000] {processor.py:914} INFO - Processing file /opt/airflow/dags/customer_metrics.py for tasks to queue
[2025-09-03T17:13:50.792+0000] {logging_mixin.py:190} INFO - [2025-09-03T17:13:50.792+0000] {dagbag.py:588} INFO - Filling up the DagBag from /opt/airflow/dags/customer_metrics.py
[2025-09-03T17:13:50.797+0000] {logging_mixin.py:190} INFO - [2025-09-03T17:13:50.795+0000] {dagbag.py:387} ERROR - Failed to import: /opt/airflow/dags/customer_metrics.py
Traceback (most recent call last):
  File "/home/airflow/.local/lib/python3.12/site-packages/airflow/models/dagbag.py", line 383, in parse
    loader.exec_module(new_module)
  File "<frozen importlib._bootstrap_external>", line 999, in exec_module
  File "<frozen importlib._bootstrap>", line 488, in _call_with_frames_removed
  File "/opt/airflow/dags/customer_metrics.py", line 3, in <module>
    from cosmos.airflow.task_group import DbtTaskGroup
ModuleNotFoundError: No module named 'cosmos'
[2025-09-03T17:13:50.798+0000] {processor.py:927} WARNING - No viable dags retrieved from /opt/airflow/dags/customer_metrics.py
[2025-09-03T17:13:50.820+0000] {processor.py:208} INFO - Processing /opt/airflow/dags/customer_metrics.py took 0.037 seconds
[2025-09-03T17:14:21.149+0000] {processor.py:186} INFO - Started process (PID=1128) to work on /opt/airflow/dags/customer_metrics.py
[2025-09-03T17:14:21.150+0000] {processor.py:914} INFO - Processing file /opt/airflow/dags/customer_metrics.py for tasks to queue
[2025-09-03T17:14:21.153+0000] {logging_mixin.py:190} INFO - [2025-09-03T17:14:21.153+0000] {dagbag.py:588} INFO - Filling up the DagBag from /opt/airflow/dags/customer_metrics.py
[2025-09-03T17:14:21.157+0000] {logging_mixin.py:190} INFO - [2025-09-03T17:14:21.156+0000] {dagbag.py:387} ERROR - Failed to import: /opt/airflow/dags/customer_metrics.py
Traceback (most recent call last):
  File "/home/airflow/.local/lib/python3.12/site-packages/airflow/models/dagbag.py", line 383, in parse
    loader.exec_module(new_module)
  File "<frozen importlib._bootstrap_external>", line 999, in exec_module
  File "<frozen importlib._bootstrap>", line 488, in _call_with_frames_removed
  File "/opt/airflow/dags/customer_metrics.py", line 3, in <module>
    from cosmos.airflow.task_group import DbtTaskGroup
ModuleNotFoundError: No module named 'cosmos'
[2025-09-03T17:14:21.157+0000] {processor.py:927} WARNING - No viable dags retrieved from /opt/airflow/dags/customer_metrics.py
[2025-09-03T17:14:21.176+0000] {processor.py:208} INFO - Processing /opt/airflow/dags/customer_metrics.py took 0.031 seconds
[2025-09-03T17:14:51.501+0000] {processor.py:186} INFO - Started process (PID=1144) to work on /opt/airflow/dags/customer_metrics.py
[2025-09-03T17:14:51.501+0000] {processor.py:914} INFO - Processing file /opt/airflow/dags/customer_metrics.py for tasks to queue
[2025-09-03T17:14:51.503+0000] {logging_mixin.py:190} INFO - [2025-09-03T17:14:51.503+0000] {dagbag.py:588} INFO - Filling up the DagBag from /opt/airflow/dags/customer_metrics.py
[2025-09-03T17:14:51.509+0000] {logging_mixin.py:190} INFO - [2025-09-03T17:14:51.507+0000] {dagbag.py:387} ERROR - Failed to import: /opt/airflow/dags/customer_metrics.py
Traceback (most recent call last):
  File "/home/airflow/.local/lib/python3.12/site-packages/airflow/models/dagbag.py", line 383, in parse
    loader.exec_module(new_module)
  File "<frozen importlib._bootstrap_external>", line 999, in exec_module
  File "<frozen importlib._bootstrap>", line 488, in _call_with_frames_removed
  File "/opt/airflow/dags/customer_metrics.py", line 3, in <module>
    from cosmos.airflow.task_group import DbtTaskGroup
ModuleNotFoundError: No module named 'cosmos'
[2025-09-03T17:14:51.509+0000] {processor.py:927} WARNING - No viable dags retrieved from /opt/airflow/dags/customer_metrics.py
[2025-09-03T17:14:51.534+0000] {processor.py:208} INFO - Processing /opt/airflow/dags/customer_metrics.py took 0.038 seconds
[2025-09-03T17:15:21.916+0000] {processor.py:186} INFO - Started process (PID=1160) to work on /opt/airflow/dags/customer_metrics.py
[2025-09-03T17:15:21.919+0000] {processor.py:914} INFO - Processing file /opt/airflow/dags/customer_metrics.py for tasks to queue
[2025-09-03T17:15:21.921+0000] {logging_mixin.py:190} INFO - [2025-09-03T17:15:21.921+0000] {dagbag.py:588} INFO - Filling up the DagBag from /opt/airflow/dags/customer_metrics.py
[2025-09-03T17:15:21.925+0000] {logging_mixin.py:190} INFO - [2025-09-03T17:15:21.923+0000] {dagbag.py:387} ERROR - Failed to import: /opt/airflow/dags/customer_metrics.py
Traceback (most recent call last):
  File "/home/airflow/.local/lib/python3.12/site-packages/airflow/models/dagbag.py", line 383, in parse
    loader.exec_module(new_module)
  File "<frozen importlib._bootstrap_external>", line 999, in exec_module
  File "<frozen importlib._bootstrap>", line 488, in _call_with_frames_removed
  File "/opt/airflow/dags/customer_metrics.py", line 3, in <module>
    from cosmos.airflow.task_group import DbtTaskGroup
ModuleNotFoundError: No module named 'cosmos'
[2025-09-03T17:15:21.925+0000] {processor.py:927} WARNING - No viable dags retrieved from /opt/airflow/dags/customer_metrics.py
[2025-09-03T17:15:21.944+0000] {processor.py:208} INFO - Processing /opt/airflow/dags/customer_metrics.py took 0.033 seconds
[2025-09-03T17:15:52.277+0000] {processor.py:186} INFO - Started process (PID=1176) to work on /opt/airflow/dags/customer_metrics.py
[2025-09-03T17:15:52.278+0000] {processor.py:914} INFO - Processing file /opt/airflow/dags/customer_metrics.py for tasks to queue
[2025-09-03T17:15:52.280+0000] {logging_mixin.py:190} INFO - [2025-09-03T17:15:52.280+0000] {dagbag.py:588} INFO - Filling up the DagBag from /opt/airflow/dags/customer_metrics.py
[2025-09-03T17:15:52.283+0000] {logging_mixin.py:190} INFO - [2025-09-03T17:15:52.282+0000] {dagbag.py:387} ERROR - Failed to import: /opt/airflow/dags/customer_metrics.py
Traceback (most recent call last):
  File "/home/airflow/.local/lib/python3.12/site-packages/airflow/models/dagbag.py", line 383, in parse
    loader.exec_module(new_module)
  File "<frozen importlib._bootstrap_external>", line 999, in exec_module
  File "<frozen importlib._bootstrap>", line 488, in _call_with_frames_removed
  File "/opt/airflow/dags/customer_metrics.py", line 3, in <module>
    from cosmos.airflow.task_group import DbtTaskGroup
ModuleNotFoundError: No module named 'cosmos'
[2025-09-03T17:15:52.284+0000] {processor.py:927} WARNING - No viable dags retrieved from /opt/airflow/dags/customer_metrics.py
[2025-09-03T17:15:52.304+0000] {processor.py:208} INFO - Processing /opt/airflow/dags/customer_metrics.py took 0.035 seconds
[2025-09-03T17:16:22.618+0000] {processor.py:186} INFO - Started process (PID=1192) to work on /opt/airflow/dags/customer_metrics.py
[2025-09-03T17:16:22.621+0000] {processor.py:914} INFO - Processing file /opt/airflow/dags/customer_metrics.py for tasks to queue
[2025-09-03T17:16:22.624+0000] {logging_mixin.py:190} INFO - [2025-09-03T17:16:22.623+0000] {dagbag.py:588} INFO - Filling up the DagBag from /opt/airflow/dags/customer_metrics.py
[2025-09-03T17:16:22.627+0000] {logging_mixin.py:190} INFO - [2025-09-03T17:16:22.626+0000] {dagbag.py:387} ERROR - Failed to import: /opt/airflow/dags/customer_metrics.py
Traceback (most recent call last):
  File "/home/airflow/.local/lib/python3.12/site-packages/airflow/models/dagbag.py", line 383, in parse
    loader.exec_module(new_module)
  File "<frozen importlib._bootstrap_external>", line 999, in exec_module
  File "<frozen importlib._bootstrap>", line 488, in _call_with_frames_removed
  File "/opt/airflow/dags/customer_metrics.py", line 3, in <module>
    from cosmos.airflow.task_group import DbtTaskGroup
ModuleNotFoundError: No module named 'cosmos'
[2025-09-03T17:16:22.627+0000] {processor.py:927} WARNING - No viable dags retrieved from /opt/airflow/dags/customer_metrics.py
[2025-09-03T17:16:22.645+0000] {processor.py:208} INFO - Processing /opt/airflow/dags/customer_metrics.py took 0.031 seconds
[2025-09-03T17:16:52.986+0000] {processor.py:186} INFO - Started process (PID=1208) to work on /opt/airflow/dags/customer_metrics.py
[2025-09-03T17:16:52.987+0000] {processor.py:914} INFO - Processing file /opt/airflow/dags/customer_metrics.py for tasks to queue
[2025-09-03T17:16:52.989+0000] {logging_mixin.py:190} INFO - [2025-09-03T17:16:52.989+0000] {dagbag.py:588} INFO - Filling up the DagBag from /opt/airflow/dags/customer_metrics.py
[2025-09-03T17:16:52.994+0000] {logging_mixin.py:190} INFO - [2025-09-03T17:16:52.993+0000] {dagbag.py:387} ERROR - Failed to import: /opt/airflow/dags/customer_metrics.py
Traceback (most recent call last):
  File "/home/airflow/.local/lib/python3.12/site-packages/airflow/models/dagbag.py", line 383, in parse
    loader.exec_module(new_module)
  File "<frozen importlib._bootstrap_external>", line 999, in exec_module
  File "<frozen importlib._bootstrap>", line 488, in _call_with_frames_removed
  File "/opt/airflow/dags/customer_metrics.py", line 3, in <module>
    from cosmos.airflow.task_group import DbtTaskGroup
ModuleNotFoundError: No module named 'cosmos'
[2025-09-03T17:16:52.995+0000] {processor.py:927} WARNING - No viable dags retrieved from /opt/airflow/dags/customer_metrics.py
[2025-09-03T17:16:53.012+0000] {processor.py:208} INFO - Processing /opt/airflow/dags/customer_metrics.py took 0.034 seconds
[2025-09-03T17:17:23.355+0000] {processor.py:186} INFO - Started process (PID=1224) to work on /opt/airflow/dags/customer_metrics.py
[2025-09-03T17:17:23.356+0000] {processor.py:914} INFO - Processing file /opt/airflow/dags/customer_metrics.py for tasks to queue
[2025-09-03T17:17:23.358+0000] {logging_mixin.py:190} INFO - [2025-09-03T17:17:23.358+0000] {dagbag.py:588} INFO - Filling up the DagBag from /opt/airflow/dags/customer_metrics.py
[2025-09-03T17:17:23.361+0000] {logging_mixin.py:190} INFO - [2025-09-03T17:17:23.360+0000] {dagbag.py:387} ERROR - Failed to import: /opt/airflow/dags/customer_metrics.py
Traceback (most recent call last):
  File "/home/airflow/.local/lib/python3.12/site-packages/airflow/models/dagbag.py", line 383, in parse
    loader.exec_module(new_module)
  File "<frozen importlib._bootstrap_external>", line 999, in exec_module
  File "<frozen importlib._bootstrap>", line 488, in _call_with_frames_removed
  File "/opt/airflow/dags/customer_metrics.py", line 3, in <module>
    from cosmos.airflow.task_group import DbtTaskGroup
ModuleNotFoundError: No module named 'cosmos'
[2025-09-03T17:17:23.362+0000] {processor.py:927} WARNING - No viable dags retrieved from /opt/airflow/dags/customer_metrics.py
[2025-09-03T17:17:23.384+0000] {processor.py:208} INFO - Processing /opt/airflow/dags/customer_metrics.py took 0.036 seconds
[2025-09-03T17:17:53.686+0000] {processor.py:186} INFO - Started process (PID=1240) to work on /opt/airflow/dags/customer_metrics.py
[2025-09-03T17:17:53.687+0000] {processor.py:914} INFO - Processing file /opt/airflow/dags/customer_metrics.py for tasks to queue
[2025-09-03T17:17:53.690+0000] {logging_mixin.py:190} INFO - [2025-09-03T17:17:53.689+0000] {dagbag.py:588} INFO - Filling up the DagBag from /opt/airflow/dags/customer_metrics.py
[2025-09-03T17:17:53.694+0000] {logging_mixin.py:190} INFO - [2025-09-03T17:17:53.693+0000] {dagbag.py:387} ERROR - Failed to import: /opt/airflow/dags/customer_metrics.py
Traceback (most recent call last):
  File "/home/airflow/.local/lib/python3.12/site-packages/airflow/models/dagbag.py", line 383, in parse
    loader.exec_module(new_module)
  File "<frozen importlib._bootstrap_external>", line 999, in exec_module
  File "<frozen importlib._bootstrap>", line 488, in _call_with_frames_removed
  File "/opt/airflow/dags/customer_metrics.py", line 3, in <module>
    from cosmos.airflow.task_group import DbtTaskGroup
ModuleNotFoundError: No module named 'cosmos'
[2025-09-03T17:17:53.695+0000] {processor.py:927} WARNING - No viable dags retrieved from /opt/airflow/dags/customer_metrics.py
[2025-09-03T17:17:53.710+0000] {processor.py:208} INFO - Processing /opt/airflow/dags/customer_metrics.py took 0.029 seconds
[2025-09-03T17:18:24.053+0000] {processor.py:186} INFO - Started process (PID=1256) to work on /opt/airflow/dags/customer_metrics.py
[2025-09-03T17:18:24.055+0000] {processor.py:914} INFO - Processing file /opt/airflow/dags/customer_metrics.py for tasks to queue
[2025-09-03T17:18:24.057+0000] {logging_mixin.py:190} INFO - [2025-09-03T17:18:24.057+0000] {dagbag.py:588} INFO - Filling up the DagBag from /opt/airflow/dags/customer_metrics.py
[2025-09-03T17:18:24.062+0000] {logging_mixin.py:190} INFO - [2025-09-03T17:18:24.060+0000] {dagbag.py:387} ERROR - Failed to import: /opt/airflow/dags/customer_metrics.py
Traceback (most recent call last):
  File "/home/airflow/.local/lib/python3.12/site-packages/airflow/models/dagbag.py", line 383, in parse
    loader.exec_module(new_module)
  File "<frozen importlib._bootstrap_external>", line 999, in exec_module
  File "<frozen importlib._bootstrap>", line 488, in _call_with_frames_removed
  File "/opt/airflow/dags/customer_metrics.py", line 3, in <module>
    from cosmos.airflow.task_group import DbtTaskGroup
ModuleNotFoundError: No module named 'cosmos'
[2025-09-03T17:18:24.062+0000] {processor.py:927} WARNING - No viable dags retrieved from /opt/airflow/dags/customer_metrics.py
[2025-09-03T17:18:24.082+0000] {processor.py:208} INFO - Processing /opt/airflow/dags/customer_metrics.py took 0.038 seconds
[2025-09-03T17:18:54.393+0000] {processor.py:186} INFO - Started process (PID=1272) to work on /opt/airflow/dags/customer_metrics.py
[2025-09-03T17:18:54.394+0000] {processor.py:914} INFO - Processing file /opt/airflow/dags/customer_metrics.py for tasks to queue
[2025-09-03T17:18:54.396+0000] {logging_mixin.py:190} INFO - [2025-09-03T17:18:54.396+0000] {dagbag.py:588} INFO - Filling up the DagBag from /opt/airflow/dags/customer_metrics.py
[2025-09-03T17:18:54.401+0000] {logging_mixin.py:190} INFO - [2025-09-03T17:18:54.400+0000] {dagbag.py:387} ERROR - Failed to import: /opt/airflow/dags/customer_metrics.py
Traceback (most recent call last):
  File "/home/airflow/.local/lib/python3.12/site-packages/airflow/models/dagbag.py", line 383, in parse
    loader.exec_module(new_module)
  File "<frozen importlib._bootstrap_external>", line 999, in exec_module
  File "<frozen importlib._bootstrap>", line 488, in _call_with_frames_removed
  File "/opt/airflow/dags/customer_metrics.py", line 3, in <module>
    from cosmos.airflow.task_group import DbtTaskGroup
ModuleNotFoundError: No module named 'cosmos'
[2025-09-03T17:18:54.401+0000] {processor.py:927} WARNING - No viable dags retrieved from /opt/airflow/dags/customer_metrics.py
[2025-09-03T17:18:54.421+0000] {processor.py:208} INFO - Processing /opt/airflow/dags/customer_metrics.py took 0.034 seconds
[2025-09-03T17:19:24.749+0000] {processor.py:186} INFO - Started process (PID=1288) to work on /opt/airflow/dags/customer_metrics.py
[2025-09-03T17:19:24.750+0000] {processor.py:914} INFO - Processing file /opt/airflow/dags/customer_metrics.py for tasks to queue
[2025-09-03T17:19:24.752+0000] {logging_mixin.py:190} INFO - [2025-09-03T17:19:24.752+0000] {dagbag.py:588} INFO - Filling up the DagBag from /opt/airflow/dags/customer_metrics.py
[2025-09-03T17:19:24.755+0000] {logging_mixin.py:190} INFO - [2025-09-03T17:19:24.754+0000] {dagbag.py:387} ERROR - Failed to import: /opt/airflow/dags/customer_metrics.py
Traceback (most recent call last):
  File "/home/airflow/.local/lib/python3.12/site-packages/airflow/models/dagbag.py", line 383, in parse
    loader.exec_module(new_module)
  File "<frozen importlib._bootstrap_external>", line 999, in exec_module
  File "<frozen importlib._bootstrap>", line 488, in _call_with_frames_removed
  File "/opt/airflow/dags/customer_metrics.py", line 3, in <module>
    from cosmos.airflow.task_group import DbtTaskGroup
ModuleNotFoundError: No module named 'cosmos'
[2025-09-03T17:19:24.755+0000] {processor.py:927} WARNING - No viable dags retrieved from /opt/airflow/dags/customer_metrics.py
[2025-09-03T17:19:24.774+0000] {processor.py:208} INFO - Processing /opt/airflow/dags/customer_metrics.py took 0.030 seconds
[2025-09-03T17:19:55.058+0000] {processor.py:186} INFO - Started process (PID=1304) to work on /opt/airflow/dags/customer_metrics.py
[2025-09-03T17:19:55.059+0000] {processor.py:914} INFO - Processing file /opt/airflow/dags/customer_metrics.py for tasks to queue
[2025-09-03T17:19:55.060+0000] {logging_mixin.py:190} INFO - [2025-09-03T17:19:55.060+0000] {dagbag.py:588} INFO - Filling up the DagBag from /opt/airflow/dags/customer_metrics.py
[2025-09-03T17:19:55.065+0000] {logging_mixin.py:190} INFO - [2025-09-03T17:19:55.064+0000] {dagbag.py:387} ERROR - Failed to import: /opt/airflow/dags/customer_metrics.py
Traceback (most recent call last):
  File "/home/airflow/.local/lib/python3.12/site-packages/airflow/models/dagbag.py", line 383, in parse
    loader.exec_module(new_module)
  File "<frozen importlib._bootstrap_external>", line 999, in exec_module
  File "<frozen importlib._bootstrap>", line 488, in _call_with_frames_removed
  File "/opt/airflow/dags/customer_metrics.py", line 3, in <module>
    from cosmos.airflow.task_group import DbtTaskGroup
ModuleNotFoundError: No module named 'cosmos'
[2025-09-03T17:19:55.066+0000] {processor.py:927} WARNING - No viable dags retrieved from /opt/airflow/dags/customer_metrics.py
[2025-09-03T17:19:55.085+0000] {processor.py:208} INFO - Processing /opt/airflow/dags/customer_metrics.py took 0.031 seconds
[2025-09-03T17:20:25.398+0000] {processor.py:186} INFO - Started process (PID=1320) to work on /opt/airflow/dags/customer_metrics.py
[2025-09-03T17:20:25.399+0000] {processor.py:914} INFO - Processing file /opt/airflow/dags/customer_metrics.py for tasks to queue
[2025-09-03T17:20:25.402+0000] {logging_mixin.py:190} INFO - [2025-09-03T17:20:25.402+0000] {dagbag.py:588} INFO - Filling up the DagBag from /opt/airflow/dags/customer_metrics.py
[2025-09-03T17:20:25.407+0000] {logging_mixin.py:190} INFO - [2025-09-03T17:20:25.406+0000] {dagbag.py:387} ERROR - Failed to import: /opt/airflow/dags/customer_metrics.py
Traceback (most recent call last):
  File "/home/airflow/.local/lib/python3.12/site-packages/airflow/models/dagbag.py", line 383, in parse
    loader.exec_module(new_module)
  File "<frozen importlib._bootstrap_external>", line 999, in exec_module
  File "<frozen importlib._bootstrap>", line 488, in _call_with_frames_removed
  File "/opt/airflow/dags/customer_metrics.py", line 3, in <module>
    from cosmos.airflow.task_group import DbtTaskGroup
ModuleNotFoundError: No module named 'cosmos'
[2025-09-03T17:20:25.408+0000] {processor.py:927} WARNING - No viable dags retrieved from /opt/airflow/dags/customer_metrics.py
[2025-09-03T17:20:25.435+0000] {processor.py:208} INFO - Processing /opt/airflow/dags/customer_metrics.py took 0.042 seconds
[2025-09-03T17:20:55.735+0000] {processor.py:186} INFO - Started process (PID=1336) to work on /opt/airflow/dags/customer_metrics.py
[2025-09-03T17:20:55.736+0000] {processor.py:914} INFO - Processing file /opt/airflow/dags/customer_metrics.py for tasks to queue
[2025-09-03T17:20:55.738+0000] {logging_mixin.py:190} INFO - [2025-09-03T17:20:55.738+0000] {dagbag.py:588} INFO - Filling up the DagBag from /opt/airflow/dags/customer_metrics.py
[2025-09-03T17:20:55.741+0000] {logging_mixin.py:190} INFO - [2025-09-03T17:20:55.740+0000] {dagbag.py:387} ERROR - Failed to import: /opt/airflow/dags/customer_metrics.py
Traceback (most recent call last):
  File "/home/airflow/.local/lib/python3.12/site-packages/airflow/models/dagbag.py", line 383, in parse
    loader.exec_module(new_module)
  File "<frozen importlib._bootstrap_external>", line 999, in exec_module
  File "<frozen importlib._bootstrap>", line 488, in _call_with_frames_removed
  File "/opt/airflow/dags/customer_metrics.py", line 3, in <module>
    from cosmos.airflow.task_group import DbtTaskGroup
ModuleNotFoundError: No module named 'cosmos'
[2025-09-03T17:20:55.741+0000] {processor.py:927} WARNING - No viable dags retrieved from /opt/airflow/dags/customer_metrics.py
[2025-09-03T17:20:55.757+0000] {processor.py:208} INFO - Processing /opt/airflow/dags/customer_metrics.py took 0.028 seconds
[2025-09-03T17:21:26.082+0000] {processor.py:186} INFO - Started process (PID=1352) to work on /opt/airflow/dags/customer_metrics.py
[2025-09-03T17:21:26.083+0000] {processor.py:914} INFO - Processing file /opt/airflow/dags/customer_metrics.py for tasks to queue
[2025-09-03T17:21:26.086+0000] {logging_mixin.py:190} INFO - [2025-09-03T17:21:26.086+0000] {dagbag.py:588} INFO - Filling up the DagBag from /opt/airflow/dags/customer_metrics.py
[2025-09-03T17:21:26.092+0000] {logging_mixin.py:190} INFO - [2025-09-03T17:21:26.090+0000] {dagbag.py:387} ERROR - Failed to import: /opt/airflow/dags/customer_metrics.py
Traceback (most recent call last):
  File "/home/airflow/.local/lib/python3.12/site-packages/airflow/models/dagbag.py", line 383, in parse
    loader.exec_module(new_module)
  File "<frozen importlib._bootstrap_external>", line 999, in exec_module
  File "<frozen importlib._bootstrap>", line 488, in _call_with_frames_removed
  File "/opt/airflow/dags/customer_metrics.py", line 3, in <module>
    from cosmos.airflow.task_group import DbtTaskGroup
ModuleNotFoundError: No module named 'cosmos'
[2025-09-03T17:21:26.092+0000] {processor.py:927} WARNING - No viable dags retrieved from /opt/airflow/dags/customer_metrics.py
[2025-09-03T17:21:26.115+0000] {processor.py:208} INFO - Processing /opt/airflow/dags/customer_metrics.py took 0.038 seconds
[2025-09-03T17:21:56.443+0000] {processor.py:186} INFO - Started process (PID=1368) to work on /opt/airflow/dags/customer_metrics.py
[2025-09-03T17:21:56.443+0000] {processor.py:914} INFO - Processing file /opt/airflow/dags/customer_metrics.py for tasks to queue
[2025-09-03T17:21:56.445+0000] {logging_mixin.py:190} INFO - [2025-09-03T17:21:56.445+0000] {dagbag.py:588} INFO - Filling up the DagBag from /opt/airflow/dags/customer_metrics.py
[2025-09-03T17:21:56.448+0000] {logging_mixin.py:190} INFO - [2025-09-03T17:21:56.447+0000] {dagbag.py:387} ERROR - Failed to import: /opt/airflow/dags/customer_metrics.py
Traceback (most recent call last):
  File "/home/airflow/.local/lib/python3.12/site-packages/airflow/models/dagbag.py", line 383, in parse
    loader.exec_module(new_module)
  File "<frozen importlib._bootstrap_external>", line 999, in exec_module
  File "<frozen importlib._bootstrap>", line 488, in _call_with_frames_removed
  File "/opt/airflow/dags/customer_metrics.py", line 3, in <module>
    from cosmos.airflow.task_group import DbtTaskGroup
ModuleNotFoundError: No module named 'cosmos'
[2025-09-03T17:21:56.449+0000] {processor.py:927} WARNING - No viable dags retrieved from /opt/airflow/dags/customer_metrics.py
[2025-09-03T17:21:56.471+0000] {processor.py:208} INFO - Processing /opt/airflow/dags/customer_metrics.py took 0.035 seconds
[2025-09-03T17:22:26.752+0000] {processor.py:186} INFO - Started process (PID=1384) to work on /opt/airflow/dags/customer_metrics.py
[2025-09-03T17:22:26.753+0000] {processor.py:914} INFO - Processing file /opt/airflow/dags/customer_metrics.py for tasks to queue
[2025-09-03T17:22:26.756+0000] {logging_mixin.py:190} INFO - [2025-09-03T17:22:26.756+0000] {dagbag.py:588} INFO - Filling up the DagBag from /opt/airflow/dags/customer_metrics.py
[2025-09-03T17:22:26.760+0000] {logging_mixin.py:190} INFO - [2025-09-03T17:22:26.759+0000] {dagbag.py:387} ERROR - Failed to import: /opt/airflow/dags/customer_metrics.py
Traceback (most recent call last):
  File "/home/airflow/.local/lib/python3.12/site-packages/airflow/models/dagbag.py", line 383, in parse
    loader.exec_module(new_module)
  File "<frozen importlib._bootstrap_external>", line 999, in exec_module
  File "<frozen importlib._bootstrap>", line 488, in _call_with_frames_removed
  File "/opt/airflow/dags/customer_metrics.py", line 3, in <module>
    from cosmos.airflow.task_group import DbtTaskGroup
ModuleNotFoundError: No module named 'cosmos'
[2025-09-03T17:22:26.760+0000] {processor.py:927} WARNING - No viable dags retrieved from /opt/airflow/dags/customer_metrics.py
[2025-09-03T17:22:26.781+0000] {processor.py:208} INFO - Processing /opt/airflow/dags/customer_metrics.py took 0.033 seconds
[2025-09-03T17:22:57.075+0000] {processor.py:186} INFO - Started process (PID=1400) to work on /opt/airflow/dags/customer_metrics.py
[2025-09-03T17:22:57.076+0000] {processor.py:914} INFO - Processing file /opt/airflow/dags/customer_metrics.py for tasks to queue
[2025-09-03T17:22:57.079+0000] {logging_mixin.py:190} INFO - [2025-09-03T17:22:57.079+0000] {dagbag.py:588} INFO - Filling up the DagBag from /opt/airflow/dags/customer_metrics.py
[2025-09-03T17:22:57.085+0000] {logging_mixin.py:190} INFO - [2025-09-03T17:22:57.084+0000] {dagbag.py:387} ERROR - Failed to import: /opt/airflow/dags/customer_metrics.py
Traceback (most recent call last):
  File "/home/airflow/.local/lib/python3.12/site-packages/airflow/models/dagbag.py", line 383, in parse
    loader.exec_module(new_module)
  File "<frozen importlib._bootstrap_external>", line 999, in exec_module
  File "<frozen importlib._bootstrap>", line 488, in _call_with_frames_removed
  File "/opt/airflow/dags/customer_metrics.py", line 3, in <module>
    from cosmos.airflow.task_group import DbtTaskGroup
ModuleNotFoundError: No module named 'cosmos'
[2025-09-03T17:22:57.086+0000] {processor.py:927} WARNING - No viable dags retrieved from /opt/airflow/dags/customer_metrics.py
[2025-09-03T17:22:57.115+0000] {processor.py:208} INFO - Processing /opt/airflow/dags/customer_metrics.py took 0.045 seconds
[2025-09-03T17:23:27.411+0000] {processor.py:186} INFO - Started process (PID=1416) to work on /opt/airflow/dags/customer_metrics.py
[2025-09-03T17:23:27.412+0000] {processor.py:914} INFO - Processing file /opt/airflow/dags/customer_metrics.py for tasks to queue
[2025-09-03T17:23:27.415+0000] {logging_mixin.py:190} INFO - [2025-09-03T17:23:27.414+0000] {dagbag.py:588} INFO - Filling up the DagBag from /opt/airflow/dags/customer_metrics.py
[2025-09-03T17:23:27.421+0000] {logging_mixin.py:190} INFO - [2025-09-03T17:23:27.419+0000] {dagbag.py:387} ERROR - Failed to import: /opt/airflow/dags/customer_metrics.py
Traceback (most recent call last):
  File "/home/airflow/.local/lib/python3.12/site-packages/airflow/models/dagbag.py", line 383, in parse
    loader.exec_module(new_module)
  File "<frozen importlib._bootstrap_external>", line 999, in exec_module
  File "<frozen importlib._bootstrap>", line 488, in _call_with_frames_removed
  File "/opt/airflow/dags/customer_metrics.py", line 3, in <module>
    from cosmos.airflow.task_group import DbtTaskGroup
ModuleNotFoundError: No module named 'cosmos'
[2025-09-03T17:23:27.421+0000] {processor.py:927} WARNING - No viable dags retrieved from /opt/airflow/dags/customer_metrics.py
[2025-09-03T17:23:27.440+0000] {processor.py:208} INFO - Processing /opt/airflow/dags/customer_metrics.py took 0.033 seconds
[2025-09-03T17:23:57.706+0000] {processor.py:186} INFO - Started process (PID=1432) to work on /opt/airflow/dags/customer_metrics.py
[2025-09-03T17:23:57.707+0000] {processor.py:914} INFO - Processing file /opt/airflow/dags/customer_metrics.py for tasks to queue
[2025-09-03T17:23:57.709+0000] {logging_mixin.py:190} INFO - [2025-09-03T17:23:57.709+0000] {dagbag.py:588} INFO - Filling up the DagBag from /opt/airflow/dags/customer_metrics.py
[2025-09-03T17:23:57.714+0000] {logging_mixin.py:190} INFO - [2025-09-03T17:23:57.713+0000] {dagbag.py:387} ERROR - Failed to import: /opt/airflow/dags/customer_metrics.py
Traceback (most recent call last):
  File "/home/airflow/.local/lib/python3.12/site-packages/airflow/models/dagbag.py", line 383, in parse
    loader.exec_module(new_module)
  File "<frozen importlib._bootstrap_external>", line 999, in exec_module
  File "<frozen importlib._bootstrap>", line 488, in _call_with_frames_removed
  File "/opt/airflow/dags/customer_metrics.py", line 3, in <module>
    from cosmos.airflow.task_group import DbtTaskGroup
ModuleNotFoundError: No module named 'cosmos'
[2025-09-03T17:23:57.715+0000] {processor.py:927} WARNING - No viable dags retrieved from /opt/airflow/dags/customer_metrics.py
[2025-09-03T17:23:57.734+0000] {processor.py:208} INFO - Processing /opt/airflow/dags/customer_metrics.py took 0.034 seconds
[2025-09-03T17:24:28.061+0000] {processor.py:186} INFO - Started process (PID=1448) to work on /opt/airflow/dags/customer_metrics.py
[2025-09-03T17:24:28.062+0000] {processor.py:914} INFO - Processing file /opt/airflow/dags/customer_metrics.py for tasks to queue
[2025-09-03T17:24:28.067+0000] {logging_mixin.py:190} INFO - [2025-09-03T17:24:28.067+0000] {dagbag.py:588} INFO - Filling up the DagBag from /opt/airflow/dags/customer_metrics.py
[2025-09-03T17:24:28.073+0000] {logging_mixin.py:190} INFO - [2025-09-03T17:24:28.071+0000] {dagbag.py:387} ERROR - Failed to import: /opt/airflow/dags/customer_metrics.py
Traceback (most recent call last):
  File "/home/airflow/.local/lib/python3.12/site-packages/airflow/models/dagbag.py", line 383, in parse
    loader.exec_module(new_module)
  File "<frozen importlib._bootstrap_external>", line 999, in exec_module
  File "<frozen importlib._bootstrap>", line 488, in _call_with_frames_removed
  File "/opt/airflow/dags/customer_metrics.py", line 3, in <module>
    from cosmos.airflow.task_group import DbtTaskGroup
ModuleNotFoundError: No module named 'cosmos'
[2025-09-03T17:24:28.074+0000] {processor.py:927} WARNING - No viable dags retrieved from /opt/airflow/dags/customer_metrics.py
[2025-09-03T17:24:28.103+0000] {processor.py:208} INFO - Processing /opt/airflow/dags/customer_metrics.py took 0.046 seconds
[2025-09-03T17:24:58.419+0000] {processor.py:186} INFO - Started process (PID=1464) to work on /opt/airflow/dags/customer_metrics.py
[2025-09-03T17:24:58.420+0000] {processor.py:914} INFO - Processing file /opt/airflow/dags/customer_metrics.py for tasks to queue
[2025-09-03T17:24:58.422+0000] {logging_mixin.py:190} INFO - [2025-09-03T17:24:58.421+0000] {dagbag.py:588} INFO - Filling up the DagBag from /opt/airflow/dags/customer_metrics.py
[2025-09-03T17:24:58.427+0000] {logging_mixin.py:190} INFO - [2025-09-03T17:24:58.425+0000] {dagbag.py:387} ERROR - Failed to import: /opt/airflow/dags/customer_metrics.py
Traceback (most recent call last):
  File "/home/airflow/.local/lib/python3.12/site-packages/airflow/models/dagbag.py", line 383, in parse
    loader.exec_module(new_module)
  File "<frozen importlib._bootstrap_external>", line 999, in exec_module
  File "<frozen importlib._bootstrap>", line 488, in _call_with_frames_removed
  File "/opt/airflow/dags/customer_metrics.py", line 3, in <module>
    from cosmos.airflow.task_group import DbtTaskGroup
ModuleNotFoundError: No module named 'cosmos'
[2025-09-03T17:24:58.427+0000] {processor.py:927} WARNING - No viable dags retrieved from /opt/airflow/dags/customer_metrics.py
[2025-09-03T17:24:58.449+0000] {processor.py:208} INFO - Processing /opt/airflow/dags/customer_metrics.py took 0.037 seconds
[2025-09-03T17:25:28.764+0000] {processor.py:186} INFO - Started process (PID=1480) to work on /opt/airflow/dags/customer_metrics.py
[2025-09-03T17:25:28.765+0000] {processor.py:914} INFO - Processing file /opt/airflow/dags/customer_metrics.py for tasks to queue
[2025-09-03T17:25:28.768+0000] {logging_mixin.py:190} INFO - [2025-09-03T17:25:28.767+0000] {dagbag.py:588} INFO - Filling up the DagBag from /opt/airflow/dags/customer_metrics.py
[2025-09-03T17:25:28.773+0000] {logging_mixin.py:190} INFO - [2025-09-03T17:25:28.772+0000] {dagbag.py:387} ERROR - Failed to import: /opt/airflow/dags/customer_metrics.py
Traceback (most recent call last):
  File "/home/airflow/.local/lib/python3.12/site-packages/airflow/models/dagbag.py", line 383, in parse
    loader.exec_module(new_module)
  File "<frozen importlib._bootstrap_external>", line 999, in exec_module
  File "<frozen importlib._bootstrap>", line 488, in _call_with_frames_removed
  File "/opt/airflow/dags/customer_metrics.py", line 3, in <module>
    from cosmos.airflow.task_group import DbtTaskGroup
ModuleNotFoundError: No module named 'cosmos'
[2025-09-03T17:25:28.774+0000] {processor.py:927} WARNING - No viable dags retrieved from /opt/airflow/dags/customer_metrics.py
[2025-09-03T17:25:28.797+0000] {processor.py:208} INFO - Processing /opt/airflow/dags/customer_metrics.py took 0.040 seconds
[2025-09-03T17:25:59.134+0000] {processor.py:186} INFO - Started process (PID=1496) to work on /opt/airflow/dags/customer_metrics.py
[2025-09-03T17:25:59.135+0000] {processor.py:914} INFO - Processing file /opt/airflow/dags/customer_metrics.py for tasks to queue
[2025-09-03T17:25:59.137+0000] {logging_mixin.py:190} INFO - [2025-09-03T17:25:59.136+0000] {dagbag.py:588} INFO - Filling up the DagBag from /opt/airflow/dags/customer_metrics.py
[2025-09-03T17:25:59.140+0000] {logging_mixin.py:190} INFO - [2025-09-03T17:25:59.139+0000] {dagbag.py:387} ERROR - Failed to import: /opt/airflow/dags/customer_metrics.py
Traceback (most recent call last):
  File "/home/airflow/.local/lib/python3.12/site-packages/airflow/models/dagbag.py", line 383, in parse
    loader.exec_module(new_module)
  File "<frozen importlib._bootstrap_external>", line 999, in exec_module
  File "<frozen importlib._bootstrap>", line 488, in _call_with_frames_removed
  File "/opt/airflow/dags/customer_metrics.py", line 3, in <module>
    from cosmos.airflow.task_group import DbtTaskGroup
ModuleNotFoundError: No module named 'cosmos'
[2025-09-03T17:25:59.140+0000] {processor.py:927} WARNING - No viable dags retrieved from /opt/airflow/dags/customer_metrics.py
[2025-09-03T17:25:59.159+0000] {processor.py:208} INFO - Processing /opt/airflow/dags/customer_metrics.py took 0.029 seconds
[2025-09-03T17:26:29.467+0000] {processor.py:186} INFO - Started process (PID=1512) to work on /opt/airflow/dags/customer_metrics.py
[2025-09-03T17:26:29.468+0000] {processor.py:914} INFO - Processing file /opt/airflow/dags/customer_metrics.py for tasks to queue
[2025-09-03T17:26:29.472+0000] {logging_mixin.py:190} INFO - [2025-09-03T17:26:29.472+0000] {dagbag.py:588} INFO - Filling up the DagBag from /opt/airflow/dags/customer_metrics.py
[2025-09-03T17:26:29.480+0000] {logging_mixin.py:190} INFO - [2025-09-03T17:26:29.478+0000] {dagbag.py:387} ERROR - Failed to import: /opt/airflow/dags/customer_metrics.py
Traceback (most recent call last):
  File "/home/airflow/.local/lib/python3.12/site-packages/airflow/models/dagbag.py", line 383, in parse
    loader.exec_module(new_module)
  File "<frozen importlib._bootstrap_external>", line 999, in exec_module
  File "<frozen importlib._bootstrap>", line 488, in _call_with_frames_removed
  File "/opt/airflow/dags/customer_metrics.py", line 3, in <module>
    from cosmos.airflow.task_group import DbtTaskGroup
ModuleNotFoundError: No module named 'cosmos'
[2025-09-03T17:26:29.481+0000] {processor.py:927} WARNING - No viable dags retrieved from /opt/airflow/dags/customer_metrics.py
[2025-09-03T17:26:29.510+0000] {processor.py:208} INFO - Processing /opt/airflow/dags/customer_metrics.py took 0.051 seconds
[2025-09-03T17:38:24.257+0000] {processor.py:186} INFO - Started process (PID=187) to work on /opt/airflow/dags/customer_metrics.py
[2025-09-03T17:38:24.259+0000] {processor.py:914} INFO - Processing file /opt/airflow/dags/customer_metrics.py for tasks to queue
[2025-09-03T17:38:24.262+0000] {logging_mixin.py:190} INFO - [2025-09-03T17:38:24.261+0000] {dagbag.py:588} INFO - Filling up the DagBag from /opt/airflow/dags/customer_metrics.py
[2025-09-03T17:38:24.276+0000] {logging_mixin.py:190} INFO - [2025-09-03T17:38:24.274+0000] {dagbag.py:387} ERROR - Failed to import: /opt/airflow/dags/customer_metrics.py
Traceback (most recent call last):
  File "/home/airflow/.local/lib/python3.12/site-packages/airflow/models/dagbag.py", line 383, in parse
    loader.exec_module(new_module)
  File "<frozen importlib._bootstrap_external>", line 999, in exec_module
  File "<frozen importlib._bootstrap>", line 488, in _call_with_frames_removed
  File "/opt/airflow/dags/customer_metrics.py", line 3, in <module>
    from cosmos.airflow.task_group import DbtTaskGroup
ModuleNotFoundError: No module named 'cosmos'
[2025-09-03T17:38:24.277+0000] {processor.py:927} WARNING - No viable dags retrieved from /opt/airflow/dags/customer_metrics.py
[2025-09-03T17:38:24.309+0000] {processor.py:208} INFO - Processing /opt/airflow/dags/customer_metrics.py took 0.056 seconds
[2025-09-03T17:38:55.018+0000] {processor.py:186} INFO - Started process (PID=291) to work on /opt/airflow/dags/customer_metrics.py
[2025-09-03T17:38:55.019+0000] {processor.py:914} INFO - Processing file /opt/airflow/dags/customer_metrics.py for tasks to queue
[2025-09-03T17:38:55.020+0000] {logging_mixin.py:190} INFO - [2025-09-03T17:38:55.020+0000] {dagbag.py:588} INFO - Filling up the DagBag from /opt/airflow/dags/customer_metrics.py
[2025-09-03T17:38:55.024+0000] {logging_mixin.py:190} INFO - [2025-09-03T17:38:55.023+0000] {dagbag.py:387} ERROR - Failed to import: /opt/airflow/dags/customer_metrics.py
Traceback (most recent call last):
  File "/home/airflow/.local/lib/python3.12/site-packages/airflow/models/dagbag.py", line 383, in parse
    loader.exec_module(new_module)
  File "<frozen importlib._bootstrap_external>", line 999, in exec_module
  File "<frozen importlib._bootstrap>", line 488, in _call_with_frames_removed
  File "/opt/airflow/dags/customer_metrics.py", line 3, in <module>
    from cosmos.airflow.task_group import DbtTaskGroup
ModuleNotFoundError: No module named 'cosmos'
[2025-09-03T17:38:55.024+0000] {processor.py:927} WARNING - No viable dags retrieved from /opt/airflow/dags/customer_metrics.py
[2025-09-03T17:38:55.044+0000] {processor.py:208} INFO - Processing /opt/airflow/dags/customer_metrics.py took 0.030 seconds
[2025-09-03T17:39:25.318+0000] {processor.py:186} INFO - Started process (PID=398) to work on /opt/airflow/dags/customer_metrics.py
[2025-09-03T17:39:25.319+0000] {processor.py:914} INFO - Processing file /opt/airflow/dags/customer_metrics.py for tasks to queue
[2025-09-03T17:39:25.323+0000] {logging_mixin.py:190} INFO - [2025-09-03T17:39:25.322+0000] {dagbag.py:588} INFO - Filling up the DagBag from /opt/airflow/dags/customer_metrics.py
[2025-09-03T17:39:25.331+0000] {logging_mixin.py:190} INFO - [2025-09-03T17:39:25.328+0000] {dagbag.py:387} ERROR - Failed to import: /opt/airflow/dags/customer_metrics.py
Traceback (most recent call last):
  File "/home/airflow/.local/lib/python3.12/site-packages/airflow/models/dagbag.py", line 383, in parse
    loader.exec_module(new_module)
  File "<frozen importlib._bootstrap_external>", line 999, in exec_module
  File "<frozen importlib._bootstrap>", line 488, in _call_with_frames_removed
  File "/opt/airflow/dags/customer_metrics.py", line 3, in <module>
    from cosmos.airflow.task_group import DbtTaskGroup
ModuleNotFoundError: No module named 'cosmos'
[2025-09-03T17:39:25.331+0000] {processor.py:927} WARNING - No viable dags retrieved from /opt/airflow/dags/customer_metrics.py
[2025-09-03T17:39:25.357+0000] {processor.py:208} INFO - Processing /opt/airflow/dags/customer_metrics.py took 0.044 seconds
[2025-09-03T17:39:56.162+0000] {processor.py:186} INFO - Started process (PID=514) to work on /opt/airflow/dags/customer_metrics.py
[2025-09-03T17:39:56.163+0000] {processor.py:914} INFO - Processing file /opt/airflow/dags/customer_metrics.py for tasks to queue
[2025-09-03T17:39:56.165+0000] {logging_mixin.py:190} INFO - [2025-09-03T17:39:56.165+0000] {dagbag.py:588} INFO - Filling up the DagBag from /opt/airflow/dags/customer_metrics.py
[2025-09-03T17:39:56.172+0000] {logging_mixin.py:190} INFO - [2025-09-03T17:39:56.171+0000] {dagbag.py:387} ERROR - Failed to import: /opt/airflow/dags/customer_metrics.py
Traceback (most recent call last):
  File "/home/airflow/.local/lib/python3.12/site-packages/airflow/models/dagbag.py", line 383, in parse
    loader.exec_module(new_module)
  File "<frozen importlib._bootstrap_external>", line 999, in exec_module
  File "<frozen importlib._bootstrap>", line 488, in _call_with_frames_removed
  File "/opt/airflow/dags/customer_metrics.py", line 3, in <module>
    from cosmos.airflow.task_group import DbtTaskGroup
ModuleNotFoundError: No module named 'cosmos'
[2025-09-03T17:39:56.173+0000] {processor.py:927} WARNING - No viable dags retrieved from /opt/airflow/dags/customer_metrics.py
[2025-09-03T17:39:56.198+0000] {processor.py:208} INFO - Processing /opt/airflow/dags/customer_metrics.py took 0.044 seconds
[2025-09-03T17:40:26.302+0000] {processor.py:186} INFO - Started process (PID=617) to work on /opt/airflow/dags/customer_metrics.py
[2025-09-03T17:40:26.304+0000] {processor.py:914} INFO - Processing file /opt/airflow/dags/customer_metrics.py for tasks to queue
[2025-09-03T17:40:26.307+0000] {logging_mixin.py:190} INFO - [2025-09-03T17:40:26.307+0000] {dagbag.py:588} INFO - Filling up the DagBag from /opt/airflow/dags/customer_metrics.py
[2025-09-03T17:40:26.312+0000] {logging_mixin.py:190} INFO - [2025-09-03T17:40:26.311+0000] {dagbag.py:387} ERROR - Failed to import: /opt/airflow/dags/customer_metrics.py
Traceback (most recent call last):
  File "/home/airflow/.local/lib/python3.12/site-packages/airflow/models/dagbag.py", line 383, in parse
    loader.exec_module(new_module)
  File "<frozen importlib._bootstrap_external>", line 999, in exec_module
  File "<frozen importlib._bootstrap>", line 488, in _call_with_frames_removed
  File "/opt/airflow/dags/customer_metrics.py", line 3, in <module>
    from cosmos.airflow.task_group import DbtTaskGroup
ModuleNotFoundError: No module named 'cosmos'
[2025-09-03T17:40:26.313+0000] {processor.py:927} WARNING - No viable dags retrieved from /opt/airflow/dags/customer_metrics.py
[2025-09-03T17:40:26.337+0000] {processor.py:208} INFO - Processing /opt/airflow/dags/customer_metrics.py took 0.040 seconds
[2025-09-03T17:40:56.465+0000] {processor.py:186} INFO - Started process (PID=724) to work on /opt/airflow/dags/customer_metrics.py
[2025-09-03T17:40:56.466+0000] {processor.py:914} INFO - Processing file /opt/airflow/dags/customer_metrics.py for tasks to queue
[2025-09-03T17:40:56.470+0000] {logging_mixin.py:190} INFO - [2025-09-03T17:40:56.470+0000] {dagbag.py:588} INFO - Filling up the DagBag from /opt/airflow/dags/customer_metrics.py
[2025-09-03T17:40:56.473+0000] {logging_mixin.py:190} INFO - [2025-09-03T17:40:56.472+0000] {dagbag.py:387} ERROR - Failed to import: /opt/airflow/dags/customer_metrics.py
Traceback (most recent call last):
  File "/home/airflow/.local/lib/python3.12/site-packages/airflow/models/dagbag.py", line 383, in parse
    loader.exec_module(new_module)
  File "<frozen importlib._bootstrap_external>", line 999, in exec_module
  File "<frozen importlib._bootstrap>", line 488, in _call_with_frames_removed
  File "/opt/airflow/dags/customer_metrics.py", line 3, in <module>
    from cosmos.airflow.task_group import DbtTaskGroup
ModuleNotFoundError: No module named 'cosmos'
[2025-09-03T17:40:56.474+0000] {processor.py:927} WARNING - No viable dags retrieved from /opt/airflow/dags/customer_metrics.py
[2025-09-03T17:40:56.488+0000] {processor.py:208} INFO - Processing /opt/airflow/dags/customer_metrics.py took 0.028 seconds
[2025-09-03T17:41:26.783+0000] {processor.py:186} INFO - Started process (PID=830) to work on /opt/airflow/dags/customer_metrics.py
[2025-09-03T17:41:26.784+0000] {processor.py:914} INFO - Processing file /opt/airflow/dags/customer_metrics.py for tasks to queue
[2025-09-03T17:41:26.787+0000] {logging_mixin.py:190} INFO - [2025-09-03T17:41:26.787+0000] {dagbag.py:588} INFO - Filling up the DagBag from /opt/airflow/dags/customer_metrics.py
[2025-09-03T17:41:26.791+0000] {logging_mixin.py:190} INFO - [2025-09-03T17:41:26.790+0000] {dagbag.py:387} ERROR - Failed to import: /opt/airflow/dags/customer_metrics.py
Traceback (most recent call last):
  File "/home/airflow/.local/lib/python3.12/site-packages/airflow/models/dagbag.py", line 383, in parse
    loader.exec_module(new_module)
  File "<frozen importlib._bootstrap_external>", line 999, in exec_module
  File "<frozen importlib._bootstrap>", line 488, in _call_with_frames_removed
  File "/opt/airflow/dags/customer_metrics.py", line 3, in <module>
    from cosmos.airflow.task_group import DbtTaskGroup
ModuleNotFoundError: No module named 'cosmos'
[2025-09-03T17:41:26.792+0000] {processor.py:927} WARNING - No viable dags retrieved from /opt/airflow/dags/customer_metrics.py
[2025-09-03T17:41:26.809+0000] {processor.py:208} INFO - Processing /opt/airflow/dags/customer_metrics.py took 0.033 seconds
[2025-09-03T17:41:56.948+0000] {processor.py:186} INFO - Started process (PID=937) to work on /opt/airflow/dags/customer_metrics.py
[2025-09-03T17:41:56.949+0000] {processor.py:914} INFO - Processing file /opt/airflow/dags/customer_metrics.py for tasks to queue
[2025-09-03T17:41:56.951+0000] {logging_mixin.py:190} INFO - [2025-09-03T17:41:56.951+0000] {dagbag.py:588} INFO - Filling up the DagBag from /opt/airflow/dags/customer_metrics.py
[2025-09-03T17:41:56.957+0000] {logging_mixin.py:190} INFO - [2025-09-03T17:41:56.956+0000] {dagbag.py:387} ERROR - Failed to import: /opt/airflow/dags/customer_metrics.py
Traceback (most recent call last):
  File "/home/airflow/.local/lib/python3.12/site-packages/airflow/models/dagbag.py", line 383, in parse
    loader.exec_module(new_module)
  File "<frozen importlib._bootstrap_external>", line 999, in exec_module
  File "<frozen importlib._bootstrap>", line 488, in _call_with_frames_removed
  File "/opt/airflow/dags/customer_metrics.py", line 3, in <module>
    from cosmos.airflow.task_group import DbtTaskGroup
ModuleNotFoundError: No module named 'cosmos'
[2025-09-03T17:41:56.958+0000] {processor.py:927} WARNING - No viable dags retrieved from /opt/airflow/dags/customer_metrics.py
[2025-09-03T17:41:56.976+0000] {processor.py:208} INFO - Processing /opt/airflow/dags/customer_metrics.py took 0.035 seconds
[2025-09-03T17:42:27.705+0000] {processor.py:186} INFO - Started process (PID=1044) to work on /opt/airflow/dags/customer_metrics.py
[2025-09-03T17:42:27.706+0000] {processor.py:914} INFO - Processing file /opt/airflow/dags/customer_metrics.py for tasks to queue
[2025-09-03T17:42:27.710+0000] {logging_mixin.py:190} INFO - [2025-09-03T17:42:27.709+0000] {dagbag.py:588} INFO - Filling up the DagBag from /opt/airflow/dags/customer_metrics.py
[2025-09-03T17:42:27.714+0000] {logging_mixin.py:190} INFO - [2025-09-03T17:42:27.713+0000] {dagbag.py:387} ERROR - Failed to import: /opt/airflow/dags/customer_metrics.py
Traceback (most recent call last):
  File "/home/airflow/.local/lib/python3.12/site-packages/airflow/models/dagbag.py", line 383, in parse
    loader.exec_module(new_module)
  File "<frozen importlib._bootstrap_external>", line 999, in exec_module
  File "<frozen importlib._bootstrap>", line 488, in _call_with_frames_removed
  File "/opt/airflow/dags/customer_metrics.py", line 3, in <module>
    from cosmos.airflow.task_group import DbtTaskGroup
ModuleNotFoundError: No module named 'cosmos'
[2025-09-03T17:42:27.715+0000] {processor.py:927} WARNING - No viable dags retrieved from /opt/airflow/dags/customer_metrics.py
[2025-09-03T17:42:27.735+0000] {processor.py:208} INFO - Processing /opt/airflow/dags/customer_metrics.py took 0.035 seconds
[2025-09-03T17:42:58.368+0000] {processor.py:186} INFO - Started process (PID=1151) to work on /opt/airflow/dags/customer_metrics.py
[2025-09-03T17:42:58.369+0000] {processor.py:914} INFO - Processing file /opt/airflow/dags/customer_metrics.py for tasks to queue
[2025-09-03T17:42:58.372+0000] {logging_mixin.py:190} INFO - [2025-09-03T17:42:58.372+0000] {dagbag.py:588} INFO - Filling up the DagBag from /opt/airflow/dags/customer_metrics.py
[2025-09-03T17:42:58.377+0000] {logging_mixin.py:190} INFO - [2025-09-03T17:42:58.376+0000] {dagbag.py:387} ERROR - Failed to import: /opt/airflow/dags/customer_metrics.py
Traceback (most recent call last):
  File "/home/airflow/.local/lib/python3.12/site-packages/airflow/models/dagbag.py", line 383, in parse
    loader.exec_module(new_module)
  File "<frozen importlib._bootstrap_external>", line 999, in exec_module
  File "<frozen importlib._bootstrap>", line 488, in _call_with_frames_removed
  File "/opt/airflow/dags/customer_metrics.py", line 3, in <module>
    from cosmos.airflow.task_group import DbtTaskGroup
ModuleNotFoundError: No module named 'cosmos'
[2025-09-03T17:42:58.378+0000] {processor.py:927} WARNING - No viable dags retrieved from /opt/airflow/dags/customer_metrics.py
[2025-09-03T17:42:58.402+0000] {processor.py:208} INFO - Processing /opt/airflow/dags/customer_metrics.py took 0.042 seconds
[2025-09-03T17:43:29.310+0000] {processor.py:186} INFO - Started process (PID=1258) to work on /opt/airflow/dags/customer_metrics.py
[2025-09-03T17:43:29.311+0000] {processor.py:914} INFO - Processing file /opt/airflow/dags/customer_metrics.py for tasks to queue
[2025-09-03T17:43:29.314+0000] {logging_mixin.py:190} INFO - [2025-09-03T17:43:29.314+0000] {dagbag.py:588} INFO - Filling up the DagBag from /opt/airflow/dags/customer_metrics.py
[2025-09-03T17:43:29.318+0000] {logging_mixin.py:190} INFO - [2025-09-03T17:43:29.317+0000] {dagbag.py:387} ERROR - Failed to import: /opt/airflow/dags/customer_metrics.py
Traceback (most recent call last):
  File "/home/airflow/.local/lib/python3.12/site-packages/airflow/models/dagbag.py", line 383, in parse
    loader.exec_module(new_module)
  File "<frozen importlib._bootstrap_external>", line 999, in exec_module
  File "<frozen importlib._bootstrap>", line 488, in _call_with_frames_removed
  File "/opt/airflow/dags/customer_metrics.py", line 3, in <module>
    from cosmos.airflow.task_group import DbtTaskGroup
ModuleNotFoundError: No module named 'cosmos'
[2025-09-03T17:43:29.319+0000] {processor.py:927} WARNING - No viable dags retrieved from /opt/airflow/dags/customer_metrics.py
[2025-09-03T17:43:29.341+0000] {processor.py:208} INFO - Processing /opt/airflow/dags/customer_metrics.py took 0.036 seconds
[2025-09-03T17:44:00.009+0000] {processor.py:186} INFO - Started process (PID=1365) to work on /opt/airflow/dags/customer_metrics.py
[2025-09-03T17:44:00.010+0000] {processor.py:914} INFO - Processing file /opt/airflow/dags/customer_metrics.py for tasks to queue
[2025-09-03T17:44:00.013+0000] {logging_mixin.py:190} INFO - [2025-09-03T17:44:00.013+0000] {dagbag.py:588} INFO - Filling up the DagBag from /opt/airflow/dags/customer_metrics.py
[2025-09-03T17:44:00.019+0000] {logging_mixin.py:190} INFO - [2025-09-03T17:44:00.017+0000] {dagbag.py:387} ERROR - Failed to import: /opt/airflow/dags/customer_metrics.py
Traceback (most recent call last):
  File "/home/airflow/.local/lib/python3.12/site-packages/airflow/models/dagbag.py", line 383, in parse
    loader.exec_module(new_module)
  File "<frozen importlib._bootstrap_external>", line 999, in exec_module
  File "<frozen importlib._bootstrap>", line 488, in _call_with_frames_removed
  File "/opt/airflow/dags/customer_metrics.py", line 3, in <module>
    from cosmos.airflow.task_group import DbtTaskGroup
ModuleNotFoundError: No module named 'cosmos'
[2025-09-03T17:44:00.019+0000] {processor.py:927} WARNING - No viable dags retrieved from /opt/airflow/dags/customer_metrics.py
[2025-09-03T17:44:00.044+0000] {processor.py:208} INFO - Processing /opt/airflow/dags/customer_metrics.py took 0.040 seconds
[2025-09-03T17:44:30.710+0000] {processor.py:186} INFO - Started process (PID=1472) to work on /opt/airflow/dags/customer_metrics.py
[2025-09-03T17:44:30.711+0000] {processor.py:914} INFO - Processing file /opt/airflow/dags/customer_metrics.py for tasks to queue
[2025-09-03T17:44:30.713+0000] {logging_mixin.py:190} INFO - [2025-09-03T17:44:30.713+0000] {dagbag.py:588} INFO - Filling up the DagBag from /opt/airflow/dags/customer_metrics.py
[2025-09-03T17:44:30.716+0000] {logging_mixin.py:190} INFO - [2025-09-03T17:44:30.715+0000] {dagbag.py:387} ERROR - Failed to import: /opt/airflow/dags/customer_metrics.py
Traceback (most recent call last):
  File "/home/airflow/.local/lib/python3.12/site-packages/airflow/models/dagbag.py", line 383, in parse
    loader.exec_module(new_module)
  File "<frozen importlib._bootstrap_external>", line 999, in exec_module
  File "<frozen importlib._bootstrap>", line 488, in _call_with_frames_removed
  File "/opt/airflow/dags/customer_metrics.py", line 3, in <module>
    from cosmos.airflow.task_group import DbtTaskGroup
ModuleNotFoundError: No module named 'cosmos'
[2025-09-03T17:44:30.717+0000] {processor.py:927} WARNING - No viable dags retrieved from /opt/airflow/dags/customer_metrics.py
[2025-09-03T17:44:30.741+0000] {processor.py:208} INFO - Processing /opt/airflow/dags/customer_metrics.py took 0.038 seconds
[2025-09-03T17:45:01.339+0000] {processor.py:186} INFO - Started process (PID=1579) to work on /opt/airflow/dags/customer_metrics.py
[2025-09-03T17:45:01.340+0000] {processor.py:914} INFO - Processing file /opt/airflow/dags/customer_metrics.py for tasks to queue
[2025-09-03T17:45:01.343+0000] {logging_mixin.py:190} INFO - [2025-09-03T17:45:01.342+0000] {dagbag.py:588} INFO - Filling up the DagBag from /opt/airflow/dags/customer_metrics.py
[2025-09-03T17:45:01.352+0000] {logging_mixin.py:190} INFO - [2025-09-03T17:45:01.350+0000] {dagbag.py:387} ERROR - Failed to import: /opt/airflow/dags/customer_metrics.py
Traceback (most recent call last):
  File "/home/airflow/.local/lib/python3.12/site-packages/airflow/models/dagbag.py", line 383, in parse
    loader.exec_module(new_module)
  File "<frozen importlib._bootstrap_external>", line 999, in exec_module
  File "<frozen importlib._bootstrap>", line 488, in _call_with_frames_removed
  File "/opt/airflow/dags/customer_metrics.py", line 3, in <module>
    from cosmos.airflow.task_group import DbtTaskGroup
ModuleNotFoundError: No module named 'cosmos'
[2025-09-03T17:45:01.353+0000] {processor.py:927} WARNING - No viable dags retrieved from /opt/airflow/dags/customer_metrics.py
[2025-09-03T17:45:01.379+0000] {processor.py:208} INFO - Processing /opt/airflow/dags/customer_metrics.py took 0.047 seconds
[2025-09-03T17:45:31.865+0000] {processor.py:186} INFO - Started process (PID=1686) to work on /opt/airflow/dags/customer_metrics.py
[2025-09-03T17:45:31.866+0000] {processor.py:914} INFO - Processing file /opt/airflow/dags/customer_metrics.py for tasks to queue
[2025-09-03T17:45:31.869+0000] {logging_mixin.py:190} INFO - [2025-09-03T17:45:31.868+0000] {dagbag.py:588} INFO - Filling up the DagBag from /opt/airflow/dags/customer_metrics.py
[2025-09-03T17:45:31.874+0000] {logging_mixin.py:190} INFO - [2025-09-03T17:45:31.872+0000] {dagbag.py:387} ERROR - Failed to import: /opt/airflow/dags/customer_metrics.py
Traceback (most recent call last):
  File "/home/airflow/.local/lib/python3.12/site-packages/airflow/models/dagbag.py", line 383, in parse
    loader.exec_module(new_module)
  File "<frozen importlib._bootstrap_external>", line 999, in exec_module
  File "<frozen importlib._bootstrap>", line 488, in _call_with_frames_removed
  File "/opt/airflow/dags/customer_metrics.py", line 3, in <module>
    from cosmos.airflow.task_group import DbtTaskGroup
ModuleNotFoundError: No module named 'cosmos'
[2025-09-03T17:45:31.874+0000] {processor.py:927} WARNING - No viable dags retrieved from /opt/airflow/dags/customer_metrics.py
[2025-09-03T17:45:31.897+0000] {processor.py:208} INFO - Processing /opt/airflow/dags/customer_metrics.py took 0.041 seconds
[2025-09-03T17:46:02.560+0000] {processor.py:186} INFO - Started process (PID=1793) to work on /opt/airflow/dags/customer_metrics.py
[2025-09-03T17:46:02.561+0000] {processor.py:914} INFO - Processing file /opt/airflow/dags/customer_metrics.py for tasks to queue
[2025-09-03T17:46:02.566+0000] {logging_mixin.py:190} INFO - [2025-09-03T17:46:02.565+0000] {dagbag.py:588} INFO - Filling up the DagBag from /opt/airflow/dags/customer_metrics.py
[2025-09-03T17:46:02.574+0000] {logging_mixin.py:190} INFO - [2025-09-03T17:46:02.572+0000] {dagbag.py:387} ERROR - Failed to import: /opt/airflow/dags/customer_metrics.py
Traceback (most recent call last):
  File "/home/airflow/.local/lib/python3.12/site-packages/airflow/models/dagbag.py", line 383, in parse
    loader.exec_module(new_module)
  File "<frozen importlib._bootstrap_external>", line 999, in exec_module
  File "<frozen importlib._bootstrap>", line 488, in _call_with_frames_removed
  File "/opt/airflow/dags/customer_metrics.py", line 3, in <module>
    from cosmos.airflow.task_group import DbtTaskGroup
ModuleNotFoundError: No module named 'cosmos'
[2025-09-03T17:46:02.574+0000] {processor.py:927} WARNING - No viable dags retrieved from /opt/airflow/dags/customer_metrics.py
[2025-09-03T17:46:02.594+0000] {processor.py:208} INFO - Processing /opt/airflow/dags/customer_metrics.py took 0.040 seconds
[2025-09-03T17:46:33.287+0000] {processor.py:186} INFO - Started process (PID=1900) to work on /opt/airflow/dags/customer_metrics.py
[2025-09-03T17:46:33.288+0000] {processor.py:914} INFO - Processing file /opt/airflow/dags/customer_metrics.py for tasks to queue
[2025-09-03T17:46:33.292+0000] {logging_mixin.py:190} INFO - [2025-09-03T17:46:33.292+0000] {dagbag.py:588} INFO - Filling up the DagBag from /opt/airflow/dags/customer_metrics.py
[2025-09-03T17:46:33.298+0000] {logging_mixin.py:190} INFO - [2025-09-03T17:46:33.297+0000] {dagbag.py:387} ERROR - Failed to import: /opt/airflow/dags/customer_metrics.py
Traceback (most recent call last):
  File "/home/airflow/.local/lib/python3.12/site-packages/airflow/models/dagbag.py", line 383, in parse
    loader.exec_module(new_module)
  File "<frozen importlib._bootstrap_external>", line 999, in exec_module
  File "<frozen importlib._bootstrap>", line 488, in _call_with_frames_removed
  File "/opt/airflow/dags/customer_metrics.py", line 3, in <module>
    from cosmos.airflow.task_group import DbtTaskGroup
ModuleNotFoundError: No module named 'cosmos'
[2025-09-03T17:46:33.299+0000] {processor.py:927} WARNING - No viable dags retrieved from /opt/airflow/dags/customer_metrics.py
[2025-09-03T17:46:33.326+0000] {processor.py:208} INFO - Processing /opt/airflow/dags/customer_metrics.py took 0.046 seconds
[2025-09-03T17:47:03.863+0000] {processor.py:186} INFO - Started process (PID=2007) to work on /opt/airflow/dags/customer_metrics.py
[2025-09-03T17:47:03.864+0000] {processor.py:914} INFO - Processing file /opt/airflow/dags/customer_metrics.py for tasks to queue
[2025-09-03T17:47:03.866+0000] {logging_mixin.py:190} INFO - [2025-09-03T17:47:03.865+0000] {dagbag.py:588} INFO - Filling up the DagBag from /opt/airflow/dags/customer_metrics.py
[2025-09-03T17:47:03.869+0000] {logging_mixin.py:190} INFO - [2025-09-03T17:47:03.868+0000] {dagbag.py:387} ERROR - Failed to import: /opt/airflow/dags/customer_metrics.py
Traceback (most recent call last):
  File "/home/airflow/.local/lib/python3.12/site-packages/airflow/models/dagbag.py", line 383, in parse
    loader.exec_module(new_module)
  File "<frozen importlib._bootstrap_external>", line 999, in exec_module
  File "<frozen importlib._bootstrap>", line 488, in _call_with_frames_removed
  File "/opt/airflow/dags/customer_metrics.py", line 3, in <module>
    from cosmos.airflow.task_group import DbtTaskGroup
ModuleNotFoundError: No module named 'cosmos'
[2025-09-03T17:47:03.870+0000] {processor.py:927} WARNING - No viable dags retrieved from /opt/airflow/dags/customer_metrics.py
[2025-09-03T17:47:03.889+0000] {processor.py:208} INFO - Processing /opt/airflow/dags/customer_metrics.py took 0.031 seconds
[2025-09-03T17:47:34.648+0000] {processor.py:186} INFO - Started process (PID=2114) to work on /opt/airflow/dags/customer_metrics.py
[2025-09-03T17:47:34.649+0000] {processor.py:914} INFO - Processing file /opt/airflow/dags/customer_metrics.py for tasks to queue
[2025-09-03T17:47:34.651+0000] {logging_mixin.py:190} INFO - [2025-09-03T17:47:34.651+0000] {dagbag.py:588} INFO - Filling up the DagBag from /opt/airflow/dags/customer_metrics.py
[2025-09-03T17:47:34.656+0000] {logging_mixin.py:190} INFO - [2025-09-03T17:47:34.655+0000] {dagbag.py:387} ERROR - Failed to import: /opt/airflow/dags/customer_metrics.py
Traceback (most recent call last):
  File "/home/airflow/.local/lib/python3.12/site-packages/airflow/models/dagbag.py", line 383, in parse
    loader.exec_module(new_module)
  File "<frozen importlib._bootstrap_external>", line 999, in exec_module
  File "<frozen importlib._bootstrap>", line 488, in _call_with_frames_removed
  File "/opt/airflow/dags/customer_metrics.py", line 3, in <module>
    from cosmos.airflow.task_group import DbtTaskGroup
ModuleNotFoundError: No module named 'cosmos'
[2025-09-03T17:47:34.657+0000] {processor.py:927} WARNING - No viable dags retrieved from /opt/airflow/dags/customer_metrics.py
[2025-09-03T17:47:34.678+0000] {processor.py:208} INFO - Processing /opt/airflow/dags/customer_metrics.py took 0.036 seconds
[2025-09-03T17:48:05.352+0000] {processor.py:186} INFO - Started process (PID=2221) to work on /opt/airflow/dags/customer_metrics.py
[2025-09-03T17:48:05.353+0000] {processor.py:914} INFO - Processing file /opt/airflow/dags/customer_metrics.py for tasks to queue
[2025-09-03T17:48:05.357+0000] {logging_mixin.py:190} INFO - [2025-09-03T17:48:05.356+0000] {dagbag.py:588} INFO - Filling up the DagBag from /opt/airflow/dags/customer_metrics.py
[2025-09-03T17:48:05.362+0000] {logging_mixin.py:190} INFO - [2025-09-03T17:48:05.360+0000] {dagbag.py:387} ERROR - Failed to import: /opt/airflow/dags/customer_metrics.py
Traceback (most recent call last):
  File "/home/airflow/.local/lib/python3.12/site-packages/airflow/models/dagbag.py", line 383, in parse
    loader.exec_module(new_module)
  File "<frozen importlib._bootstrap_external>", line 999, in exec_module
  File "<frozen importlib._bootstrap>", line 488, in _call_with_frames_removed
  File "/opt/airflow/dags/customer_metrics.py", line 3, in <module>
    from cosmos.airflow.task_group import DbtTaskGroup
ModuleNotFoundError: No module named 'cosmos'
[2025-09-03T17:48:05.362+0000] {processor.py:927} WARNING - No viable dags retrieved from /opt/airflow/dags/customer_metrics.py
[2025-09-03T17:48:05.386+0000] {processor.py:208} INFO - Processing /opt/airflow/dags/customer_metrics.py took 0.041 seconds
[2025-09-03T17:48:36.318+0000] {processor.py:186} INFO - Started process (PID=2327) to work on /opt/airflow/dags/customer_metrics.py
[2025-09-03T17:48:36.320+0000] {processor.py:914} INFO - Processing file /opt/airflow/dags/customer_metrics.py for tasks to queue
[2025-09-03T17:48:36.321+0000] {logging_mixin.py:190} INFO - [2025-09-03T17:48:36.321+0000] {dagbag.py:588} INFO - Filling up the DagBag from /opt/airflow/dags/customer_metrics.py
[2025-09-03T17:48:36.325+0000] {logging_mixin.py:190} INFO - [2025-09-03T17:48:36.324+0000] {dagbag.py:387} ERROR - Failed to import: /opt/airflow/dags/customer_metrics.py
Traceback (most recent call last):
  File "/home/airflow/.local/lib/python3.12/site-packages/airflow/models/dagbag.py", line 383, in parse
    loader.exec_module(new_module)
  File "<frozen importlib._bootstrap_external>", line 999, in exec_module
  File "<frozen importlib._bootstrap>", line 488, in _call_with_frames_removed
  File "/opt/airflow/dags/customer_metrics.py", line 3, in <module>
    from cosmos.airflow.task_group import DbtTaskGroup
ModuleNotFoundError: No module named 'cosmos'
[2025-09-03T17:48:36.325+0000] {processor.py:927} WARNING - No viable dags retrieved from /opt/airflow/dags/customer_metrics.py
[2025-09-03T17:48:36.345+0000] {processor.py:208} INFO - Processing /opt/airflow/dags/customer_metrics.py took 0.033 seconds
[2025-09-03T17:49:07.311+0000] {processor.py:186} INFO - Started process (PID=2434) to work on /opt/airflow/dags/customer_metrics.py
[2025-09-03T17:49:07.312+0000] {processor.py:914} INFO - Processing file /opt/airflow/dags/customer_metrics.py for tasks to queue
[2025-09-03T17:49:07.315+0000] {logging_mixin.py:190} INFO - [2025-09-03T17:49:07.315+0000] {dagbag.py:588} INFO - Filling up the DagBag from /opt/airflow/dags/customer_metrics.py
[2025-09-03T17:49:07.320+0000] {logging_mixin.py:190} INFO - [2025-09-03T17:49:07.319+0000] {dagbag.py:387} ERROR - Failed to import: /opt/airflow/dags/customer_metrics.py
Traceback (most recent call last):
  File "/home/airflow/.local/lib/python3.12/site-packages/airflow/models/dagbag.py", line 383, in parse
    loader.exec_module(new_module)
  File "<frozen importlib._bootstrap_external>", line 999, in exec_module
  File "<frozen importlib._bootstrap>", line 488, in _call_with_frames_removed
  File "/opt/airflow/dags/customer_metrics.py", line 3, in <module>
    from cosmos.airflow.task_group import DbtTaskGroup
ModuleNotFoundError: No module named 'cosmos'
[2025-09-03T17:49:07.321+0000] {processor.py:927} WARNING - No viable dags retrieved from /opt/airflow/dags/customer_metrics.py
[2025-09-03T17:49:07.341+0000] {processor.py:208} INFO - Processing /opt/airflow/dags/customer_metrics.py took 0.038 seconds
[2025-09-03T17:49:38.122+0000] {processor.py:186} INFO - Started process (PID=2541) to work on /opt/airflow/dags/customer_metrics.py
[2025-09-03T17:49:38.123+0000] {processor.py:914} INFO - Processing file /opt/airflow/dags/customer_metrics.py for tasks to queue
[2025-09-03T17:49:38.126+0000] {logging_mixin.py:190} INFO - [2025-09-03T17:49:38.126+0000] {dagbag.py:588} INFO - Filling up the DagBag from /opt/airflow/dags/customer_metrics.py
[2025-09-03T17:49:38.132+0000] {logging_mixin.py:190} INFO - [2025-09-03T17:49:38.130+0000] {dagbag.py:387} ERROR - Failed to import: /opt/airflow/dags/customer_metrics.py
Traceback (most recent call last):
  File "/home/airflow/.local/lib/python3.12/site-packages/airflow/models/dagbag.py", line 383, in parse
    loader.exec_module(new_module)
  File "<frozen importlib._bootstrap_external>", line 999, in exec_module
  File "<frozen importlib._bootstrap>", line 488, in _call_with_frames_removed
  File "/opt/airflow/dags/customer_metrics.py", line 3, in <module>
    from cosmos.airflow.task_group import DbtTaskGroup
ModuleNotFoundError: No module named 'cosmos'
[2025-09-03T17:49:38.133+0000] {processor.py:927} WARNING - No viable dags retrieved from /opt/airflow/dags/customer_metrics.py
[2025-09-03T17:49:38.158+0000] {processor.py:208} INFO - Processing /opt/airflow/dags/customer_metrics.py took 0.046 seconds
[2025-09-03T17:50:08.925+0000] {processor.py:186} INFO - Started process (PID=2648) to work on /opt/airflow/dags/customer_metrics.py
[2025-09-03T17:50:08.925+0000] {processor.py:914} INFO - Processing file /opt/airflow/dags/customer_metrics.py for tasks to queue
[2025-09-03T17:50:08.927+0000] {logging_mixin.py:190} INFO - [2025-09-03T17:50:08.927+0000] {dagbag.py:588} INFO - Filling up the DagBag from /opt/airflow/dags/customer_metrics.py
[2025-09-03T17:50:08.931+0000] {logging_mixin.py:190} INFO - [2025-09-03T17:50:08.930+0000] {dagbag.py:387} ERROR - Failed to import: /opt/airflow/dags/customer_metrics.py
Traceback (most recent call last):
  File "/home/airflow/.local/lib/python3.12/site-packages/airflow/models/dagbag.py", line 383, in parse
    loader.exec_module(new_module)
  File "<frozen importlib._bootstrap_external>", line 999, in exec_module
  File "<frozen importlib._bootstrap>", line 488, in _call_with_frames_removed
  File "/opt/airflow/dags/customer_metrics.py", line 3, in <module>
    from cosmos.airflow.task_group import DbtTaskGroup
ModuleNotFoundError: No module named 'cosmos'
[2025-09-03T17:50:08.931+0000] {processor.py:927} WARNING - No viable dags retrieved from /opt/airflow/dags/customer_metrics.py
[2025-09-03T17:50:08.954+0000] {processor.py:208} INFO - Processing /opt/airflow/dags/customer_metrics.py took 0.034 seconds
[2025-09-03T17:50:39.699+0000] {processor.py:186} INFO - Started process (PID=2755) to work on /opt/airflow/dags/customer_metrics.py
[2025-09-03T17:50:39.700+0000] {processor.py:914} INFO - Processing file /opt/airflow/dags/customer_metrics.py for tasks to queue
[2025-09-03T17:50:39.702+0000] {logging_mixin.py:190} INFO - [2025-09-03T17:50:39.702+0000] {dagbag.py:588} INFO - Filling up the DagBag from /opt/airflow/dags/customer_metrics.py
[2025-09-03T17:50:39.706+0000] {logging_mixin.py:190} INFO - [2025-09-03T17:50:39.705+0000] {dagbag.py:387} ERROR - Failed to import: /opt/airflow/dags/customer_metrics.py
Traceback (most recent call last):
  File "/home/airflow/.local/lib/python3.12/site-packages/airflow/models/dagbag.py", line 383, in parse
    loader.exec_module(new_module)
  File "<frozen importlib._bootstrap_external>", line 999, in exec_module
  File "<frozen importlib._bootstrap>", line 488, in _call_with_frames_removed
  File "/opt/airflow/dags/customer_metrics.py", line 3, in <module>
    from cosmos.airflow.task_group import DbtTaskGroup
ModuleNotFoundError: No module named 'cosmos'
[2025-09-03T17:50:39.707+0000] {processor.py:927} WARNING - No viable dags retrieved from /opt/airflow/dags/customer_metrics.py
[2025-09-03T17:50:39.726+0000] {processor.py:208} INFO - Processing /opt/airflow/dags/customer_metrics.py took 0.032 seconds
[2025-09-03T17:51:10.597+0000] {processor.py:186} INFO - Started process (PID=2862) to work on /opt/airflow/dags/customer_metrics.py
[2025-09-03T17:51:10.598+0000] {processor.py:914} INFO - Processing file /opt/airflow/dags/customer_metrics.py for tasks to queue
[2025-09-03T17:51:10.600+0000] {logging_mixin.py:190} INFO - [2025-09-03T17:51:10.599+0000] {dagbag.py:588} INFO - Filling up the DagBag from /opt/airflow/dags/customer_metrics.py
[2025-09-03T17:51:10.605+0000] {logging_mixin.py:190} INFO - [2025-09-03T17:51:10.603+0000] {dagbag.py:387} ERROR - Failed to import: /opt/airflow/dags/customer_metrics.py
Traceback (most recent call last):
  File "/home/airflow/.local/lib/python3.12/site-packages/airflow/models/dagbag.py", line 383, in parse
    loader.exec_module(new_module)
  File "<frozen importlib._bootstrap_external>", line 999, in exec_module
  File "<frozen importlib._bootstrap>", line 488, in _call_with_frames_removed
  File "/opt/airflow/dags/customer_metrics.py", line 3, in <module>
    from cosmos.airflow.task_group import DbtTaskGroup
ModuleNotFoundError: No module named 'cosmos'
[2025-09-03T17:51:10.606+0000] {processor.py:927} WARNING - No viable dags retrieved from /opt/airflow/dags/customer_metrics.py
[2025-09-03T17:51:10.635+0000] {processor.py:208} INFO - Processing /opt/airflow/dags/customer_metrics.py took 0.043 seconds
[2025-09-03T17:51:41.520+0000] {processor.py:186} INFO - Started process (PID=2969) to work on /opt/airflow/dags/customer_metrics.py
[2025-09-03T17:51:41.521+0000] {processor.py:914} INFO - Processing file /opt/airflow/dags/customer_metrics.py for tasks to queue
[2025-09-03T17:51:41.524+0000] {logging_mixin.py:190} INFO - [2025-09-03T17:51:41.523+0000] {dagbag.py:588} INFO - Filling up the DagBag from /opt/airflow/dags/customer_metrics.py
[2025-09-03T17:51:41.530+0000] {logging_mixin.py:190} INFO - [2025-09-03T17:51:41.528+0000] {dagbag.py:387} ERROR - Failed to import: /opt/airflow/dags/customer_metrics.py
Traceback (most recent call last):
  File "/home/airflow/.local/lib/python3.12/site-packages/airflow/models/dagbag.py", line 383, in parse
    loader.exec_module(new_module)
  File "<frozen importlib._bootstrap_external>", line 999, in exec_module
  File "<frozen importlib._bootstrap>", line 488, in _call_with_frames_removed
  File "/opt/airflow/dags/customer_metrics.py", line 3, in <module>
    from cosmos.airflow.task_group import DbtTaskGroup
ModuleNotFoundError: No module named 'cosmos'
[2025-09-03T17:51:41.530+0000] {processor.py:927} WARNING - No viable dags retrieved from /opt/airflow/dags/customer_metrics.py
[2025-09-03T17:51:41.556+0000] {processor.py:208} INFO - Processing /opt/airflow/dags/customer_metrics.py took 0.042 seconds
[2025-09-03T17:52:12.538+0000] {processor.py:186} INFO - Started process (PID=3075) to work on /opt/airflow/dags/customer_metrics.py
[2025-09-03T17:52:12.539+0000] {processor.py:914} INFO - Processing file /opt/airflow/dags/customer_metrics.py for tasks to queue
[2025-09-03T17:52:12.541+0000] {logging_mixin.py:190} INFO - [2025-09-03T17:52:12.541+0000] {dagbag.py:588} INFO - Filling up the DagBag from /opt/airflow/dags/customer_metrics.py
[2025-09-03T17:52:12.545+0000] {logging_mixin.py:190} INFO - [2025-09-03T17:52:12.544+0000] {dagbag.py:387} ERROR - Failed to import: /opt/airflow/dags/customer_metrics.py
Traceback (most recent call last):
  File "/home/airflow/.local/lib/python3.12/site-packages/airflow/models/dagbag.py", line 383, in parse
    loader.exec_module(new_module)
  File "<frozen importlib._bootstrap_external>", line 999, in exec_module
  File "<frozen importlib._bootstrap>", line 488, in _call_with_frames_removed
  File "/opt/airflow/dags/customer_metrics.py", line 3, in <module>
    from cosmos.airflow.task_group import DbtTaskGroup
ModuleNotFoundError: No module named 'cosmos'
[2025-09-03T17:52:12.545+0000] {processor.py:927} WARNING - No viable dags retrieved from /opt/airflow/dags/customer_metrics.py
[2025-09-03T17:52:12.567+0000] {processor.py:208} INFO - Processing /opt/airflow/dags/customer_metrics.py took 0.035 seconds
[2025-09-03T17:52:42.603+0000] {processor.py:186} INFO - Started process (PID=3182) to work on /opt/airflow/dags/customer_metrics.py
[2025-09-03T17:52:42.604+0000] {processor.py:914} INFO - Processing file /opt/airflow/dags/customer_metrics.py for tasks to queue
[2025-09-03T17:52:42.607+0000] {logging_mixin.py:190} INFO - [2025-09-03T17:52:42.607+0000] {dagbag.py:588} INFO - Filling up the DagBag from /opt/airflow/dags/customer_metrics.py
[2025-09-03T17:52:42.613+0000] {logging_mixin.py:190} INFO - [2025-09-03T17:52:42.612+0000] {dagbag.py:387} ERROR - Failed to import: /opt/airflow/dags/customer_metrics.py
Traceback (most recent call last):
  File "/home/airflow/.local/lib/python3.12/site-packages/airflow/models/dagbag.py", line 383, in parse
    loader.exec_module(new_module)
  File "<frozen importlib._bootstrap_external>", line 999, in exec_module
  File "<frozen importlib._bootstrap>", line 488, in _call_with_frames_removed
  File "/opt/airflow/dags/customer_metrics.py", line 3, in <module>
    from cosmos.airflow.task_group import DbtTaskGroup
ModuleNotFoundError: No module named 'cosmos'
[2025-09-03T17:52:42.614+0000] {processor.py:927} WARNING - No viable dags retrieved from /opt/airflow/dags/customer_metrics.py
[2025-09-03T17:52:42.638+0000] {processor.py:208} INFO - Processing /opt/airflow/dags/customer_metrics.py took 0.041 seconds
[2025-09-03T17:53:13.560+0000] {processor.py:186} INFO - Started process (PID=3289) to work on /opt/airflow/dags/customer_metrics.py
[2025-09-03T17:53:13.560+0000] {processor.py:914} INFO - Processing file /opt/airflow/dags/customer_metrics.py for tasks to queue
[2025-09-03T17:53:13.563+0000] {logging_mixin.py:190} INFO - [2025-09-03T17:53:13.562+0000] {dagbag.py:588} INFO - Filling up the DagBag from /opt/airflow/dags/customer_metrics.py
[2025-09-03T17:53:13.566+0000] {logging_mixin.py:190} INFO - [2025-09-03T17:53:13.565+0000] {dagbag.py:387} ERROR - Failed to import: /opt/airflow/dags/customer_metrics.py
Traceback (most recent call last):
  File "/home/airflow/.local/lib/python3.12/site-packages/airflow/models/dagbag.py", line 383, in parse
    loader.exec_module(new_module)
  File "<frozen importlib._bootstrap_external>", line 999, in exec_module
  File "<frozen importlib._bootstrap>", line 488, in _call_with_frames_removed
  File "/opt/airflow/dags/customer_metrics.py", line 3, in <module>
    from cosmos.airflow.task_group import DbtTaskGroup
ModuleNotFoundError: No module named 'cosmos'
[2025-09-03T17:53:13.567+0000] {processor.py:927} WARNING - No viable dags retrieved from /opt/airflow/dags/customer_metrics.py
[2025-09-03T17:53:13.591+0000] {processor.py:208} INFO - Processing /opt/airflow/dags/customer_metrics.py took 0.038 seconds
[2025-09-03T17:53:43.789+0000] {processor.py:186} INFO - Started process (PID=3396) to work on /opt/airflow/dags/customer_metrics.py
[2025-09-03T17:53:43.790+0000] {processor.py:914} INFO - Processing file /opt/airflow/dags/customer_metrics.py for tasks to queue
[2025-09-03T17:53:43.792+0000] {logging_mixin.py:190} INFO - [2025-09-03T17:53:43.792+0000] {dagbag.py:588} INFO - Filling up the DagBag from /opt/airflow/dags/customer_metrics.py
[2025-09-03T17:53:43.795+0000] {logging_mixin.py:190} INFO - [2025-09-03T17:53:43.794+0000] {dagbag.py:387} ERROR - Failed to import: /opt/airflow/dags/customer_metrics.py
Traceback (most recent call last):
  File "/home/airflow/.local/lib/python3.12/site-packages/airflow/models/dagbag.py", line 383, in parse
    loader.exec_module(new_module)
  File "<frozen importlib._bootstrap_external>", line 999, in exec_module
  File "<frozen importlib._bootstrap>", line 488, in _call_with_frames_removed
  File "/opt/airflow/dags/customer_metrics.py", line 3, in <module>
    from cosmos.airflow.task_group import DbtTaskGroup
ModuleNotFoundError: No module named 'cosmos'
[2025-09-03T17:53:43.796+0000] {processor.py:927} WARNING - No viable dags retrieved from /opt/airflow/dags/customer_metrics.py
[2025-09-03T17:53:43.812+0000] {processor.py:208} INFO - Processing /opt/airflow/dags/customer_metrics.py took 0.028 seconds
[2025-09-03T17:54:13.901+0000] {processor.py:186} INFO - Started process (PID=3503) to work on /opt/airflow/dags/customer_metrics.py
[2025-09-03T17:54:13.902+0000] {processor.py:914} INFO - Processing file /opt/airflow/dags/customer_metrics.py for tasks to queue
[2025-09-03T17:54:13.904+0000] {logging_mixin.py:190} INFO - [2025-09-03T17:54:13.904+0000] {dagbag.py:588} INFO - Filling up the DagBag from /opt/airflow/dags/customer_metrics.py
[2025-09-03T17:54:13.908+0000] {logging_mixin.py:190} INFO - [2025-09-03T17:54:13.907+0000] {dagbag.py:387} ERROR - Failed to import: /opt/airflow/dags/customer_metrics.py
Traceback (most recent call last):
  File "/home/airflow/.local/lib/python3.12/site-packages/airflow/models/dagbag.py", line 383, in parse
    loader.exec_module(new_module)
  File "<frozen importlib._bootstrap_external>", line 999, in exec_module
  File "<frozen importlib._bootstrap>", line 488, in _call_with_frames_removed
  File "/opt/airflow/dags/customer_metrics.py", line 3, in <module>
    from cosmos.airflow.task_group import DbtTaskGroup
ModuleNotFoundError: No module named 'cosmos'
[2025-09-03T17:54:13.908+0000] {processor.py:927} WARNING - No viable dags retrieved from /opt/airflow/dags/customer_metrics.py
[2025-09-03T17:54:13.935+0000] {processor.py:208} INFO - Processing /opt/airflow/dags/customer_metrics.py took 0.041 seconds
[2025-09-03T17:54:44.204+0000] {processor.py:186} INFO - Started process (PID=3610) to work on /opt/airflow/dags/customer_metrics.py
[2025-09-03T17:54:44.205+0000] {processor.py:914} INFO - Processing file /opt/airflow/dags/customer_metrics.py for tasks to queue
[2025-09-03T17:54:44.207+0000] {logging_mixin.py:190} INFO - [2025-09-03T17:54:44.207+0000] {dagbag.py:588} INFO - Filling up the DagBag from /opt/airflow/dags/customer_metrics.py
[2025-09-03T17:54:44.212+0000] {logging_mixin.py:190} INFO - [2025-09-03T17:54:44.211+0000] {dagbag.py:387} ERROR - Failed to import: /opt/airflow/dags/customer_metrics.py
Traceback (most recent call last):
  File "/home/airflow/.local/lib/python3.12/site-packages/airflow/models/dagbag.py", line 383, in parse
    loader.exec_module(new_module)
  File "<frozen importlib._bootstrap_external>", line 999, in exec_module
  File "<frozen importlib._bootstrap>", line 488, in _call_with_frames_removed
  File "/opt/airflow/dags/customer_metrics.py", line 3, in <module>
    from cosmos.airflow.task_group import DbtTaskGroup
ModuleNotFoundError: No module named 'cosmos'
[2025-09-03T17:54:44.212+0000] {processor.py:927} WARNING - No viable dags retrieved from /opt/airflow/dags/customer_metrics.py
[2025-09-03T17:54:44.233+0000] {processor.py:208} INFO - Processing /opt/airflow/dags/customer_metrics.py took 0.035 seconds
[2025-09-03T17:55:54.163+0000] {processor.py:186} INFO - Started process (PID=193) to work on /opt/airflow/dags/customer_metrics.py
[2025-09-03T17:55:54.167+0000] {processor.py:914} INFO - Processing file /opt/airflow/dags/customer_metrics.py for tasks to queue
[2025-09-03T17:55:54.171+0000] {logging_mixin.py:190} INFO - [2025-09-03T17:55:54.171+0000] {dagbag.py:588} INFO - Filling up the DagBag from /opt/airflow/dags/customer_metrics.py
[2025-09-03T17:55:54.183+0000] {logging_mixin.py:190} INFO - [2025-09-03T17:55:54.181+0000] {dagbag.py:387} ERROR - Failed to import: /opt/airflow/dags/customer_metrics.py
Traceback (most recent call last):
  File "/home/airflow/.local/lib/python3.12/site-packages/airflow/models/dagbag.py", line 383, in parse
    loader.exec_module(new_module)
  File "<frozen importlib._bootstrap_external>", line 999, in exec_module
  File "<frozen importlib._bootstrap>", line 488, in _call_with_frames_removed
  File "/opt/airflow/dags/customer_metrics.py", line 3, in <module>
    from cosmos.airflow.task_group import DbtTaskGroup
ModuleNotFoundError: No module named 'cosmos'
[2025-09-03T17:55:54.184+0000] {processor.py:927} WARNING - No viable dags retrieved from /opt/airflow/dags/customer_metrics.py
[2025-09-03T17:55:54.224+0000] {processor.py:208} INFO - Processing /opt/airflow/dags/customer_metrics.py took 0.072 seconds
[2025-09-03T17:56:24.900+0000] {processor.py:186} INFO - Started process (PID=298) to work on /opt/airflow/dags/customer_metrics.py
[2025-09-03T17:56:24.901+0000] {processor.py:914} INFO - Processing file /opt/airflow/dags/customer_metrics.py for tasks to queue
[2025-09-03T17:56:24.904+0000] {logging_mixin.py:190} INFO - [2025-09-03T17:56:24.903+0000] {dagbag.py:588} INFO - Filling up the DagBag from /opt/airflow/dags/customer_metrics.py
[2025-09-03T17:56:24.910+0000] {logging_mixin.py:190} INFO - [2025-09-03T17:56:24.908+0000] {dagbag.py:387} ERROR - Failed to import: /opt/airflow/dags/customer_metrics.py
Traceback (most recent call last):
  File "/home/airflow/.local/lib/python3.12/site-packages/airflow/models/dagbag.py", line 383, in parse
    loader.exec_module(new_module)
  File "<frozen importlib._bootstrap_external>", line 999, in exec_module
  File "<frozen importlib._bootstrap>", line 488, in _call_with_frames_removed
  File "/opt/airflow/dags/customer_metrics.py", line 3, in <module>
    from cosmos.airflow.task_group import DbtTaskGroup
ModuleNotFoundError: No module named 'cosmos'
[2025-09-03T17:56:24.910+0000] {processor.py:927} WARNING - No viable dags retrieved from /opt/airflow/dags/customer_metrics.py
[2025-09-03T17:56:24.936+0000] {processor.py:208} INFO - Processing /opt/airflow/dags/customer_metrics.py took 0.041 seconds
[2025-09-03T17:56:55.600+0000] {processor.py:186} INFO - Started process (PID=405) to work on /opt/airflow/dags/customer_metrics.py
[2025-09-03T17:56:55.601+0000] {processor.py:914} INFO - Processing file /opt/airflow/dags/customer_metrics.py for tasks to queue
[2025-09-03T17:56:55.604+0000] {logging_mixin.py:190} INFO - [2025-09-03T17:56:55.604+0000] {dagbag.py:588} INFO - Filling up the DagBag from /opt/airflow/dags/customer_metrics.py
[2025-09-03T17:56:55.608+0000] {logging_mixin.py:190} INFO - [2025-09-03T17:56:55.607+0000] {dagbag.py:387} ERROR - Failed to import: /opt/airflow/dags/customer_metrics.py
Traceback (most recent call last):
  File "/home/airflow/.local/lib/python3.12/site-packages/airflow/models/dagbag.py", line 383, in parse
    loader.exec_module(new_module)
  File "<frozen importlib._bootstrap_external>", line 999, in exec_module
  File "<frozen importlib._bootstrap>", line 488, in _call_with_frames_removed
  File "/opt/airflow/dags/customer_metrics.py", line 3, in <module>
    from cosmos.airflow.task_group import DbtTaskGroup
ModuleNotFoundError: No module named 'cosmos'
[2025-09-03T17:56:55.608+0000] {processor.py:927} WARNING - No viable dags retrieved from /opt/airflow/dags/customer_metrics.py
[2025-09-03T17:56:55.630+0000] {processor.py:208} INFO - Processing /opt/airflow/dags/customer_metrics.py took 0.035 seconds
[2025-09-03T17:57:25.678+0000] {processor.py:186} INFO - Started process (PID=512) to work on /opt/airflow/dags/customer_metrics.py
[2025-09-03T17:57:25.679+0000] {processor.py:914} INFO - Processing file /opt/airflow/dags/customer_metrics.py for tasks to queue
[2025-09-03T17:57:25.682+0000] {logging_mixin.py:190} INFO - [2025-09-03T17:57:25.682+0000] {dagbag.py:588} INFO - Filling up the DagBag from /opt/airflow/dags/customer_metrics.py
[2025-09-03T17:57:25.687+0000] {logging_mixin.py:190} INFO - [2025-09-03T17:57:25.686+0000] {dagbag.py:387} ERROR - Failed to import: /opt/airflow/dags/customer_metrics.py
Traceback (most recent call last):
  File "/home/airflow/.local/lib/python3.12/site-packages/airflow/models/dagbag.py", line 383, in parse
    loader.exec_module(new_module)
  File "<frozen importlib._bootstrap_external>", line 999, in exec_module
  File "<frozen importlib._bootstrap>", line 488, in _call_with_frames_removed
  File "/opt/airflow/dags/customer_metrics.py", line 3, in <module>
    from cosmos.airflow.task_group import DbtTaskGroup
ModuleNotFoundError: No module named 'cosmos'
[2025-09-03T17:57:25.688+0000] {processor.py:927} WARNING - No viable dags retrieved from /opt/airflow/dags/customer_metrics.py
[2025-09-03T17:57:25.710+0000] {processor.py:208} INFO - Processing /opt/airflow/dags/customer_metrics.py took 0.038 seconds
[2025-09-03T17:57:55.871+0000] {processor.py:186} INFO - Started process (PID=619) to work on /opt/airflow/dags/customer_metrics.py
[2025-09-03T17:57:55.872+0000] {processor.py:914} INFO - Processing file /opt/airflow/dags/customer_metrics.py for tasks to queue
[2025-09-03T17:57:55.876+0000] {logging_mixin.py:190} INFO - [2025-09-03T17:57:55.876+0000] {dagbag.py:588} INFO - Filling up the DagBag from /opt/airflow/dags/customer_metrics.py
[2025-09-03T17:57:55.881+0000] {logging_mixin.py:190} INFO - [2025-09-03T17:57:55.880+0000] {dagbag.py:387} ERROR - Failed to import: /opt/airflow/dags/customer_metrics.py
Traceback (most recent call last):
  File "/home/airflow/.local/lib/python3.12/site-packages/airflow/models/dagbag.py", line 383, in parse
    loader.exec_module(new_module)
  File "<frozen importlib._bootstrap_external>", line 999, in exec_module
  File "<frozen importlib._bootstrap>", line 488, in _call_with_frames_removed
  File "/opt/airflow/dags/customer_metrics.py", line 3, in <module>
    from cosmos.airflow.task_group import DbtTaskGroup
ModuleNotFoundError: No module named 'cosmos'
[2025-09-03T17:57:55.882+0000] {processor.py:927} WARNING - No viable dags retrieved from /opt/airflow/dags/customer_metrics.py
[2025-09-03T17:57:55.904+0000] {processor.py:208} INFO - Processing /opt/airflow/dags/customer_metrics.py took 0.038 seconds
[2025-09-03T17:58:26.179+0000] {processor.py:186} INFO - Started process (PID=726) to work on /opt/airflow/dags/customer_metrics.py
[2025-09-03T17:58:26.180+0000] {processor.py:914} INFO - Processing file /opt/airflow/dags/customer_metrics.py for tasks to queue
[2025-09-03T17:58:26.183+0000] {logging_mixin.py:190} INFO - [2025-09-03T17:58:26.183+0000] {dagbag.py:588} INFO - Filling up the DagBag from /opt/airflow/dags/customer_metrics.py
[2025-09-03T17:58:26.186+0000] {logging_mixin.py:190} INFO - [2025-09-03T17:58:26.186+0000] {dagbag.py:387} ERROR - Failed to import: /opt/airflow/dags/customer_metrics.py
Traceback (most recent call last):
  File "/home/airflow/.local/lib/python3.12/site-packages/airflow/models/dagbag.py", line 383, in parse
    loader.exec_module(new_module)
  File "<frozen importlib._bootstrap_external>", line 999, in exec_module
  File "<frozen importlib._bootstrap>", line 488, in _call_with_frames_removed
  File "/opt/airflow/dags/customer_metrics.py", line 3, in <module>
    from cosmos.airflow.task_group import DbtTaskGroup
ModuleNotFoundError: No module named 'cosmos'
[2025-09-03T17:58:26.187+0000] {processor.py:927} WARNING - No viable dags retrieved from /opt/airflow/dags/customer_metrics.py
[2025-09-03T17:58:26.220+0000] {processor.py:208} INFO - Processing /opt/airflow/dags/customer_metrics.py took 0.047 seconds
[2025-09-03T17:58:56.379+0000] {processor.py:186} INFO - Started process (PID=833) to work on /opt/airflow/dags/customer_metrics.py
[2025-09-03T17:58:56.380+0000] {processor.py:914} INFO - Processing file /opt/airflow/dags/customer_metrics.py for tasks to queue
[2025-09-03T17:58:56.384+0000] {logging_mixin.py:190} INFO - [2025-09-03T17:58:56.384+0000] {dagbag.py:588} INFO - Filling up the DagBag from /opt/airflow/dags/customer_metrics.py
[2025-09-03T17:58:56.390+0000] {logging_mixin.py:190} INFO - [2025-09-03T17:58:56.388+0000] {dagbag.py:387} ERROR - Failed to import: /opt/airflow/dags/customer_metrics.py
Traceback (most recent call last):
  File "/home/airflow/.local/lib/python3.12/site-packages/airflow/models/dagbag.py", line 383, in parse
    loader.exec_module(new_module)
  File "<frozen importlib._bootstrap_external>", line 999, in exec_module
  File "<frozen importlib._bootstrap>", line 488, in _call_with_frames_removed
  File "/opt/airflow/dags/customer_metrics.py", line 3, in <module>
    from cosmos.airflow.task_group import DbtTaskGroup
ModuleNotFoundError: No module named 'cosmos'
[2025-09-03T17:58:56.390+0000] {processor.py:927} WARNING - No viable dags retrieved from /opt/airflow/dags/customer_metrics.py
[2025-09-03T17:58:56.415+0000] {processor.py:208} INFO - Processing /opt/airflow/dags/customer_metrics.py took 0.043 seconds
[2025-09-03T17:59:26.597+0000] {processor.py:186} INFO - Started process (PID=940) to work on /opt/airflow/dags/customer_metrics.py
[2025-09-03T17:59:26.598+0000] {processor.py:914} INFO - Processing file /opt/airflow/dags/customer_metrics.py for tasks to queue
[2025-09-03T17:59:26.601+0000] {logging_mixin.py:190} INFO - [2025-09-03T17:59:26.601+0000] {dagbag.py:588} INFO - Filling up the DagBag from /opt/airflow/dags/customer_metrics.py
[2025-09-03T17:59:26.605+0000] {logging_mixin.py:190} INFO - [2025-09-03T17:59:26.603+0000] {dagbag.py:387} ERROR - Failed to import: /opt/airflow/dags/customer_metrics.py
Traceback (most recent call last):
  File "/home/airflow/.local/lib/python3.12/site-packages/airflow/models/dagbag.py", line 383, in parse
    loader.exec_module(new_module)
  File "<frozen importlib._bootstrap_external>", line 999, in exec_module
  File "<frozen importlib._bootstrap>", line 488, in _call_with_frames_removed
  File "/opt/airflow/dags/customer_metrics.py", line 3, in <module>
    from cosmos.airflow.task_group import DbtTaskGroup
ModuleNotFoundError: No module named 'cosmos'
[2025-09-03T17:59:26.605+0000] {processor.py:927} WARNING - No viable dags retrieved from /opt/airflow/dags/customer_metrics.py
[2025-09-03T17:59:26.629+0000] {processor.py:208} INFO - Processing /opt/airflow/dags/customer_metrics.py took 0.039 seconds
[2025-09-03T17:59:56.847+0000] {processor.py:186} INFO - Started process (PID=1047) to work on /opt/airflow/dags/customer_metrics.py
[2025-09-03T17:59:56.848+0000] {processor.py:914} INFO - Processing file /opt/airflow/dags/customer_metrics.py for tasks to queue
[2025-09-03T17:59:56.851+0000] {logging_mixin.py:190} INFO - [2025-09-03T17:59:56.850+0000] {dagbag.py:588} INFO - Filling up the DagBag from /opt/airflow/dags/customer_metrics.py
[2025-09-03T17:59:56.859+0000] {logging_mixin.py:190} INFO - [2025-09-03T17:59:56.858+0000] {dagbag.py:387} ERROR - Failed to import: /opt/airflow/dags/customer_metrics.py
Traceback (most recent call last):
  File "/home/airflow/.local/lib/python3.12/site-packages/airflow/models/dagbag.py", line 383, in parse
    loader.exec_module(new_module)
  File "<frozen importlib._bootstrap_external>", line 999, in exec_module
  File "<frozen importlib._bootstrap>", line 488, in _call_with_frames_removed
  File "/opt/airflow/dags/customer_metrics.py", line 3, in <module>
    from cosmos.airflow.task_group import DbtTaskGroup
ModuleNotFoundError: No module named 'cosmos'
[2025-09-03T17:59:56.860+0000] {processor.py:927} WARNING - No viable dags retrieved from /opt/airflow/dags/customer_metrics.py
[2025-09-03T17:59:56.882+0000] {processor.py:208} INFO - Processing /opt/airflow/dags/customer_metrics.py took 0.043 seconds
[2025-09-03T18:00:27.625+0000] {processor.py:186} INFO - Started process (PID=1154) to work on /opt/airflow/dags/customer_metrics.py
[2025-09-03T18:00:27.626+0000] {processor.py:914} INFO - Processing file /opt/airflow/dags/customer_metrics.py for tasks to queue
[2025-09-03T18:00:27.627+0000] {logging_mixin.py:190} INFO - [2025-09-03T18:00:27.627+0000] {dagbag.py:588} INFO - Filling up the DagBag from /opt/airflow/dags/customer_metrics.py
[2025-09-03T18:00:27.630+0000] {logging_mixin.py:190} INFO - [2025-09-03T18:00:27.630+0000] {dagbag.py:387} ERROR - Failed to import: /opt/airflow/dags/customer_metrics.py
Traceback (most recent call last):
  File "/home/airflow/.local/lib/python3.12/site-packages/airflow/models/dagbag.py", line 383, in parse
    loader.exec_module(new_module)
  File "<frozen importlib._bootstrap_external>", line 999, in exec_module
  File "<frozen importlib._bootstrap>", line 488, in _call_with_frames_removed
  File "/opt/airflow/dags/customer_metrics.py", line 3, in <module>
    from cosmos.airflow.task_group import DbtTaskGroup
ModuleNotFoundError: No module named 'cosmos'
[2025-09-03T18:00:27.631+0000] {processor.py:927} WARNING - No viable dags retrieved from /opt/airflow/dags/customer_metrics.py
[2025-09-03T18:00:27.653+0000] {processor.py:208} INFO - Processing /opt/airflow/dags/customer_metrics.py took 0.032 seconds
[2025-09-03T18:00:58.547+0000] {processor.py:186} INFO - Started process (PID=1261) to work on /opt/airflow/dags/customer_metrics.py
[2025-09-03T18:00:58.548+0000] {processor.py:914} INFO - Processing file /opt/airflow/dags/customer_metrics.py for tasks to queue
[2025-09-03T18:00:58.550+0000] {logging_mixin.py:190} INFO - [2025-09-03T18:00:58.550+0000] {dagbag.py:588} INFO - Filling up the DagBag from /opt/airflow/dags/customer_metrics.py
[2025-09-03T18:00:58.553+0000] {logging_mixin.py:190} INFO - [2025-09-03T18:00:58.552+0000] {dagbag.py:387} ERROR - Failed to import: /opt/airflow/dags/customer_metrics.py
Traceback (most recent call last):
  File "/home/airflow/.local/lib/python3.12/site-packages/airflow/models/dagbag.py", line 383, in parse
    loader.exec_module(new_module)
  File "<frozen importlib._bootstrap_external>", line 999, in exec_module
  File "<frozen importlib._bootstrap>", line 488, in _call_with_frames_removed
  File "/opt/airflow/dags/customer_metrics.py", line 3, in <module>
    from cosmos.airflow.task_group import DbtTaskGroup
ModuleNotFoundError: No module named 'cosmos'
[2025-09-03T18:00:58.554+0000] {processor.py:927} WARNING - No viable dags retrieved from /opt/airflow/dags/customer_metrics.py
[2025-09-03T18:00:58.575+0000] {processor.py:208} INFO - Processing /opt/airflow/dags/customer_metrics.py took 0.032 seconds
[2025-09-03T18:01:29.338+0000] {processor.py:186} INFO - Started process (PID=1368) to work on /opt/airflow/dags/customer_metrics.py
[2025-09-03T18:01:29.339+0000] {processor.py:914} INFO - Processing file /opt/airflow/dags/customer_metrics.py for tasks to queue
[2025-09-03T18:01:29.341+0000] {logging_mixin.py:190} INFO - [2025-09-03T18:01:29.340+0000] {dagbag.py:588} INFO - Filling up the DagBag from /opt/airflow/dags/customer_metrics.py
[2025-09-03T18:01:29.346+0000] {logging_mixin.py:190} INFO - [2025-09-03T18:01:29.344+0000] {dagbag.py:387} ERROR - Failed to import: /opt/airflow/dags/customer_metrics.py
Traceback (most recent call last):
  File "/home/airflow/.local/lib/python3.12/site-packages/airflow/models/dagbag.py", line 383, in parse
    loader.exec_module(new_module)
  File "<frozen importlib._bootstrap_external>", line 999, in exec_module
  File "<frozen importlib._bootstrap>", line 488, in _call_with_frames_removed
  File "/opt/airflow/dags/customer_metrics.py", line 3, in <module>
    from cosmos.airflow.task_group import DbtTaskGroup
ModuleNotFoundError: No module named 'cosmos'
[2025-09-03T18:01:29.346+0000] {processor.py:927} WARNING - No viable dags retrieved from /opt/airflow/dags/customer_metrics.py
[2025-09-03T18:01:29.362+0000] {processor.py:208} INFO - Processing /opt/airflow/dags/customer_metrics.py took 0.028 seconds
[2025-09-03T18:02:00.079+0000] {processor.py:186} INFO - Started process (PID=1475) to work on /opt/airflow/dags/customer_metrics.py
[2025-09-03T18:02:00.080+0000] {processor.py:914} INFO - Processing file /opt/airflow/dags/customer_metrics.py for tasks to queue
[2025-09-03T18:02:00.084+0000] {logging_mixin.py:190} INFO - [2025-09-03T18:02:00.084+0000] {dagbag.py:588} INFO - Filling up the DagBag from /opt/airflow/dags/customer_metrics.py
[2025-09-03T18:02:00.090+0000] {logging_mixin.py:190} INFO - [2025-09-03T18:02:00.089+0000] {dagbag.py:387} ERROR - Failed to import: /opt/airflow/dags/customer_metrics.py
Traceback (most recent call last):
  File "/home/airflow/.local/lib/python3.12/site-packages/airflow/models/dagbag.py", line 383, in parse
    loader.exec_module(new_module)
  File "<frozen importlib._bootstrap_external>", line 999, in exec_module
  File "<frozen importlib._bootstrap>", line 488, in _call_with_frames_removed
  File "/opt/airflow/dags/customer_metrics.py", line 3, in <module>
    from cosmos.airflow.task_group import DbtTaskGroup
ModuleNotFoundError: No module named 'cosmos'
[2025-09-03T18:02:00.091+0000] {processor.py:927} WARNING - No viable dags retrieved from /opt/airflow/dags/customer_metrics.py
[2025-09-03T18:02:00.115+0000] {processor.py:208} INFO - Processing /opt/airflow/dags/customer_metrics.py took 0.044 seconds
[2025-09-03T18:02:30.756+0000] {processor.py:186} INFO - Started process (PID=1582) to work on /opt/airflow/dags/customer_metrics.py
[2025-09-03T18:02:30.757+0000] {processor.py:914} INFO - Processing file /opt/airflow/dags/customer_metrics.py for tasks to queue
[2025-09-03T18:02:30.759+0000] {logging_mixin.py:190} INFO - [2025-09-03T18:02:30.759+0000] {dagbag.py:588} INFO - Filling up the DagBag from /opt/airflow/dags/customer_metrics.py
[2025-09-03T18:02:30.762+0000] {logging_mixin.py:190} INFO - [2025-09-03T18:02:30.761+0000] {dagbag.py:387} ERROR - Failed to import: /opt/airflow/dags/customer_metrics.py
Traceback (most recent call last):
  File "/home/airflow/.local/lib/python3.12/site-packages/airflow/models/dagbag.py", line 383, in parse
    loader.exec_module(new_module)
  File "<frozen importlib._bootstrap_external>", line 999, in exec_module
  File "<frozen importlib._bootstrap>", line 488, in _call_with_frames_removed
  File "/opt/airflow/dags/customer_metrics.py", line 3, in <module>
    from cosmos.airflow.task_group import DbtTaskGroup
ModuleNotFoundError: No module named 'cosmos'
[2025-09-03T18:02:30.762+0000] {processor.py:927} WARNING - No viable dags retrieved from /opt/airflow/dags/customer_metrics.py
[2025-09-03T18:02:30.784+0000] {processor.py:208} INFO - Processing /opt/airflow/dags/customer_metrics.py took 0.032 seconds
[2025-09-03T18:03:01.463+0000] {processor.py:186} INFO - Started process (PID=1689) to work on /opt/airflow/dags/customer_metrics.py
[2025-09-03T18:03:01.464+0000] {processor.py:914} INFO - Processing file /opt/airflow/dags/customer_metrics.py for tasks to queue
[2025-09-03T18:03:01.467+0000] {logging_mixin.py:190} INFO - [2025-09-03T18:03:01.466+0000] {dagbag.py:588} INFO - Filling up the DagBag from /opt/airflow/dags/customer_metrics.py
[2025-09-03T18:03:01.470+0000] {logging_mixin.py:190} INFO - [2025-09-03T18:03:01.469+0000] {dagbag.py:387} ERROR - Failed to import: /opt/airflow/dags/customer_metrics.py
Traceback (most recent call last):
  File "/home/airflow/.local/lib/python3.12/site-packages/airflow/models/dagbag.py", line 383, in parse
    loader.exec_module(new_module)
  File "<frozen importlib._bootstrap_external>", line 999, in exec_module
  File "<frozen importlib._bootstrap>", line 488, in _call_with_frames_removed
  File "/opt/airflow/dags/customer_metrics.py", line 3, in <module>
    from cosmos.airflow.task_group import DbtTaskGroup
ModuleNotFoundError: No module named 'cosmos'
[2025-09-03T18:03:01.471+0000] {processor.py:927} WARNING - No viable dags retrieved from /opt/airflow/dags/customer_metrics.py
[2025-09-03T18:03:01.493+0000] {processor.py:208} INFO - Processing /opt/airflow/dags/customer_metrics.py took 0.036 seconds
[2025-09-03T18:03:32.097+0000] {processor.py:186} INFO - Started process (PID=1796) to work on /opt/airflow/dags/customer_metrics.py
[2025-09-03T18:03:32.098+0000] {processor.py:914} INFO - Processing file /opt/airflow/dags/customer_metrics.py for tasks to queue
[2025-09-03T18:03:32.102+0000] {logging_mixin.py:190} INFO - [2025-09-03T18:03:32.102+0000] {dagbag.py:588} INFO - Filling up the DagBag from /opt/airflow/dags/customer_metrics.py
[2025-09-03T18:03:32.108+0000] {logging_mixin.py:190} INFO - [2025-09-03T18:03:32.106+0000] {dagbag.py:387} ERROR - Failed to import: /opt/airflow/dags/customer_metrics.py
Traceback (most recent call last):
  File "/home/airflow/.local/lib/python3.12/site-packages/airflow/models/dagbag.py", line 383, in parse
    loader.exec_module(new_module)
  File "<frozen importlib._bootstrap_external>", line 999, in exec_module
  File "<frozen importlib._bootstrap>", line 488, in _call_with_frames_removed
  File "/opt/airflow/dags/customer_metrics.py", line 3, in <module>
    from cosmos.airflow.task_group import DbtTaskGroup
ModuleNotFoundError: No module named 'cosmos'
[2025-09-03T18:03:32.108+0000] {processor.py:927} WARNING - No viable dags retrieved from /opt/airflow/dags/customer_metrics.py
[2025-09-03T18:03:32.131+0000] {processor.py:208} INFO - Processing /opt/airflow/dags/customer_metrics.py took 0.040 seconds
