[2025-09-03T16:40:55.144+0000] {processor.py:186} INFO - Started process (PID=190) to work on /opt/airflow/dags/generate_data.py
[2025-09-03T16:40:55.147+0000] {processor.py:914} INFO - Processing file /opt/airflow/dags/generate_data.py for tasks to queue
[2025-09-03T16:40:55.154+0000] {logging_mixin.py:190} INFO - [2025-09-03T16:40:55.153+0000] {dagbag.py:588} INFO - Filling up the DagBag from /opt/airflow/dags/generate_data.py
[2025-09-03T16:40:56.176+0000] {processor.py:925} INFO - DAG(s) 'generate_data' retrieved from /opt/airflow/dags/generate_data.py
[2025-09-03T16:40:56.523+0000] {logging_mixin.py:190} INFO - [2025-09-03T16:40:56.522+0000] {override.py:1930} INFO - Created Permission View: can read on DAG:generate_data
[2025-09-03T16:40:56.565+0000] {logging_mixin.py:190} INFO - [2025-09-03T16:40:56.565+0000] {override.py:1930} INFO - Created Permission View: can edit on DAG:generate_data
[2025-09-03T16:40:56.819+0000] {logging_mixin.py:190} INFO - [2025-09-03T16:40:56.818+0000] {override.py:1930} INFO - Created Permission View: can delete on DAG:generate_data
[2025-09-03T16:40:56.832+0000] {logging_mixin.py:190} INFO - [2025-09-03T16:40:56.832+0000] {override.py:1930} INFO - Created Permission View: can read on DAG Run:generate_data
[2025-09-03T16:40:56.843+0000] {logging_mixin.py:190} INFO - [2025-09-03T16:40:56.843+0000] {override.py:1930} INFO - Created Permission View: menu access on DAG Run:generate_data
[2025-09-03T16:40:56.853+0000] {logging_mixin.py:190} INFO - [2025-09-03T16:40:56.853+0000] {override.py:1930} INFO - Created Permission View: can create on DAG Run:generate_data
[2025-09-03T16:40:56.863+0000] {logging_mixin.py:190} INFO - [2025-09-03T16:40:56.863+0000] {override.py:1930} INFO - Created Permission View: can delete on DAG Run:generate_data
[2025-09-03T16:40:56.865+0000] {logging_mixin.py:190} INFO - [2025-09-03T16:40:56.865+0000] {dag.py:3239} INFO - Sync 1 DAGs
[2025-09-03T16:40:56.889+0000] {logging_mixin.py:190} INFO - [2025-09-03T16:40:56.888+0000] {dag.py:3262} INFO - Creating ORM DAG for generate_data
[2025-09-03T16:40:56.909+0000] {logging_mixin.py:190} INFO - [2025-09-03T16:40:56.908+0000] {dag.py:4180} INFO - Setting next_dagrun for generate_data to 2025-09-03 00:00:00+00:00, run_after=2025-09-04 00:00:00+00:00
[2025-09-03T16:40:56.932+0000] {processor.py:208} INFO - Processing /opt/airflow/dags/generate_data.py took 1.807 seconds
[2025-09-03T16:41:27.597+0000] {processor.py:186} INFO - Started process (PID=217) to work on /opt/airflow/dags/generate_data.py
[2025-09-03T16:41:27.600+0000] {processor.py:914} INFO - Processing file /opt/airflow/dags/generate_data.py for tasks to queue
[2025-09-03T16:41:27.607+0000] {logging_mixin.py:190} INFO - [2025-09-03T16:41:27.606+0000] {dagbag.py:588} INFO - Filling up the DagBag from /opt/airflow/dags/generate_data.py
[2025-09-03T16:41:27.832+0000] {processor.py:925} INFO - DAG(s) 'generate_data' retrieved from /opt/airflow/dags/generate_data.py
[2025-09-03T16:41:27.860+0000] {logging_mixin.py:190} INFO - [2025-09-03T16:41:27.860+0000] {dag.py:3239} INFO - Sync 1 DAGs
[2025-09-03T16:41:27.888+0000] {logging_mixin.py:190} INFO - [2025-09-03T16:41:27.888+0000] {dag.py:4180} INFO - Setting next_dagrun for generate_data to 2025-09-03 00:00:00+00:00, run_after=2025-09-04 00:00:00+00:00
[2025-09-03T16:41:27.907+0000] {processor.py:208} INFO - Processing /opt/airflow/dags/generate_data.py took 0.322 seconds
[2025-09-03T16:41:57.957+0000] {processor.py:186} INFO - Started process (PID=233) to work on /opt/airflow/dags/generate_data.py
[2025-09-03T16:41:57.959+0000] {processor.py:914} INFO - Processing file /opt/airflow/dags/generate_data.py for tasks to queue
[2025-09-03T16:41:57.961+0000] {logging_mixin.py:190} INFO - [2025-09-03T16:41:57.961+0000] {dagbag.py:588} INFO - Filling up the DagBag from /opt/airflow/dags/generate_data.py
[2025-09-03T16:41:58.332+0000] {processor.py:925} INFO - DAG(s) 'generate_data' retrieved from /opt/airflow/dags/generate_data.py
[2025-09-03T16:41:58.372+0000] {logging_mixin.py:190} INFO - [2025-09-03T16:41:58.372+0000] {dag.py:3239} INFO - Sync 1 DAGs
[2025-09-03T16:41:58.427+0000] {logging_mixin.py:190} INFO - [2025-09-03T16:41:58.427+0000] {dag.py:4180} INFO - Setting next_dagrun for generate_data to 2025-09-03 00:00:00+00:00, run_after=2025-09-04 00:00:00+00:00
[2025-09-03T16:41:58.759+0000] {processor.py:208} INFO - Processing /opt/airflow/dags/generate_data.py took 0.816 seconds
[2025-09-03T16:42:29.071+0000] {processor.py:186} INFO - Started process (PID=249) to work on /opt/airflow/dags/generate_data.py
[2025-09-03T16:42:29.074+0000] {processor.py:914} INFO - Processing file /opt/airflow/dags/generate_data.py for tasks to queue
[2025-09-03T16:42:29.077+0000] {logging_mixin.py:190} INFO - [2025-09-03T16:42:29.077+0000] {dagbag.py:588} INFO - Filling up the DagBag from /opt/airflow/dags/generate_data.py
[2025-09-03T16:42:29.439+0000] {processor.py:925} INFO - DAG(s) 'generate_data' retrieved from /opt/airflow/dags/generate_data.py
[2025-09-03T16:42:29.490+0000] {logging_mixin.py:190} INFO - [2025-09-03T16:42:29.489+0000] {dag.py:3239} INFO - Sync 1 DAGs
[2025-09-03T16:42:29.722+0000] {logging_mixin.py:190} INFO - [2025-09-03T16:42:29.722+0000] {dag.py:4180} INFO - Setting next_dagrun for generate_data to 2025-09-03 00:00:00+00:00, run_after=2025-09-04 00:00:00+00:00
[2025-09-03T16:42:29.767+0000] {processor.py:208} INFO - Processing /opt/airflow/dags/generate_data.py took 0.708 seconds
[2025-09-03T16:43:00.137+0000] {processor.py:186} INFO - Started process (PID=265) to work on /opt/airflow/dags/generate_data.py
[2025-09-03T16:43:00.153+0000] {processor.py:914} INFO - Processing file /opt/airflow/dags/generate_data.py for tasks to queue
[2025-09-03T16:43:00.178+0000] {logging_mixin.py:190} INFO - [2025-09-03T16:43:00.177+0000] {dagbag.py:588} INFO - Filling up the DagBag from /opt/airflow/dags/generate_data.py
[2025-09-03T16:43:01.833+0000] {processor.py:925} INFO - DAG(s) 'generate_data' retrieved from /opt/airflow/dags/generate_data.py
[2025-09-03T16:43:02.042+0000] {logging_mixin.py:190} INFO - [2025-09-03T16:43:02.040+0000] {dag.py:3239} INFO - Sync 1 DAGs
[2025-09-03T16:43:02.478+0000] {logging_mixin.py:190} INFO - [2025-09-03T16:43:02.477+0000] {dag.py:4180} INFO - Setting next_dagrun for generate_data to 2025-09-03 00:00:00+00:00, run_after=2025-09-04 00:00:00+00:00
[2025-09-03T16:43:04.135+0000] {processor.py:208} INFO - Processing /opt/airflow/dags/generate_data.py took 4.012 seconds
[2025-09-03T16:45:01.343+0000] {processor.py:186} INFO - Started process (PID=206) to work on /opt/airflow/dags/generate_data.py
[2025-09-03T16:45:01.347+0000] {processor.py:914} INFO - Processing file /opt/airflow/dags/generate_data.py for tasks to queue
[2025-09-03T16:45:01.354+0000] {logging_mixin.py:190} INFO - [2025-09-03T16:45:01.353+0000] {dagbag.py:588} INFO - Filling up the DagBag from /opt/airflow/dags/generate_data.py
[2025-09-03T16:45:02.635+0000] {processor.py:925} INFO - DAG(s) 'generate_data' retrieved from /opt/airflow/dags/generate_data.py
[2025-09-03T16:45:02.730+0000] {logging_mixin.py:190} INFO - [2025-09-03T16:45:02.729+0000] {dag.py:3239} INFO - Sync 1 DAGs
[2025-09-03T16:45:02.819+0000] {logging_mixin.py:190} INFO - [2025-09-03T16:45:02.818+0000] {dag.py:4180} INFO - Setting next_dagrun for generate_data to 2025-09-03 00:00:00+00:00, run_after=2025-09-04 00:00:00+00:00
[2025-09-03T16:45:03.237+0000] {processor.py:208} INFO - Processing /opt/airflow/dags/generate_data.py took 1.918 seconds
[2025-09-03T16:45:34.128+0000] {processor.py:186} INFO - Started process (PID=227) to work on /opt/airflow/dags/generate_data.py
[2025-09-03T16:45:34.129+0000] {processor.py:914} INFO - Processing file /opt/airflow/dags/generate_data.py for tasks to queue
[2025-09-03T16:45:34.132+0000] {logging_mixin.py:190} INFO - [2025-09-03T16:45:34.131+0000] {dagbag.py:588} INFO - Filling up the DagBag from /opt/airflow/dags/generate_data.py
[2025-09-03T16:45:34.300+0000] {processor.py:925} INFO - DAG(s) 'generate_data' retrieved from /opt/airflow/dags/generate_data.py
[2025-09-03T16:45:34.327+0000] {logging_mixin.py:190} INFO - [2025-09-03T16:45:34.326+0000] {dag.py:3239} INFO - Sync 1 DAGs
[2025-09-03T16:45:34.476+0000] {logging_mixin.py:190} INFO - [2025-09-03T16:45:34.476+0000] {dag.py:4180} INFO - Setting next_dagrun for generate_data to 2025-09-03 00:00:00+00:00, run_after=2025-09-04 00:00:00+00:00
[2025-09-03T16:45:34.494+0000] {processor.py:208} INFO - Processing /opt/airflow/dags/generate_data.py took 0.371 seconds
[2025-09-03T16:46:05.432+0000] {processor.py:186} INFO - Started process (PID=243) to work on /opt/airflow/dags/generate_data.py
[2025-09-03T16:46:05.434+0000] {processor.py:914} INFO - Processing file /opt/airflow/dags/generate_data.py for tasks to queue
[2025-09-03T16:46:05.437+0000] {logging_mixin.py:190} INFO - [2025-09-03T16:46:05.437+0000] {dagbag.py:588} INFO - Filling up the DagBag from /opt/airflow/dags/generate_data.py
[2025-09-03T16:46:05.673+0000] {processor.py:925} INFO - DAG(s) 'generate_data' retrieved from /opt/airflow/dags/generate_data.py
[2025-09-03T16:46:05.836+0000] {logging_mixin.py:190} INFO - [2025-09-03T16:46:05.835+0000] {dag.py:3239} INFO - Sync 1 DAGs
[2025-09-03T16:46:05.861+0000] {logging_mixin.py:190} INFO - [2025-09-03T16:46:05.860+0000] {dag.py:4180} INFO - Setting next_dagrun for generate_data to 2025-09-03 00:00:00+00:00, run_after=2025-09-04 00:00:00+00:00
[2025-09-03T16:46:05.892+0000] {processor.py:208} INFO - Processing /opt/airflow/dags/generate_data.py took 0.467 seconds
[2025-09-03T16:46:36.750+0000] {processor.py:186} INFO - Started process (PID=259) to work on /opt/airflow/dags/generate_data.py
[2025-09-03T16:46:36.751+0000] {processor.py:914} INFO - Processing file /opt/airflow/dags/generate_data.py for tasks to queue
[2025-09-03T16:46:36.753+0000] {logging_mixin.py:190} INFO - [2025-09-03T16:46:36.753+0000] {dagbag.py:588} INFO - Filling up the DagBag from /opt/airflow/dags/generate_data.py
[2025-09-03T16:46:36.999+0000] {processor.py:925} INFO - DAG(s) 'generate_data' retrieved from /opt/airflow/dags/generate_data.py
[2025-09-03T16:46:37.020+0000] {logging_mixin.py:190} INFO - [2025-09-03T16:46:37.020+0000] {dag.py:3239} INFO - Sync 1 DAGs
[2025-09-03T16:46:37.044+0000] {logging_mixin.py:190} INFO - [2025-09-03T16:46:37.044+0000] {dag.py:4180} INFO - Setting next_dagrun for generate_data to 2025-09-03 00:00:00+00:00, run_after=2025-09-04 00:00:00+00:00
[2025-09-03T16:46:37.060+0000] {processor.py:208} INFO - Processing /opt/airflow/dags/generate_data.py took 0.318 seconds
[2025-09-03T16:47:07.126+0000] {processor.py:186} INFO - Started process (PID=275) to work on /opt/airflow/dags/generate_data.py
[2025-09-03T16:47:07.128+0000] {processor.py:914} INFO - Processing file /opt/airflow/dags/generate_data.py for tasks to queue
[2025-09-03T16:47:07.130+0000] {logging_mixin.py:190} INFO - [2025-09-03T16:47:07.129+0000] {dagbag.py:588} INFO - Filling up the DagBag from /opt/airflow/dags/generate_data.py
[2025-09-03T16:47:07.401+0000] {processor.py:925} INFO - DAG(s) 'generate_data' retrieved from /opt/airflow/dags/generate_data.py
[2025-09-03T16:47:07.422+0000] {logging_mixin.py:190} INFO - [2025-09-03T16:47:07.422+0000] {dag.py:3239} INFO - Sync 1 DAGs
[2025-09-03T16:47:07.442+0000] {logging_mixin.py:190} INFO - [2025-09-03T16:47:07.442+0000] {dag.py:4180} INFO - Setting next_dagrun for generate_data to 2025-09-03 00:00:00+00:00, run_after=2025-09-04 00:00:00+00:00
[2025-09-03T16:47:07.456+0000] {processor.py:208} INFO - Processing /opt/airflow/dags/generate_data.py took 0.336 seconds
[2025-09-03T16:47:38.395+0000] {processor.py:186} INFO - Started process (PID=291) to work on /opt/airflow/dags/generate_data.py
[2025-09-03T16:47:38.396+0000] {processor.py:914} INFO - Processing file /opt/airflow/dags/generate_data.py for tasks to queue
[2025-09-03T16:47:38.398+0000] {logging_mixin.py:190} INFO - [2025-09-03T16:47:38.398+0000] {dagbag.py:588} INFO - Filling up the DagBag from /opt/airflow/dags/generate_data.py
[2025-09-03T16:47:38.653+0000] {processor.py:925} INFO - DAG(s) 'generate_data' retrieved from /opt/airflow/dags/generate_data.py
[2025-09-03T16:47:38.672+0000] {logging_mixin.py:190} INFO - [2025-09-03T16:47:38.672+0000] {dag.py:3239} INFO - Sync 1 DAGs
[2025-09-03T16:47:38.690+0000] {logging_mixin.py:190} INFO - [2025-09-03T16:47:38.690+0000] {dag.py:4180} INFO - Setting next_dagrun for generate_data to 2025-09-03 00:00:00+00:00, run_after=2025-09-04 00:00:00+00:00
[2025-09-03T16:47:38.704+0000] {processor.py:208} INFO - Processing /opt/airflow/dags/generate_data.py took 0.314 seconds
[2025-09-03T16:48:08.737+0000] {processor.py:186} INFO - Started process (PID=307) to work on /opt/airflow/dags/generate_data.py
[2025-09-03T16:48:08.738+0000] {processor.py:914} INFO - Processing file /opt/airflow/dags/generate_data.py for tasks to queue
[2025-09-03T16:48:08.742+0000] {logging_mixin.py:190} INFO - [2025-09-03T16:48:08.741+0000] {dagbag.py:588} INFO - Filling up the DagBag from /opt/airflow/dags/generate_data.py
[2025-09-03T16:48:09.019+0000] {processor.py:925} INFO - DAG(s) 'generate_data' retrieved from /opt/airflow/dags/generate_data.py
[2025-09-03T16:48:09.050+0000] {logging_mixin.py:190} INFO - [2025-09-03T16:48:09.050+0000] {dag.py:3239} INFO - Sync 1 DAGs
[2025-09-03T16:48:09.087+0000] {logging_mixin.py:190} INFO - [2025-09-03T16:48:09.086+0000] {dag.py:4180} INFO - Setting next_dagrun for generate_data to 2025-09-03 00:00:00+00:00, run_after=2025-09-04 00:00:00+00:00
[2025-09-03T16:48:09.108+0000] {processor.py:208} INFO - Processing /opt/airflow/dags/generate_data.py took 0.376 seconds
[2025-09-03T16:48:40.011+0000] {processor.py:186} INFO - Started process (PID=323) to work on /opt/airflow/dags/generate_data.py
[2025-09-03T16:48:40.012+0000] {processor.py:914} INFO - Processing file /opt/airflow/dags/generate_data.py for tasks to queue
[2025-09-03T16:48:40.014+0000] {logging_mixin.py:190} INFO - [2025-09-03T16:48:40.014+0000] {dagbag.py:588} INFO - Filling up the DagBag from /opt/airflow/dags/generate_data.py
[2025-09-03T16:48:40.340+0000] {processor.py:925} INFO - DAG(s) 'generate_data' retrieved from /opt/airflow/dags/generate_data.py
[2025-09-03T16:48:40.366+0000] {logging_mixin.py:190} INFO - [2025-09-03T16:48:40.366+0000] {dag.py:3239} INFO - Sync 1 DAGs
[2025-09-03T16:48:40.394+0000] {logging_mixin.py:190} INFO - [2025-09-03T16:48:40.393+0000] {dag.py:4180} INFO - Setting next_dagrun for generate_data to 2025-09-03 00:00:00+00:00, run_after=2025-09-04 00:00:00+00:00
[2025-09-03T16:48:40.416+0000] {processor.py:208} INFO - Processing /opt/airflow/dags/generate_data.py took 0.410 seconds
[2025-09-03T16:49:11.378+0000] {processor.py:186} INFO - Started process (PID=339) to work on /opt/airflow/dags/generate_data.py
[2025-09-03T16:49:11.379+0000] {processor.py:914} INFO - Processing file /opt/airflow/dags/generate_data.py for tasks to queue
[2025-09-03T16:49:11.382+0000] {logging_mixin.py:190} INFO - [2025-09-03T16:49:11.382+0000] {dagbag.py:588} INFO - Filling up the DagBag from /opt/airflow/dags/generate_data.py
[2025-09-03T16:49:11.659+0000] {processor.py:925} INFO - DAG(s) 'generate_data' retrieved from /opt/airflow/dags/generate_data.py
[2025-09-03T16:49:11.679+0000] {logging_mixin.py:190} INFO - [2025-09-03T16:49:11.679+0000] {dag.py:3239} INFO - Sync 1 DAGs
[2025-09-03T16:49:11.700+0000] {logging_mixin.py:190} INFO - [2025-09-03T16:49:11.700+0000] {dag.py:4180} INFO - Setting next_dagrun for generate_data to 2025-09-03 00:00:00+00:00, run_after=2025-09-04 00:00:00+00:00
[2025-09-03T16:49:11.728+0000] {processor.py:208} INFO - Processing /opt/airflow/dags/generate_data.py took 0.356 seconds
[2025-09-03T16:49:42.711+0000] {processor.py:186} INFO - Started process (PID=355) to work on /opt/airflow/dags/generate_data.py
[2025-09-03T16:49:42.713+0000] {processor.py:914} INFO - Processing file /opt/airflow/dags/generate_data.py for tasks to queue
[2025-09-03T16:49:42.716+0000] {logging_mixin.py:190} INFO - [2025-09-03T16:49:42.716+0000] {dagbag.py:588} INFO - Filling up the DagBag from /opt/airflow/dags/generate_data.py
[2025-09-03T16:49:42.999+0000] {processor.py:925} INFO - DAG(s) 'generate_data' retrieved from /opt/airflow/dags/generate_data.py
[2025-09-03T16:49:43.014+0000] {logging_mixin.py:190} INFO - [2025-09-03T16:49:43.014+0000] {dag.py:3239} INFO - Sync 1 DAGs
[2025-09-03T16:49:43.033+0000] {logging_mixin.py:190} INFO - [2025-09-03T16:49:43.033+0000] {dag.py:4180} INFO - Setting next_dagrun for generate_data to 2025-09-03 00:00:00+00:00, run_after=2025-09-04 00:00:00+00:00
[2025-09-03T16:49:43.049+0000] {processor.py:208} INFO - Processing /opt/airflow/dags/generate_data.py took 0.345 seconds
[2025-09-03T16:50:13.101+0000] {processor.py:186} INFO - Started process (PID=371) to work on /opt/airflow/dags/generate_data.py
[2025-09-03T16:50:13.102+0000] {processor.py:914} INFO - Processing file /opt/airflow/dags/generate_data.py for tasks to queue
[2025-09-03T16:50:13.105+0000] {logging_mixin.py:190} INFO - [2025-09-03T16:50:13.105+0000] {dagbag.py:588} INFO - Filling up the DagBag from /opt/airflow/dags/generate_data.py
[2025-09-03T16:50:13.373+0000] {processor.py:925} INFO - DAG(s) 'generate_data' retrieved from /opt/airflow/dags/generate_data.py
[2025-09-03T16:50:13.391+0000] {logging_mixin.py:190} INFO - [2025-09-03T16:50:13.391+0000] {dag.py:3239} INFO - Sync 1 DAGs
[2025-09-03T16:50:13.413+0000] {logging_mixin.py:190} INFO - [2025-09-03T16:50:13.412+0000] {dag.py:4180} INFO - Setting next_dagrun for generate_data to 2025-09-03 00:00:00+00:00, run_after=2025-09-04 00:00:00+00:00
[2025-09-03T16:50:13.434+0000] {processor.py:208} INFO - Processing /opt/airflow/dags/generate_data.py took 0.340 seconds
[2025-09-03T16:50:44.419+0000] {processor.py:186} INFO - Started process (PID=387) to work on /opt/airflow/dags/generate_data.py
[2025-09-03T16:50:44.419+0000] {processor.py:914} INFO - Processing file /opt/airflow/dags/generate_data.py for tasks to queue
[2025-09-03T16:50:44.422+0000] {logging_mixin.py:190} INFO - [2025-09-03T16:50:44.421+0000] {dagbag.py:588} INFO - Filling up the DagBag from /opt/airflow/dags/generate_data.py
[2025-09-03T16:50:44.699+0000] {processor.py:925} INFO - DAG(s) 'generate_data' retrieved from /opt/airflow/dags/generate_data.py
[2025-09-03T16:50:44.718+0000] {logging_mixin.py:190} INFO - [2025-09-03T16:50:44.718+0000] {dag.py:3239} INFO - Sync 1 DAGs
[2025-09-03T16:50:44.742+0000] {logging_mixin.py:190} INFO - [2025-09-03T16:50:44.742+0000] {dag.py:4180} INFO - Setting next_dagrun for generate_data to 2025-09-03 00:00:00+00:00, run_after=2025-09-04 00:00:00+00:00
[2025-09-03T16:50:44.758+0000] {processor.py:208} INFO - Processing /opt/airflow/dags/generate_data.py took 0.344 seconds
[2025-09-03T16:51:14.827+0000] {processor.py:186} INFO - Started process (PID=403) to work on /opt/airflow/dags/generate_data.py
[2025-09-03T16:51:14.828+0000] {processor.py:914} INFO - Processing file /opt/airflow/dags/generate_data.py for tasks to queue
[2025-09-03T16:51:14.831+0000] {logging_mixin.py:190} INFO - [2025-09-03T16:51:14.830+0000] {dagbag.py:588} INFO - Filling up the DagBag from /opt/airflow/dags/generate_data.py
[2025-09-03T16:51:15.096+0000] {processor.py:925} INFO - DAG(s) 'generate_data' retrieved from /opt/airflow/dags/generate_data.py
[2025-09-03T16:51:15.114+0000] {logging_mixin.py:190} INFO - [2025-09-03T16:51:15.114+0000] {dag.py:3239} INFO - Sync 1 DAGs
[2025-09-03T16:51:15.141+0000] {logging_mixin.py:190} INFO - [2025-09-03T16:51:15.141+0000] {dag.py:4180} INFO - Setting next_dagrun for generate_data to 2025-09-03 00:00:00+00:00, run_after=2025-09-04 00:00:00+00:00
[2025-09-03T16:51:15.156+0000] {processor.py:208} INFO - Processing /opt/airflow/dags/generate_data.py took 0.338 seconds
[2025-09-03T16:51:46.115+0000] {processor.py:186} INFO - Started process (PID=419) to work on /opt/airflow/dags/generate_data.py
[2025-09-03T16:51:46.116+0000] {processor.py:914} INFO - Processing file /opt/airflow/dags/generate_data.py for tasks to queue
[2025-09-03T16:51:46.118+0000] {logging_mixin.py:190} INFO - [2025-09-03T16:51:46.118+0000] {dagbag.py:588} INFO - Filling up the DagBag from /opt/airflow/dags/generate_data.py
[2025-09-03T16:51:46.399+0000] {processor.py:925} INFO - DAG(s) 'generate_data' retrieved from /opt/airflow/dags/generate_data.py
[2025-09-03T16:51:46.433+0000] {logging_mixin.py:190} INFO - [2025-09-03T16:51:46.433+0000] {dag.py:3239} INFO - Sync 1 DAGs
[2025-09-03T16:51:46.453+0000] {logging_mixin.py:190} INFO - [2025-09-03T16:51:46.453+0000] {dag.py:4180} INFO - Setting next_dagrun for generate_data to 2025-09-03 00:00:00+00:00, run_after=2025-09-04 00:00:00+00:00
[2025-09-03T16:51:46.472+0000] {processor.py:208} INFO - Processing /opt/airflow/dags/generate_data.py took 0.361 seconds
[2025-09-03T16:52:16.570+0000] {processor.py:186} INFO - Started process (PID=435) to work on /opt/airflow/dags/generate_data.py
[2025-09-03T16:52:16.571+0000] {processor.py:914} INFO - Processing file /opt/airflow/dags/generate_data.py for tasks to queue
[2025-09-03T16:52:16.574+0000] {logging_mixin.py:190} INFO - [2025-09-03T16:52:16.573+0000] {dagbag.py:588} INFO - Filling up the DagBag from /opt/airflow/dags/generate_data.py
[2025-09-03T16:52:16.854+0000] {processor.py:925} INFO - DAG(s) 'generate_data' retrieved from /opt/airflow/dags/generate_data.py
[2025-09-03T16:52:16.873+0000] {logging_mixin.py:190} INFO - [2025-09-03T16:52:16.872+0000] {dag.py:3239} INFO - Sync 1 DAGs
[2025-09-03T16:52:16.890+0000] {logging_mixin.py:190} INFO - [2025-09-03T16:52:16.890+0000] {dag.py:4180} INFO - Setting next_dagrun for generate_data to 2025-09-03 00:00:00+00:00, run_after=2025-09-04 00:00:00+00:00
[2025-09-03T16:52:16.907+0000] {processor.py:208} INFO - Processing /opt/airflow/dags/generate_data.py took 0.348 seconds
[2025-09-03T16:52:47.881+0000] {processor.py:186} INFO - Started process (PID=451) to work on /opt/airflow/dags/generate_data.py
[2025-09-03T16:52:47.882+0000] {processor.py:914} INFO - Processing file /opt/airflow/dags/generate_data.py for tasks to queue
[2025-09-03T16:52:47.886+0000] {logging_mixin.py:190} INFO - [2025-09-03T16:52:47.885+0000] {dagbag.py:588} INFO - Filling up the DagBag from /opt/airflow/dags/generate_data.py
[2025-09-03T16:52:48.152+0000] {processor.py:925} INFO - DAG(s) 'generate_data' retrieved from /opt/airflow/dags/generate_data.py
[2025-09-03T16:52:48.173+0000] {logging_mixin.py:190} INFO - [2025-09-03T16:52:48.173+0000] {dag.py:3239} INFO - Sync 1 DAGs
[2025-09-03T16:52:48.197+0000] {logging_mixin.py:190} INFO - [2025-09-03T16:52:48.196+0000] {dag.py:4180} INFO - Setting next_dagrun for generate_data to 2025-09-03 00:00:00+00:00, run_after=2025-09-04 00:00:00+00:00
[2025-09-03T16:52:48.210+0000] {processor.py:208} INFO - Processing /opt/airflow/dags/generate_data.py took 0.336 seconds
[2025-09-03T16:53:19.179+0000] {processor.py:186} INFO - Started process (PID=467) to work on /opt/airflow/dags/generate_data.py
[2025-09-03T16:53:19.180+0000] {processor.py:914} INFO - Processing file /opt/airflow/dags/generate_data.py for tasks to queue
[2025-09-03T16:53:19.184+0000] {logging_mixin.py:190} INFO - [2025-09-03T16:53:19.184+0000] {dagbag.py:588} INFO - Filling up the DagBag from /opt/airflow/dags/generate_data.py
[2025-09-03T16:53:19.478+0000] {processor.py:925} INFO - DAG(s) 'generate_data' retrieved from /opt/airflow/dags/generate_data.py
[2025-09-03T16:53:19.501+0000] {logging_mixin.py:190} INFO - [2025-09-03T16:53:19.500+0000] {dag.py:3239} INFO - Sync 1 DAGs
[2025-09-03T16:53:19.522+0000] {logging_mixin.py:190} INFO - [2025-09-03T16:53:19.521+0000] {dag.py:4180} INFO - Setting next_dagrun for generate_data to 2025-09-03 00:00:00+00:00, run_after=2025-09-04 00:00:00+00:00
[2025-09-03T16:53:19.540+0000] {processor.py:208} INFO - Processing /opt/airflow/dags/generate_data.py took 0.370 seconds
[2025-09-03T16:53:50.479+0000] {processor.py:186} INFO - Started process (PID=483) to work on /opt/airflow/dags/generate_data.py
[2025-09-03T16:53:50.480+0000] {processor.py:914} INFO - Processing file /opt/airflow/dags/generate_data.py for tasks to queue
[2025-09-03T16:53:50.482+0000] {logging_mixin.py:190} INFO - [2025-09-03T16:53:50.482+0000] {dagbag.py:588} INFO - Filling up the DagBag from /opt/airflow/dags/generate_data.py
[2025-09-03T16:53:50.742+0000] {processor.py:925} INFO - DAG(s) 'generate_data' retrieved from /opt/airflow/dags/generate_data.py
[2025-09-03T16:53:50.764+0000] {logging_mixin.py:190} INFO - [2025-09-03T16:53:50.764+0000] {dag.py:3239} INFO - Sync 1 DAGs
[2025-09-03T16:53:50.789+0000] {logging_mixin.py:190} INFO - [2025-09-03T16:53:50.789+0000] {dag.py:4180} INFO - Setting next_dagrun for generate_data to 2025-09-03 00:00:00+00:00, run_after=2025-09-04 00:00:00+00:00
[2025-09-03T16:53:50.806+0000] {processor.py:208} INFO - Processing /opt/airflow/dags/generate_data.py took 0.331 seconds
[2025-09-03T16:54:20.856+0000] {processor.py:186} INFO - Started process (PID=499) to work on /opt/airflow/dags/generate_data.py
[2025-09-03T16:54:20.858+0000] {processor.py:914} INFO - Processing file /opt/airflow/dags/generate_data.py for tasks to queue
[2025-09-03T16:54:20.860+0000] {logging_mixin.py:190} INFO - [2025-09-03T16:54:20.860+0000] {dagbag.py:588} INFO - Filling up the DagBag from /opt/airflow/dags/generate_data.py
[2025-09-03T16:54:21.130+0000] {processor.py:925} INFO - DAG(s) 'generate_data' retrieved from /opt/airflow/dags/generate_data.py
[2025-09-03T16:54:21.149+0000] {logging_mixin.py:190} INFO - [2025-09-03T16:54:21.149+0000] {dag.py:3239} INFO - Sync 1 DAGs
[2025-09-03T16:54:21.168+0000] {logging_mixin.py:190} INFO - [2025-09-03T16:54:21.167+0000] {dag.py:4180} INFO - Setting next_dagrun for generate_data to 2025-09-03 00:00:00+00:00, run_after=2025-09-04 00:00:00+00:00
[2025-09-03T16:54:21.186+0000] {processor.py:208} INFO - Processing /opt/airflow/dags/generate_data.py took 0.336 seconds
[2025-09-03T16:54:52.196+0000] {processor.py:186} INFO - Started process (PID=515) to work on /opt/airflow/dags/generate_data.py
[2025-09-03T16:54:52.197+0000] {processor.py:914} INFO - Processing file /opt/airflow/dags/generate_data.py for tasks to queue
[2025-09-03T16:54:52.200+0000] {logging_mixin.py:190} INFO - [2025-09-03T16:54:52.199+0000] {dagbag.py:588} INFO - Filling up the DagBag from /opt/airflow/dags/generate_data.py
[2025-09-03T16:54:52.464+0000] {processor.py:925} INFO - DAG(s) 'generate_data' retrieved from /opt/airflow/dags/generate_data.py
[2025-09-03T16:54:52.485+0000] {logging_mixin.py:190} INFO - [2025-09-03T16:54:52.485+0000] {dag.py:3239} INFO - Sync 1 DAGs
[2025-09-03T16:54:52.507+0000] {logging_mixin.py:190} INFO - [2025-09-03T16:54:52.507+0000] {dag.py:4180} INFO - Setting next_dagrun for generate_data to 2025-09-03 00:00:00+00:00, run_after=2025-09-04 00:00:00+00:00
[2025-09-03T16:54:52.522+0000] {processor.py:208} INFO - Processing /opt/airflow/dags/generate_data.py took 0.331 seconds
[2025-09-03T16:55:22.572+0000] {processor.py:186} INFO - Started process (PID=531) to work on /opt/airflow/dags/generate_data.py
[2025-09-03T16:55:22.574+0000] {processor.py:914} INFO - Processing file /opt/airflow/dags/generate_data.py for tasks to queue
[2025-09-03T16:55:22.577+0000] {logging_mixin.py:190} INFO - [2025-09-03T16:55:22.576+0000] {dagbag.py:588} INFO - Filling up the DagBag from /opt/airflow/dags/generate_data.py
[2025-09-03T16:55:22.859+0000] {processor.py:925} INFO - DAG(s) 'generate_data' retrieved from /opt/airflow/dags/generate_data.py
[2025-09-03T16:55:22.878+0000] {logging_mixin.py:190} INFO - [2025-09-03T16:55:22.877+0000] {dag.py:3239} INFO - Sync 1 DAGs
[2025-09-03T16:55:22.906+0000] {logging_mixin.py:190} INFO - [2025-09-03T16:55:22.906+0000] {dag.py:4180} INFO - Setting next_dagrun for generate_data to 2025-09-03 00:00:00+00:00, run_after=2025-09-04 00:00:00+00:00
[2025-09-03T16:55:22.923+0000] {processor.py:208} INFO - Processing /opt/airflow/dags/generate_data.py took 0.359 seconds
[2025-09-03T16:55:53.893+0000] {processor.py:186} INFO - Started process (PID=547) to work on /opt/airflow/dags/generate_data.py
[2025-09-03T16:55:53.894+0000] {processor.py:914} INFO - Processing file /opt/airflow/dags/generate_data.py for tasks to queue
[2025-09-03T16:55:53.897+0000] {logging_mixin.py:190} INFO - [2025-09-03T16:55:53.897+0000] {dagbag.py:588} INFO - Filling up the DagBag from /opt/airflow/dags/generate_data.py
[2025-09-03T16:55:54.168+0000] {processor.py:925} INFO - DAG(s) 'generate_data' retrieved from /opt/airflow/dags/generate_data.py
[2025-09-03T16:55:54.183+0000] {logging_mixin.py:190} INFO - [2025-09-03T16:55:54.183+0000] {dag.py:3239} INFO - Sync 1 DAGs
[2025-09-03T16:55:54.201+0000] {logging_mixin.py:190} INFO - [2025-09-03T16:55:54.201+0000] {dag.py:4180} INFO - Setting next_dagrun for generate_data to 2025-09-03 00:00:00+00:00, run_after=2025-09-04 00:00:00+00:00
[2025-09-03T16:55:54.217+0000] {processor.py:208} INFO - Processing /opt/airflow/dags/generate_data.py took 0.329 seconds
[2025-09-03T16:56:24.266+0000] {processor.py:186} INFO - Started process (PID=563) to work on /opt/airflow/dags/generate_data.py
[2025-09-03T16:56:24.267+0000] {processor.py:914} INFO - Processing file /opt/airflow/dags/generate_data.py for tasks to queue
[2025-09-03T16:56:24.270+0000] {logging_mixin.py:190} INFO - [2025-09-03T16:56:24.270+0000] {dagbag.py:588} INFO - Filling up the DagBag from /opt/airflow/dags/generate_data.py
[2025-09-03T16:56:24.581+0000] {processor.py:925} INFO - DAG(s) 'generate_data' retrieved from /opt/airflow/dags/generate_data.py
[2025-09-03T16:56:24.602+0000] {logging_mixin.py:190} INFO - [2025-09-03T16:56:24.602+0000] {dag.py:3239} INFO - Sync 1 DAGs
[2025-09-03T16:56:24.631+0000] {logging_mixin.py:190} INFO - [2025-09-03T16:56:24.630+0000] {dag.py:4180} INFO - Setting next_dagrun for generate_data to 2025-09-03 00:00:00+00:00, run_after=2025-09-04 00:00:00+00:00
[2025-09-03T16:56:24.655+0000] {processor.py:208} INFO - Processing /opt/airflow/dags/generate_data.py took 0.396 seconds
[2025-09-03T16:56:55.533+0000] {processor.py:186} INFO - Started process (PID=579) to work on /opt/airflow/dags/generate_data.py
[2025-09-03T16:56:55.534+0000] {processor.py:914} INFO - Processing file /opt/airflow/dags/generate_data.py for tasks to queue
[2025-09-03T16:56:55.537+0000] {logging_mixin.py:190} INFO - [2025-09-03T16:56:55.536+0000] {dagbag.py:588} INFO - Filling up the DagBag from /opt/airflow/dags/generate_data.py
[2025-09-03T16:56:55.811+0000] {processor.py:925} INFO - DAG(s) 'generate_data' retrieved from /opt/airflow/dags/generate_data.py
[2025-09-03T16:56:55.828+0000] {logging_mixin.py:190} INFO - [2025-09-03T16:56:55.828+0000] {dag.py:3239} INFO - Sync 1 DAGs
[2025-09-03T16:56:55.848+0000] {logging_mixin.py:190} INFO - [2025-09-03T16:56:55.847+0000] {dag.py:4180} INFO - Setting next_dagrun for generate_data to 2025-09-03 00:00:00+00:00, run_after=2025-09-04 00:00:00+00:00
[2025-09-03T16:56:55.864+0000] {processor.py:208} INFO - Processing /opt/airflow/dags/generate_data.py took 0.339 seconds
[2025-09-03T16:57:26.872+0000] {processor.py:186} INFO - Started process (PID=595) to work on /opt/airflow/dags/generate_data.py
[2025-09-03T16:57:26.874+0000] {processor.py:914} INFO - Processing file /opt/airflow/dags/generate_data.py for tasks to queue
[2025-09-03T16:57:26.876+0000] {logging_mixin.py:190} INFO - [2025-09-03T16:57:26.875+0000] {dagbag.py:588} INFO - Filling up the DagBag from /opt/airflow/dags/generate_data.py
[2025-09-03T16:57:27.182+0000] {processor.py:925} INFO - DAG(s) 'generate_data' retrieved from /opt/airflow/dags/generate_data.py
[2025-09-03T16:57:27.203+0000] {logging_mixin.py:190} INFO - [2025-09-03T16:57:27.203+0000] {dag.py:3239} INFO - Sync 1 DAGs
[2025-09-03T16:57:27.229+0000] {logging_mixin.py:190} INFO - [2025-09-03T16:57:27.228+0000] {dag.py:4180} INFO - Setting next_dagrun for generate_data to 2025-09-03 00:00:00+00:00, run_after=2025-09-04 00:00:00+00:00
[2025-09-03T16:57:27.248+0000] {processor.py:208} INFO - Processing /opt/airflow/dags/generate_data.py took 0.383 seconds
[2025-09-03T16:57:58.177+0000] {processor.py:186} INFO - Started process (PID=617) to work on /opt/airflow/dags/generate_data.py
[2025-09-03T16:57:58.178+0000] {processor.py:914} INFO - Processing file /opt/airflow/dags/generate_data.py for tasks to queue
[2025-09-03T16:57:58.180+0000] {logging_mixin.py:190} INFO - [2025-09-03T16:57:58.180+0000] {dagbag.py:588} INFO - Filling up the DagBag from /opt/airflow/dags/generate_data.py
[2025-09-03T16:57:58.469+0000] {processor.py:925} INFO - DAG(s) 'generate_data' retrieved from /opt/airflow/dags/generate_data.py
[2025-09-03T16:57:58.491+0000] {logging_mixin.py:190} INFO - [2025-09-03T16:57:58.491+0000] {dag.py:3239} INFO - Sync 1 DAGs
[2025-09-03T16:57:58.520+0000] {logging_mixin.py:190} INFO - [2025-09-03T16:57:58.519+0000] {dag.py:4180} INFO - Setting next_dagrun for generate_data to 2025-09-03 00:00:00+00:00, run_after=2025-09-04 00:00:00+00:00
[2025-09-03T16:57:58.550+0000] {processor.py:208} INFO - Processing /opt/airflow/dags/generate_data.py took 0.379 seconds
[2025-09-03T16:58:29.493+0000] {processor.py:186} INFO - Started process (PID=633) to work on /opt/airflow/dags/generate_data.py
[2025-09-03T16:58:29.494+0000] {processor.py:914} INFO - Processing file /opt/airflow/dags/generate_data.py for tasks to queue
[2025-09-03T16:58:29.496+0000] {logging_mixin.py:190} INFO - [2025-09-03T16:58:29.496+0000] {dagbag.py:588} INFO - Filling up the DagBag from /opt/airflow/dags/generate_data.py
[2025-09-03T16:58:29.798+0000] {processor.py:925} INFO - DAG(s) 'generate_data' retrieved from /opt/airflow/dags/generate_data.py
[2025-09-03T16:58:29.818+0000] {logging_mixin.py:190} INFO - [2025-09-03T16:58:29.817+0000] {dag.py:3239} INFO - Sync 1 DAGs
[2025-09-03T16:58:29.837+0000] {logging_mixin.py:190} INFO - [2025-09-03T16:58:29.837+0000] {dag.py:4180} INFO - Setting next_dagrun for generate_data to 2025-09-03 00:00:00+00:00, run_after=2025-09-04 00:00:00+00:00
[2025-09-03T16:58:29.851+0000] {processor.py:208} INFO - Processing /opt/airflow/dags/generate_data.py took 0.365 seconds
[2025-09-03T16:59:00.830+0000] {processor.py:186} INFO - Started process (PID=649) to work on /opt/airflow/dags/generate_data.py
[2025-09-03T16:59:00.831+0000] {processor.py:914} INFO - Processing file /opt/airflow/dags/generate_data.py for tasks to queue
[2025-09-03T16:59:00.834+0000] {logging_mixin.py:190} INFO - [2025-09-03T16:59:00.834+0000] {dagbag.py:588} INFO - Filling up the DagBag from /opt/airflow/dags/generate_data.py
[2025-09-03T16:59:01.103+0000] {processor.py:925} INFO - DAG(s) 'generate_data' retrieved from /opt/airflow/dags/generate_data.py
[2025-09-03T16:59:01.119+0000] {logging_mixin.py:190} INFO - [2025-09-03T16:59:01.118+0000] {dag.py:3239} INFO - Sync 1 DAGs
[2025-09-03T16:59:01.135+0000] {logging_mixin.py:190} INFO - [2025-09-03T16:59:01.135+0000] {dag.py:4180} INFO - Setting next_dagrun for generate_data to 2025-09-03 00:00:00+00:00, run_after=2025-09-04 00:00:00+00:00
[2025-09-03T16:59:01.157+0000] {processor.py:208} INFO - Processing /opt/airflow/dags/generate_data.py took 0.337 seconds
[2025-09-03T16:59:31.197+0000] {processor.py:186} INFO - Started process (PID=665) to work on /opt/airflow/dags/generate_data.py
[2025-09-03T16:59:31.198+0000] {processor.py:914} INFO - Processing file /opt/airflow/dags/generate_data.py for tasks to queue
[2025-09-03T16:59:31.201+0000] {logging_mixin.py:190} INFO - [2025-09-03T16:59:31.201+0000] {dagbag.py:588} INFO - Filling up the DagBag from /opt/airflow/dags/generate_data.py
[2025-09-03T16:59:31.462+0000] {processor.py:925} INFO - DAG(s) 'generate_data' retrieved from /opt/airflow/dags/generate_data.py
[2025-09-03T16:59:31.479+0000] {logging_mixin.py:190} INFO - [2025-09-03T16:59:31.478+0000] {dag.py:3239} INFO - Sync 1 DAGs
[2025-09-03T16:59:31.502+0000] {logging_mixin.py:190} INFO - [2025-09-03T16:59:31.501+0000] {dag.py:4180} INFO - Setting next_dagrun for generate_data to 2025-09-03 00:00:00+00:00, run_after=2025-09-04 00:00:00+00:00
[2025-09-03T16:59:31.523+0000] {processor.py:208} INFO - Processing /opt/airflow/dags/generate_data.py took 0.333 seconds
[2025-09-03T17:00:02.549+0000] {processor.py:186} INFO - Started process (PID=680) to work on /opt/airflow/dags/generate_data.py
[2025-09-03T17:00:02.550+0000] {processor.py:914} INFO - Processing file /opt/airflow/dags/generate_data.py for tasks to queue
[2025-09-03T17:00:02.552+0000] {logging_mixin.py:190} INFO - [2025-09-03T17:00:02.551+0000] {dagbag.py:588} INFO - Filling up the DagBag from /opt/airflow/dags/generate_data.py
[2025-09-03T17:00:02.812+0000] {processor.py:925} INFO - DAG(s) 'generate_data' retrieved from /opt/airflow/dags/generate_data.py
[2025-09-03T17:00:02.833+0000] {logging_mixin.py:190} INFO - [2025-09-03T17:00:02.832+0000] {dag.py:3239} INFO - Sync 1 DAGs
[2025-09-03T17:00:02.855+0000] {logging_mixin.py:190} INFO - [2025-09-03T17:00:02.854+0000] {dag.py:4180} INFO - Setting next_dagrun for generate_data to 2025-09-03 00:00:00+00:00, run_after=2025-09-04 00:00:00+00:00
[2025-09-03T17:00:02.874+0000] {processor.py:208} INFO - Processing /opt/airflow/dags/generate_data.py took 0.332 seconds
[2025-09-03T17:00:33.857+0000] {processor.py:186} INFO - Started process (PID=696) to work on /opt/airflow/dags/generate_data.py
[2025-09-03T17:00:33.858+0000] {processor.py:914} INFO - Processing file /opt/airflow/dags/generate_data.py for tasks to queue
[2025-09-03T17:00:33.861+0000] {logging_mixin.py:190} INFO - [2025-09-03T17:00:33.860+0000] {dagbag.py:588} INFO - Filling up the DagBag from /opt/airflow/dags/generate_data.py
[2025-09-03T17:00:34.152+0000] {processor.py:925} INFO - DAG(s) 'generate_data' retrieved from /opt/airflow/dags/generate_data.py
[2025-09-03T17:00:34.175+0000] {logging_mixin.py:190} INFO - [2025-09-03T17:00:34.175+0000] {dag.py:3239} INFO - Sync 1 DAGs
[2025-09-03T17:00:34.203+0000] {logging_mixin.py:190} INFO - [2025-09-03T17:00:34.203+0000] {dag.py:4180} INFO - Setting next_dagrun for generate_data to 2025-09-03 00:00:00+00:00, run_after=2025-09-04 00:00:00+00:00
[2025-09-03T17:00:34.222+0000] {processor.py:208} INFO - Processing /opt/airflow/dags/generate_data.py took 0.370 seconds
[2025-09-03T17:01:05.180+0000] {processor.py:186} INFO - Started process (PID=712) to work on /opt/airflow/dags/generate_data.py
[2025-09-03T17:01:05.181+0000] {processor.py:914} INFO - Processing file /opt/airflow/dags/generate_data.py for tasks to queue
[2025-09-03T17:01:05.187+0000] {logging_mixin.py:190} INFO - [2025-09-03T17:01:05.187+0000] {dagbag.py:588} INFO - Filling up the DagBag from /opt/airflow/dags/generate_data.py
[2025-09-03T17:01:05.465+0000] {processor.py:925} INFO - DAG(s) 'generate_data' retrieved from /opt/airflow/dags/generate_data.py
[2025-09-03T17:01:05.485+0000] {logging_mixin.py:190} INFO - [2025-09-03T17:01:05.485+0000] {dag.py:3239} INFO - Sync 1 DAGs
[2025-09-03T17:01:05.508+0000] {logging_mixin.py:190} INFO - [2025-09-03T17:01:05.508+0000] {dag.py:4180} INFO - Setting next_dagrun for generate_data to 2025-09-03 00:00:00+00:00, run_after=2025-09-04 00:00:00+00:00
[2025-09-03T17:01:05.523+0000] {processor.py:208} INFO - Processing /opt/airflow/dags/generate_data.py took 0.347 seconds
[2025-09-03T17:01:35.581+0000] {processor.py:186} INFO - Started process (PID=728) to work on /opt/airflow/dags/generate_data.py
[2025-09-03T17:01:35.582+0000] {processor.py:914} INFO - Processing file /opt/airflow/dags/generate_data.py for tasks to queue
[2025-09-03T17:01:35.586+0000] {logging_mixin.py:190} INFO - [2025-09-03T17:01:35.586+0000] {dagbag.py:588} INFO - Filling up the DagBag from /opt/airflow/dags/generate_data.py
[2025-09-03T17:01:35.837+0000] {processor.py:925} INFO - DAG(s) 'generate_data' retrieved from /opt/airflow/dags/generate_data.py
[2025-09-03T17:01:35.856+0000] {logging_mixin.py:190} INFO - [2025-09-03T17:01:35.856+0000] {dag.py:3239} INFO - Sync 1 DAGs
[2025-09-03T17:01:35.875+0000] {logging_mixin.py:190} INFO - [2025-09-03T17:01:35.875+0000] {dag.py:4180} INFO - Setting next_dagrun for generate_data to 2025-09-03 00:00:00+00:00, run_after=2025-09-04 00:00:00+00:00
[2025-09-03T17:01:35.894+0000] {processor.py:208} INFO - Processing /opt/airflow/dags/generate_data.py took 0.317 seconds
[2025-09-03T17:02:06.861+0000] {processor.py:186} INFO - Started process (PID=744) to work on /opt/airflow/dags/generate_data.py
[2025-09-03T17:02:06.862+0000] {processor.py:914} INFO - Processing file /opt/airflow/dags/generate_data.py for tasks to queue
[2025-09-03T17:02:06.866+0000] {logging_mixin.py:190} INFO - [2025-09-03T17:02:06.865+0000] {dagbag.py:588} INFO - Filling up the DagBag from /opt/airflow/dags/generate_data.py
[2025-09-03T17:02:07.134+0000] {processor.py:925} INFO - DAG(s) 'generate_data' retrieved from /opt/airflow/dags/generate_data.py
[2025-09-03T17:02:07.150+0000] {logging_mixin.py:190} INFO - [2025-09-03T17:02:07.150+0000] {dag.py:3239} INFO - Sync 1 DAGs
[2025-09-03T17:02:07.170+0000] {logging_mixin.py:190} INFO - [2025-09-03T17:02:07.170+0000] {dag.py:4180} INFO - Setting next_dagrun for generate_data to 2025-09-03 00:00:00+00:00, run_after=2025-09-04 00:00:00+00:00
[2025-09-03T17:02:07.189+0000] {processor.py:208} INFO - Processing /opt/airflow/dags/generate_data.py took 0.332 seconds
[2025-09-03T17:02:37.275+0000] {processor.py:186} INFO - Started process (PID=760) to work on /opt/airflow/dags/generate_data.py
[2025-09-03T17:02:37.276+0000] {processor.py:914} INFO - Processing file /opt/airflow/dags/generate_data.py for tasks to queue
[2025-09-03T17:02:37.279+0000] {logging_mixin.py:190} INFO - [2025-09-03T17:02:37.278+0000] {dagbag.py:588} INFO - Filling up the DagBag from /opt/airflow/dags/generate_data.py
[2025-09-03T17:02:37.604+0000] {processor.py:925} INFO - DAG(s) 'generate_data' retrieved from /opt/airflow/dags/generate_data.py
[2025-09-03T17:02:37.634+0000] {logging_mixin.py:190} INFO - [2025-09-03T17:02:37.633+0000] {dag.py:3239} INFO - Sync 1 DAGs
[2025-09-03T17:02:37.662+0000] {logging_mixin.py:190} INFO - [2025-09-03T17:02:37.662+0000] {dag.py:4180} INFO - Setting next_dagrun for generate_data to 2025-09-03 00:00:00+00:00, run_after=2025-09-04 00:00:00+00:00
[2025-09-03T17:02:37.686+0000] {processor.py:208} INFO - Processing /opt/airflow/dags/generate_data.py took 0.419 seconds
[2025-09-03T17:03:08.559+0000] {processor.py:186} INFO - Started process (PID=776) to work on /opt/airflow/dags/generate_data.py
[2025-09-03T17:03:08.560+0000] {processor.py:914} INFO - Processing file /opt/airflow/dags/generate_data.py for tasks to queue
[2025-09-03T17:03:08.564+0000] {logging_mixin.py:190} INFO - [2025-09-03T17:03:08.563+0000] {dagbag.py:588} INFO - Filling up the DagBag from /opt/airflow/dags/generate_data.py
[2025-09-03T17:03:08.881+0000] {processor.py:925} INFO - DAG(s) 'generate_data' retrieved from /opt/airflow/dags/generate_data.py
[2025-09-03T17:03:08.906+0000] {logging_mixin.py:190} INFO - [2025-09-03T17:03:08.906+0000] {dag.py:3239} INFO - Sync 1 DAGs
[2025-09-03T17:03:08.933+0000] {logging_mixin.py:190} INFO - [2025-09-03T17:03:08.932+0000] {dag.py:4180} INFO - Setting next_dagrun for generate_data to 2025-09-03 00:00:00+00:00, run_after=2025-09-04 00:00:00+00:00
[2025-09-03T17:03:08.953+0000] {processor.py:208} INFO - Processing /opt/airflow/dags/generate_data.py took 0.402 seconds
[2025-09-03T17:03:39.797+0000] {processor.py:186} INFO - Started process (PID=792) to work on /opt/airflow/dags/generate_data.py
[2025-09-03T17:03:39.798+0000] {processor.py:914} INFO - Processing file /opt/airflow/dags/generate_data.py for tasks to queue
[2025-09-03T17:03:39.801+0000] {logging_mixin.py:190} INFO - [2025-09-03T17:03:39.800+0000] {dagbag.py:588} INFO - Filling up the DagBag from /opt/airflow/dags/generate_data.py
[2025-09-03T17:03:40.110+0000] {processor.py:925} INFO - DAG(s) 'generate_data' retrieved from /opt/airflow/dags/generate_data.py
[2025-09-03T17:03:40.138+0000] {logging_mixin.py:190} INFO - [2025-09-03T17:03:40.138+0000] {dag.py:3239} INFO - Sync 1 DAGs
[2025-09-03T17:03:40.166+0000] {logging_mixin.py:190} INFO - [2025-09-03T17:03:40.166+0000] {dag.py:4180} INFO - Setting next_dagrun for generate_data to 2025-09-03 00:00:00+00:00, run_after=2025-09-04 00:00:00+00:00
[2025-09-03T17:03:40.186+0000] {processor.py:208} INFO - Processing /opt/airflow/dags/generate_data.py took 0.396 seconds
[2025-09-03T17:04:11.128+0000] {processor.py:186} INFO - Started process (PID=808) to work on /opt/airflow/dags/generate_data.py
[2025-09-03T17:04:11.129+0000] {processor.py:914} INFO - Processing file /opt/airflow/dags/generate_data.py for tasks to queue
[2025-09-03T17:04:11.130+0000] {logging_mixin.py:190} INFO - [2025-09-03T17:04:11.130+0000] {dagbag.py:588} INFO - Filling up the DagBag from /opt/airflow/dags/generate_data.py
[2025-09-03T17:04:11.422+0000] {processor.py:925} INFO - DAG(s) 'generate_data' retrieved from /opt/airflow/dags/generate_data.py
[2025-09-03T17:04:11.438+0000] {logging_mixin.py:190} INFO - [2025-09-03T17:04:11.438+0000] {dag.py:3239} INFO - Sync 1 DAGs
[2025-09-03T17:04:11.460+0000] {logging_mixin.py:190} INFO - [2025-09-03T17:04:11.460+0000] {dag.py:4180} INFO - Setting next_dagrun for generate_data to 2025-09-03 00:00:00+00:00, run_after=2025-09-04 00:00:00+00:00
[2025-09-03T17:04:11.479+0000] {processor.py:208} INFO - Processing /opt/airflow/dags/generate_data.py took 0.357 seconds
[2025-09-03T17:04:42.472+0000] {processor.py:186} INFO - Started process (PID=824) to work on /opt/airflow/dags/generate_data.py
[2025-09-03T17:04:42.473+0000] {processor.py:914} INFO - Processing file /opt/airflow/dags/generate_data.py for tasks to queue
[2025-09-03T17:04:42.475+0000] {logging_mixin.py:190} INFO - [2025-09-03T17:04:42.475+0000] {dagbag.py:588} INFO - Filling up the DagBag from /opt/airflow/dags/generate_data.py
[2025-09-03T17:04:42.760+0000] {processor.py:925} INFO - DAG(s) 'generate_data' retrieved from /opt/airflow/dags/generate_data.py
[2025-09-03T17:04:42.779+0000] {logging_mixin.py:190} INFO - [2025-09-03T17:04:42.779+0000] {dag.py:3239} INFO - Sync 1 DAGs
[2025-09-03T17:04:42.800+0000] {logging_mixin.py:190} INFO - [2025-09-03T17:04:42.799+0000] {dag.py:4180} INFO - Setting next_dagrun for generate_data to 2025-09-03 00:00:00+00:00, run_after=2025-09-04 00:00:00+00:00
[2025-09-03T17:04:42.816+0000] {processor.py:208} INFO - Processing /opt/airflow/dags/generate_data.py took 0.348 seconds
[2025-09-03T17:05:13.795+0000] {processor.py:186} INFO - Started process (PID=840) to work on /opt/airflow/dags/generate_data.py
[2025-09-03T17:05:13.796+0000] {processor.py:914} INFO - Processing file /opt/airflow/dags/generate_data.py for tasks to queue
[2025-09-03T17:05:13.799+0000] {logging_mixin.py:190} INFO - [2025-09-03T17:05:13.799+0000] {dagbag.py:588} INFO - Filling up the DagBag from /opt/airflow/dags/generate_data.py
[2025-09-03T17:05:14.056+0000] {processor.py:925} INFO - DAG(s) 'generate_data' retrieved from /opt/airflow/dags/generate_data.py
[2025-09-03T17:05:14.076+0000] {logging_mixin.py:190} INFO - [2025-09-03T17:05:14.076+0000] {dag.py:3239} INFO - Sync 1 DAGs
[2025-09-03T17:05:14.098+0000] {logging_mixin.py:190} INFO - [2025-09-03T17:05:14.098+0000] {dag.py:4180} INFO - Setting next_dagrun for generate_data to 2025-09-03 00:00:00+00:00, run_after=2025-09-04 00:00:00+00:00
[2025-09-03T17:05:14.112+0000] {processor.py:208} INFO - Processing /opt/airflow/dags/generate_data.py took 0.321 seconds
[2025-09-03T17:05:45.085+0000] {processor.py:186} INFO - Started process (PID=856) to work on /opt/airflow/dags/generate_data.py
[2025-09-03T17:05:45.087+0000] {processor.py:914} INFO - Processing file /opt/airflow/dags/generate_data.py for tasks to queue
[2025-09-03T17:05:45.091+0000] {logging_mixin.py:190} INFO - [2025-09-03T17:05:45.090+0000] {dagbag.py:588} INFO - Filling up the DagBag from /opt/airflow/dags/generate_data.py
[2025-09-03T17:05:45.410+0000] {processor.py:925} INFO - DAG(s) 'generate_data' retrieved from /opt/airflow/dags/generate_data.py
[2025-09-03T17:05:45.448+0000] {logging_mixin.py:190} INFO - [2025-09-03T17:05:45.447+0000] {dag.py:3239} INFO - Sync 1 DAGs
[2025-09-03T17:05:45.479+0000] {logging_mixin.py:190} INFO - [2025-09-03T17:05:45.479+0000] {dag.py:4180} INFO - Setting next_dagrun for generate_data to 2025-09-03 00:00:00+00:00, run_after=2025-09-04 00:00:00+00:00
[2025-09-03T17:05:45.500+0000] {processor.py:208} INFO - Processing /opt/airflow/dags/generate_data.py took 0.423 seconds
[2025-09-03T17:06:16.463+0000] {processor.py:186} INFO - Started process (PID=877) to work on /opt/airflow/dags/generate_data.py
[2025-09-03T17:06:16.464+0000] {processor.py:914} INFO - Processing file /opt/airflow/dags/generate_data.py for tasks to queue
[2025-09-03T17:06:16.467+0000] {logging_mixin.py:190} INFO - [2025-09-03T17:06:16.466+0000] {dagbag.py:588} INFO - Filling up the DagBag from /opt/airflow/dags/generate_data.py
[2025-09-03T17:06:16.785+0000] {processor.py:925} INFO - DAG(s) 'generate_data' retrieved from /opt/airflow/dags/generate_data.py
[2025-09-03T17:06:16.805+0000] {logging_mixin.py:190} INFO - [2025-09-03T17:06:16.805+0000] {dag.py:3239} INFO - Sync 1 DAGs
[2025-09-03T17:06:16.825+0000] {logging_mixin.py:190} INFO - [2025-09-03T17:06:16.824+0000] {dag.py:4180} INFO - Setting next_dagrun for generate_data to 2025-09-03 00:00:00+00:00, run_after=2025-09-04 00:00:00+00:00
[2025-09-03T17:06:16.839+0000] {processor.py:208} INFO - Processing /opt/airflow/dags/generate_data.py took 0.382 seconds
[2025-09-03T17:06:46.871+0000] {processor.py:186} INFO - Started process (PID=893) to work on /opt/airflow/dags/generate_data.py
[2025-09-03T17:06:46.872+0000] {processor.py:914} INFO - Processing file /opt/airflow/dags/generate_data.py for tasks to queue
[2025-09-03T17:06:46.876+0000] {logging_mixin.py:190} INFO - [2025-09-03T17:06:46.875+0000] {dagbag.py:588} INFO - Filling up the DagBag from /opt/airflow/dags/generate_data.py
[2025-09-03T17:06:47.104+0000] {processor.py:925} INFO - DAG(s) 'generate_data' retrieved from /opt/airflow/dags/generate_data.py
[2025-09-03T17:06:47.126+0000] {logging_mixin.py:190} INFO - [2025-09-03T17:06:47.126+0000] {dag.py:3239} INFO - Sync 1 DAGs
[2025-09-03T17:06:47.146+0000] {logging_mixin.py:190} INFO - [2025-09-03T17:06:47.146+0000] {dag.py:4180} INFO - Setting next_dagrun for generate_data to 2025-09-03 00:00:00+00:00, run_after=2025-09-04 00:00:00+00:00
[2025-09-03T17:06:47.159+0000] {processor.py:208} INFO - Processing /opt/airflow/dags/generate_data.py took 0.294 seconds
[2025-09-03T17:07:17.245+0000] {processor.py:186} INFO - Started process (PID=909) to work on /opt/airflow/dags/generate_data.py
[2025-09-03T17:07:17.247+0000] {processor.py:914} INFO - Processing file /opt/airflow/dags/generate_data.py for tasks to queue
[2025-09-03T17:07:17.250+0000] {logging_mixin.py:190} INFO - [2025-09-03T17:07:17.250+0000] {dagbag.py:588} INFO - Filling up the DagBag from /opt/airflow/dags/generate_data.py
[2025-09-03T17:07:17.497+0000] {processor.py:925} INFO - DAG(s) 'generate_data' retrieved from /opt/airflow/dags/generate_data.py
[2025-09-03T17:07:17.517+0000] {logging_mixin.py:190} INFO - [2025-09-03T17:07:17.517+0000] {dag.py:3239} INFO - Sync 1 DAGs
[2025-09-03T17:07:17.536+0000] {logging_mixin.py:190} INFO - [2025-09-03T17:07:17.536+0000] {dag.py:4180} INFO - Setting next_dagrun for generate_data to 2025-09-03 00:00:00+00:00, run_after=2025-09-04 00:00:00+00:00
[2025-09-03T17:07:17.556+0000] {processor.py:208} INFO - Processing /opt/airflow/dags/generate_data.py took 0.315 seconds
[2025-09-03T17:07:47.634+0000] {processor.py:186} INFO - Started process (PID=925) to work on /opt/airflow/dags/generate_data.py
[2025-09-03T17:07:47.635+0000] {processor.py:914} INFO - Processing file /opt/airflow/dags/generate_data.py for tasks to queue
[2025-09-03T17:07:47.637+0000] {logging_mixin.py:190} INFO - [2025-09-03T17:07:47.637+0000] {dagbag.py:588} INFO - Filling up the DagBag from /opt/airflow/dags/generate_data.py
[2025-09-03T17:07:47.889+0000] {processor.py:925} INFO - DAG(s) 'generate_data' retrieved from /opt/airflow/dags/generate_data.py
[2025-09-03T17:07:47.911+0000] {logging_mixin.py:190} INFO - [2025-09-03T17:07:47.911+0000] {dag.py:3239} INFO - Sync 1 DAGs
[2025-09-03T17:07:47.935+0000] {logging_mixin.py:190} INFO - [2025-09-03T17:07:47.935+0000] {dag.py:4180} INFO - Setting next_dagrun for generate_data to 2025-09-03 00:00:00+00:00, run_after=2025-09-04 00:00:00+00:00
[2025-09-03T17:07:47.955+0000] {processor.py:208} INFO - Processing /opt/airflow/dags/generate_data.py took 0.325 seconds
[2025-09-03T17:08:18.003+0000] {processor.py:186} INFO - Started process (PID=941) to work on /opt/airflow/dags/generate_data.py
[2025-09-03T17:08:18.004+0000] {processor.py:914} INFO - Processing file /opt/airflow/dags/generate_data.py for tasks to queue
[2025-09-03T17:08:18.007+0000] {logging_mixin.py:190} INFO - [2025-09-03T17:08:18.006+0000] {dagbag.py:588} INFO - Filling up the DagBag from /opt/airflow/dags/generate_data.py
[2025-09-03T17:08:18.257+0000] {processor.py:925} INFO - DAG(s) 'generate_data' retrieved from /opt/airflow/dags/generate_data.py
[2025-09-03T17:08:18.280+0000] {logging_mixin.py:190} INFO - [2025-09-03T17:08:18.280+0000] {dag.py:3239} INFO - Sync 1 DAGs
[2025-09-03T17:08:18.299+0000] {logging_mixin.py:190} INFO - [2025-09-03T17:08:18.298+0000] {dag.py:4180} INFO - Setting next_dagrun for generate_data to 2025-09-03 00:00:00+00:00, run_after=2025-09-04 00:00:00+00:00
[2025-09-03T17:08:18.313+0000] {processor.py:208} INFO - Processing /opt/airflow/dags/generate_data.py took 0.315 seconds
[2025-09-03T17:08:48.363+0000] {processor.py:186} INFO - Started process (PID=957) to work on /opt/airflow/dags/generate_data.py
[2025-09-03T17:08:48.364+0000] {processor.py:914} INFO - Processing file /opt/airflow/dags/generate_data.py for tasks to queue
[2025-09-03T17:08:48.366+0000] {logging_mixin.py:190} INFO - [2025-09-03T17:08:48.366+0000] {dagbag.py:588} INFO - Filling up the DagBag from /opt/airflow/dags/generate_data.py
[2025-09-03T17:08:48.616+0000] {processor.py:925} INFO - DAG(s) 'generate_data' retrieved from /opt/airflow/dags/generate_data.py
[2025-09-03T17:08:48.635+0000] {logging_mixin.py:190} INFO - [2025-09-03T17:08:48.635+0000] {dag.py:3239} INFO - Sync 1 DAGs
[2025-09-03T17:08:48.654+0000] {logging_mixin.py:190} INFO - [2025-09-03T17:08:48.654+0000] {dag.py:4180} INFO - Setting next_dagrun for generate_data to 2025-09-03 00:00:00+00:00, run_after=2025-09-04 00:00:00+00:00
[2025-09-03T17:08:48.669+0000] {processor.py:208} INFO - Processing /opt/airflow/dags/generate_data.py took 0.311 seconds
[2025-09-03T17:09:18.710+0000] {processor.py:186} INFO - Started process (PID=973) to work on /opt/airflow/dags/generate_data.py
[2025-09-03T17:09:18.710+0000] {processor.py:914} INFO - Processing file /opt/airflow/dags/generate_data.py for tasks to queue
[2025-09-03T17:09:18.712+0000] {logging_mixin.py:190} INFO - [2025-09-03T17:09:18.712+0000] {dagbag.py:588} INFO - Filling up the DagBag from /opt/airflow/dags/generate_data.py
[2025-09-03T17:09:18.963+0000] {processor.py:925} INFO - DAG(s) 'generate_data' retrieved from /opt/airflow/dags/generate_data.py
[2025-09-03T17:09:18.986+0000] {logging_mixin.py:190} INFO - [2025-09-03T17:09:18.985+0000] {dag.py:3239} INFO - Sync 1 DAGs
[2025-09-03T17:09:19.003+0000] {logging_mixin.py:190} INFO - [2025-09-03T17:09:19.003+0000] {dag.py:4180} INFO - Setting next_dagrun for generate_data to 2025-09-03 00:00:00+00:00, run_after=2025-09-04 00:00:00+00:00
[2025-09-03T17:09:19.032+0000] {processor.py:208} INFO - Processing /opt/airflow/dags/generate_data.py took 0.327 seconds
[2025-09-03T17:09:49.081+0000] {processor.py:186} INFO - Started process (PID=989) to work on /opt/airflow/dags/generate_data.py
[2025-09-03T17:09:49.082+0000] {processor.py:914} INFO - Processing file /opt/airflow/dags/generate_data.py for tasks to queue
[2025-09-03T17:09:49.085+0000] {logging_mixin.py:190} INFO - [2025-09-03T17:09:49.085+0000] {dagbag.py:588} INFO - Filling up the DagBag from /opt/airflow/dags/generate_data.py
[2025-09-03T17:09:49.404+0000] {processor.py:925} INFO - DAG(s) 'generate_data' retrieved from /opt/airflow/dags/generate_data.py
[2025-09-03T17:09:49.419+0000] {logging_mixin.py:190} INFO - [2025-09-03T17:09:49.419+0000] {dag.py:3239} INFO - Sync 1 DAGs
[2025-09-03T17:09:49.446+0000] {logging_mixin.py:190} INFO - [2025-09-03T17:09:49.446+0000] {dag.py:4180} INFO - Setting next_dagrun for generate_data to 2025-09-03 00:00:00+00:00, run_after=2025-09-04 00:00:00+00:00
[2025-09-03T17:09:49.467+0000] {processor.py:208} INFO - Processing /opt/airflow/dags/generate_data.py took 0.392 seconds
[2025-09-03T17:10:20.427+0000] {processor.py:186} INFO - Started process (PID=1005) to work on /opt/airflow/dags/generate_data.py
[2025-09-03T17:10:20.428+0000] {processor.py:914} INFO - Processing file /opt/airflow/dags/generate_data.py for tasks to queue
[2025-09-03T17:10:20.431+0000] {logging_mixin.py:190} INFO - [2025-09-03T17:10:20.431+0000] {dagbag.py:588} INFO - Filling up the DagBag from /opt/airflow/dags/generate_data.py
[2025-09-03T17:10:20.685+0000] {processor.py:925} INFO - DAG(s) 'generate_data' retrieved from /opt/airflow/dags/generate_data.py
[2025-09-03T17:10:20.706+0000] {logging_mixin.py:190} INFO - [2025-09-03T17:10:20.706+0000] {dag.py:3239} INFO - Sync 1 DAGs
[2025-09-03T17:10:20.728+0000] {logging_mixin.py:190} INFO - [2025-09-03T17:10:20.728+0000] {dag.py:4180} INFO - Setting next_dagrun for generate_data to 2025-09-03 00:00:00+00:00, run_after=2025-09-04 00:00:00+00:00
[2025-09-03T17:10:20.747+0000] {processor.py:208} INFO - Processing /opt/airflow/dags/generate_data.py took 0.325 seconds
[2025-09-03T17:10:50.795+0000] {processor.py:186} INFO - Started process (PID=1021) to work on /opt/airflow/dags/generate_data.py
[2025-09-03T17:10:50.796+0000] {processor.py:914} INFO - Processing file /opt/airflow/dags/generate_data.py for tasks to queue
[2025-09-03T17:10:50.799+0000] {logging_mixin.py:190} INFO - [2025-09-03T17:10:50.798+0000] {dagbag.py:588} INFO - Filling up the DagBag from /opt/airflow/dags/generate_data.py
[2025-09-03T17:10:51.029+0000] {processor.py:925} INFO - DAG(s) 'generate_data' retrieved from /opt/airflow/dags/generate_data.py
[2025-09-03T17:10:51.047+0000] {logging_mixin.py:190} INFO - [2025-09-03T17:10:51.047+0000] {dag.py:3239} INFO - Sync 1 DAGs
[2025-09-03T17:10:51.065+0000] {logging_mixin.py:190} INFO - [2025-09-03T17:10:51.065+0000] {dag.py:4180} INFO - Setting next_dagrun for generate_data to 2025-09-03 00:00:00+00:00, run_after=2025-09-04 00:00:00+00:00
[2025-09-03T17:10:51.079+0000] {processor.py:208} INFO - Processing /opt/airflow/dags/generate_data.py took 0.291 seconds
[2025-09-03T17:11:21.138+0000] {processor.py:186} INFO - Started process (PID=1037) to work on /opt/airflow/dags/generate_data.py
[2025-09-03T17:11:21.139+0000] {processor.py:914} INFO - Processing file /opt/airflow/dags/generate_data.py for tasks to queue
[2025-09-03T17:11:21.143+0000] {logging_mixin.py:190} INFO - [2025-09-03T17:11:21.142+0000] {dagbag.py:588} INFO - Filling up the DagBag from /opt/airflow/dags/generate_data.py
[2025-09-03T17:11:21.376+0000] {processor.py:925} INFO - DAG(s) 'generate_data' retrieved from /opt/airflow/dags/generate_data.py
[2025-09-03T17:11:21.392+0000] {logging_mixin.py:190} INFO - [2025-09-03T17:11:21.392+0000] {dag.py:3239} INFO - Sync 1 DAGs
[2025-09-03T17:11:21.409+0000] {logging_mixin.py:190} INFO - [2025-09-03T17:11:21.409+0000] {dag.py:4180} INFO - Setting next_dagrun for generate_data to 2025-09-03 00:00:00+00:00, run_after=2025-09-04 00:00:00+00:00
[2025-09-03T17:11:21.426+0000] {processor.py:208} INFO - Processing /opt/airflow/dags/generate_data.py took 0.292 seconds
[2025-09-03T17:11:51.490+0000] {processor.py:186} INFO - Started process (PID=1053) to work on /opt/airflow/dags/generate_data.py
[2025-09-03T17:11:51.492+0000] {processor.py:914} INFO - Processing file /opt/airflow/dags/generate_data.py for tasks to queue
[2025-09-03T17:11:51.495+0000] {logging_mixin.py:190} INFO - [2025-09-03T17:11:51.494+0000] {dagbag.py:588} INFO - Filling up the DagBag from /opt/airflow/dags/generate_data.py
[2025-09-03T17:11:51.728+0000] {processor.py:925} INFO - DAG(s) 'generate_data' retrieved from /opt/airflow/dags/generate_data.py
[2025-09-03T17:11:51.749+0000] {logging_mixin.py:190} INFO - [2025-09-03T17:11:51.748+0000] {dag.py:3239} INFO - Sync 1 DAGs
[2025-09-03T17:11:51.765+0000] {logging_mixin.py:190} INFO - [2025-09-03T17:11:51.765+0000] {dag.py:4180} INFO - Setting next_dagrun for generate_data to 2025-09-03 00:00:00+00:00, run_after=2025-09-04 00:00:00+00:00
[2025-09-03T17:11:51.779+0000] {processor.py:208} INFO - Processing /opt/airflow/dags/generate_data.py took 0.297 seconds
[2025-09-03T17:12:21.816+0000] {processor.py:186} INFO - Started process (PID=1069) to work on /opt/airflow/dags/generate_data.py
[2025-09-03T17:12:21.817+0000] {processor.py:914} INFO - Processing file /opt/airflow/dags/generate_data.py for tasks to queue
[2025-09-03T17:12:21.820+0000] {logging_mixin.py:190} INFO - [2025-09-03T17:12:21.820+0000] {dagbag.py:588} INFO - Filling up the DagBag from /opt/airflow/dags/generate_data.py
[2025-09-03T17:12:22.046+0000] {processor.py:925} INFO - DAG(s) 'generate_data' retrieved from /opt/airflow/dags/generate_data.py
[2025-09-03T17:12:22.069+0000] {logging_mixin.py:190} INFO - [2025-09-03T17:12:22.069+0000] {dag.py:3239} INFO - Sync 1 DAGs
[2025-09-03T17:12:22.090+0000] {logging_mixin.py:190} INFO - [2025-09-03T17:12:22.089+0000] {dag.py:4180} INFO - Setting next_dagrun for generate_data to 2025-09-03 00:00:00+00:00, run_after=2025-09-04 00:00:00+00:00
[2025-09-03T17:12:22.107+0000] {processor.py:208} INFO - Processing /opt/airflow/dags/generate_data.py took 0.296 seconds
[2025-09-03T17:12:52.176+0000] {processor.py:186} INFO - Started process (PID=1085) to work on /opt/airflow/dags/generate_data.py
[2025-09-03T17:12:52.177+0000] {processor.py:914} INFO - Processing file /opt/airflow/dags/generate_data.py for tasks to queue
[2025-09-03T17:12:52.178+0000] {logging_mixin.py:190} INFO - [2025-09-03T17:12:52.178+0000] {dagbag.py:588} INFO - Filling up the DagBag from /opt/airflow/dags/generate_data.py
[2025-09-03T17:12:52.424+0000] {processor.py:925} INFO - DAG(s) 'generate_data' retrieved from /opt/airflow/dags/generate_data.py
[2025-09-03T17:12:52.444+0000] {logging_mixin.py:190} INFO - [2025-09-03T17:12:52.444+0000] {dag.py:3239} INFO - Sync 1 DAGs
[2025-09-03T17:12:52.463+0000] {logging_mixin.py:190} INFO - [2025-09-03T17:12:52.463+0000] {dag.py:4180} INFO - Setting next_dagrun for generate_data to 2025-09-03 00:00:00+00:00, run_after=2025-09-04 00:00:00+00:00
[2025-09-03T17:12:52.480+0000] {processor.py:208} INFO - Processing /opt/airflow/dags/generate_data.py took 0.309 seconds
[2025-09-03T17:13:22.539+0000] {processor.py:186} INFO - Started process (PID=1101) to work on /opt/airflow/dags/generate_data.py
[2025-09-03T17:13:22.540+0000] {processor.py:914} INFO - Processing file /opt/airflow/dags/generate_data.py for tasks to queue
[2025-09-03T17:13:22.542+0000] {logging_mixin.py:190} INFO - [2025-09-03T17:13:22.542+0000] {dagbag.py:588} INFO - Filling up the DagBag from /opt/airflow/dags/generate_data.py
[2025-09-03T17:13:22.788+0000] {processor.py:925} INFO - DAG(s) 'generate_data' retrieved from /opt/airflow/dags/generate_data.py
[2025-09-03T17:13:22.804+0000] {logging_mixin.py:190} INFO - [2025-09-03T17:13:22.803+0000] {dag.py:3239} INFO - Sync 1 DAGs
[2025-09-03T17:13:22.823+0000] {logging_mixin.py:190} INFO - [2025-09-03T17:13:22.823+0000] {dag.py:4180} INFO - Setting next_dagrun for generate_data to 2025-09-03 00:00:00+00:00, run_after=2025-09-04 00:00:00+00:00
[2025-09-03T17:13:22.836+0000] {processor.py:208} INFO - Processing /opt/airflow/dags/generate_data.py took 0.301 seconds
[2025-09-03T17:13:53.813+0000] {processor.py:186} INFO - Started process (PID=1117) to work on /opt/airflow/dags/generate_data.py
[2025-09-03T17:13:53.814+0000] {processor.py:914} INFO - Processing file /opt/airflow/dags/generate_data.py for tasks to queue
[2025-09-03T17:13:53.816+0000] {logging_mixin.py:190} INFO - [2025-09-03T17:13:53.816+0000] {dagbag.py:588} INFO - Filling up the DagBag from /opt/airflow/dags/generate_data.py
[2025-09-03T17:13:54.048+0000] {processor.py:925} INFO - DAG(s) 'generate_data' retrieved from /opt/airflow/dags/generate_data.py
[2025-09-03T17:13:54.066+0000] {logging_mixin.py:190} INFO - [2025-09-03T17:13:54.066+0000] {dag.py:3239} INFO - Sync 1 DAGs
[2025-09-03T17:13:54.083+0000] {logging_mixin.py:190} INFO - [2025-09-03T17:13:54.083+0000] {dag.py:4180} INFO - Setting next_dagrun for generate_data to 2025-09-03 00:00:00+00:00, run_after=2025-09-04 00:00:00+00:00
[2025-09-03T17:13:54.098+0000] {processor.py:208} INFO - Processing /opt/airflow/dags/generate_data.py took 0.290 seconds
[2025-09-03T17:14:24.180+0000] {processor.py:186} INFO - Started process (PID=1133) to work on /opt/airflow/dags/generate_data.py
[2025-09-03T17:14:24.181+0000] {processor.py:914} INFO - Processing file /opt/airflow/dags/generate_data.py for tasks to queue
[2025-09-03T17:14:24.184+0000] {logging_mixin.py:190} INFO - [2025-09-03T17:14:24.183+0000] {dagbag.py:588} INFO - Filling up the DagBag from /opt/airflow/dags/generate_data.py
[2025-09-03T17:14:24.432+0000] {processor.py:925} INFO - DAG(s) 'generate_data' retrieved from /opt/airflow/dags/generate_data.py
[2025-09-03T17:14:24.449+0000] {logging_mixin.py:190} INFO - [2025-09-03T17:14:24.449+0000] {dag.py:3239} INFO - Sync 1 DAGs
[2025-09-03T17:14:24.472+0000] {logging_mixin.py:190} INFO - [2025-09-03T17:14:24.472+0000] {dag.py:4180} INFO - Setting next_dagrun for generate_data to 2025-09-03 00:00:00+00:00, run_after=2025-09-04 00:00:00+00:00
[2025-09-03T17:14:24.490+0000] {processor.py:208} INFO - Processing /opt/airflow/dags/generate_data.py took 0.317 seconds
[2025-09-03T17:14:54.537+0000] {processor.py:186} INFO - Started process (PID=1149) to work on /opt/airflow/dags/generate_data.py
[2025-09-03T17:14:54.538+0000] {processor.py:914} INFO - Processing file /opt/airflow/dags/generate_data.py for tasks to queue
[2025-09-03T17:14:54.542+0000] {logging_mixin.py:190} INFO - [2025-09-03T17:14:54.542+0000] {dagbag.py:588} INFO - Filling up the DagBag from /opt/airflow/dags/generate_data.py
[2025-09-03T17:14:54.797+0000] {processor.py:925} INFO - DAG(s) 'generate_data' retrieved from /opt/airflow/dags/generate_data.py
[2025-09-03T17:14:54.822+0000] {logging_mixin.py:190} INFO - [2025-09-03T17:14:54.821+0000] {dag.py:3239} INFO - Sync 1 DAGs
[2025-09-03T17:14:54.847+0000] {logging_mixin.py:190} INFO - [2025-09-03T17:14:54.846+0000] {dag.py:4180} INFO - Setting next_dagrun for generate_data to 2025-09-03 00:00:00+00:00, run_after=2025-09-04 00:00:00+00:00
[2025-09-03T17:14:54.866+0000] {processor.py:208} INFO - Processing /opt/airflow/dags/generate_data.py took 0.334 seconds
[2025-09-03T17:15:24.949+0000] {processor.py:186} INFO - Started process (PID=1165) to work on /opt/airflow/dags/generate_data.py
[2025-09-03T17:15:24.952+0000] {processor.py:914} INFO - Processing file /opt/airflow/dags/generate_data.py for tasks to queue
[2025-09-03T17:15:24.955+0000] {logging_mixin.py:190} INFO - [2025-09-03T17:15:24.955+0000] {dagbag.py:588} INFO - Filling up the DagBag from /opt/airflow/dags/generate_data.py
[2025-09-03T17:15:25.187+0000] {processor.py:925} INFO - DAG(s) 'generate_data' retrieved from /opt/airflow/dags/generate_data.py
[2025-09-03T17:15:25.208+0000] {logging_mixin.py:190} INFO - [2025-09-03T17:15:25.208+0000] {dag.py:3239} INFO - Sync 1 DAGs
[2025-09-03T17:15:25.226+0000] {logging_mixin.py:190} INFO - [2025-09-03T17:15:25.226+0000] {dag.py:4180} INFO - Setting next_dagrun for generate_data to 2025-09-03 00:00:00+00:00, run_after=2025-09-04 00:00:00+00:00
[2025-09-03T17:15:25.240+0000] {processor.py:208} INFO - Processing /opt/airflow/dags/generate_data.py took 0.298 seconds
[2025-09-03T17:15:55.315+0000] {processor.py:186} INFO - Started process (PID=1181) to work on /opt/airflow/dags/generate_data.py
[2025-09-03T17:15:55.317+0000] {processor.py:914} INFO - Processing file /opt/airflow/dags/generate_data.py for tasks to queue
[2025-09-03T17:15:55.320+0000] {logging_mixin.py:190} INFO - [2025-09-03T17:15:55.319+0000] {dagbag.py:588} INFO - Filling up the DagBag from /opt/airflow/dags/generate_data.py
[2025-09-03T17:15:55.576+0000] {processor.py:925} INFO - DAG(s) 'generate_data' retrieved from /opt/airflow/dags/generate_data.py
[2025-09-03T17:15:55.595+0000] {logging_mixin.py:190} INFO - [2025-09-03T17:15:55.595+0000] {dag.py:3239} INFO - Sync 1 DAGs
[2025-09-03T17:15:55.615+0000] {logging_mixin.py:190} INFO - [2025-09-03T17:15:55.614+0000] {dag.py:4180} INFO - Setting next_dagrun for generate_data to 2025-09-03 00:00:00+00:00, run_after=2025-09-04 00:00:00+00:00
[2025-09-03T17:15:55.630+0000] {processor.py:208} INFO - Processing /opt/airflow/dags/generate_data.py took 0.320 seconds
[2025-09-03T17:16:25.693+0000] {processor.py:186} INFO - Started process (PID=1197) to work on /opt/airflow/dags/generate_data.py
[2025-09-03T17:16:25.695+0000] {processor.py:914} INFO - Processing file /opt/airflow/dags/generate_data.py for tasks to queue
[2025-09-03T17:16:25.697+0000] {logging_mixin.py:190} INFO - [2025-09-03T17:16:25.696+0000] {dagbag.py:588} INFO - Filling up the DagBag from /opt/airflow/dags/generate_data.py
[2025-09-03T17:16:25.924+0000] {processor.py:925} INFO - DAG(s) 'generate_data' retrieved from /opt/airflow/dags/generate_data.py
[2025-09-03T17:16:25.940+0000] {logging_mixin.py:190} INFO - [2025-09-03T17:16:25.940+0000] {dag.py:3239} INFO - Sync 1 DAGs
[2025-09-03T17:16:25.958+0000] {logging_mixin.py:190} INFO - [2025-09-03T17:16:25.958+0000] {dag.py:4180} INFO - Setting next_dagrun for generate_data to 2025-09-03 00:00:00+00:00, run_after=2025-09-04 00:00:00+00:00
[2025-09-03T17:16:25.974+0000] {processor.py:208} INFO - Processing /opt/airflow/dags/generate_data.py took 0.285 seconds
[2025-09-03T17:16:56.023+0000] {processor.py:186} INFO - Started process (PID=1213) to work on /opt/airflow/dags/generate_data.py
[2025-09-03T17:16:56.024+0000] {processor.py:914} INFO - Processing file /opt/airflow/dags/generate_data.py for tasks to queue
[2025-09-03T17:16:56.026+0000] {logging_mixin.py:190} INFO - [2025-09-03T17:16:56.026+0000] {dagbag.py:588} INFO - Filling up the DagBag from /opt/airflow/dags/generate_data.py
[2025-09-03T17:16:56.257+0000] {processor.py:925} INFO - DAG(s) 'generate_data' retrieved from /opt/airflow/dags/generate_data.py
[2025-09-03T17:16:56.278+0000] {logging_mixin.py:190} INFO - [2025-09-03T17:16:56.278+0000] {dag.py:3239} INFO - Sync 1 DAGs
[2025-09-03T17:16:56.295+0000] {logging_mixin.py:190} INFO - [2025-09-03T17:16:56.295+0000] {dag.py:4180} INFO - Setting next_dagrun for generate_data to 2025-09-03 00:00:00+00:00, run_after=2025-09-04 00:00:00+00:00
[2025-09-03T17:16:56.310+0000] {processor.py:208} INFO - Processing /opt/airflow/dags/generate_data.py took 0.291 seconds
[2025-09-03T17:17:26.398+0000] {processor.py:186} INFO - Started process (PID=1229) to work on /opt/airflow/dags/generate_data.py
[2025-09-03T17:17:26.399+0000] {processor.py:914} INFO - Processing file /opt/airflow/dags/generate_data.py for tasks to queue
[2025-09-03T17:17:26.400+0000] {logging_mixin.py:190} INFO - [2025-09-03T17:17:26.400+0000] {dagbag.py:588} INFO - Filling up the DagBag from /opt/airflow/dags/generate_data.py
[2025-09-03T17:17:26.699+0000] {processor.py:925} INFO - DAG(s) 'generate_data' retrieved from /opt/airflow/dags/generate_data.py
[2025-09-03T17:17:26.717+0000] {logging_mixin.py:190} INFO - [2025-09-03T17:17:26.717+0000] {dag.py:3239} INFO - Sync 1 DAGs
[2025-09-03T17:17:26.733+0000] {logging_mixin.py:190} INFO - [2025-09-03T17:17:26.732+0000] {dag.py:4180} INFO - Setting next_dagrun for generate_data to 2025-09-03 00:00:00+00:00, run_after=2025-09-04 00:00:00+00:00
[2025-09-03T17:17:26.748+0000] {processor.py:208} INFO - Processing /opt/airflow/dags/generate_data.py took 0.354 seconds
[2025-09-03T17:17:57.720+0000] {processor.py:186} INFO - Started process (PID=1245) to work on /opt/airflow/dags/generate_data.py
[2025-09-03T17:17:57.721+0000] {processor.py:914} INFO - Processing file /opt/airflow/dags/generate_data.py for tasks to queue
[2025-09-03T17:17:57.722+0000] {logging_mixin.py:190} INFO - [2025-09-03T17:17:57.722+0000] {dagbag.py:588} INFO - Filling up the DagBag from /opt/airflow/dags/generate_data.py
[2025-09-03T17:17:57.952+0000] {processor.py:925} INFO - DAG(s) 'generate_data' retrieved from /opt/airflow/dags/generate_data.py
[2025-09-03T17:17:57.975+0000] {logging_mixin.py:190} INFO - [2025-09-03T17:17:57.975+0000] {dag.py:3239} INFO - Sync 1 DAGs
[2025-09-03T17:17:57.997+0000] {logging_mixin.py:190} INFO - [2025-09-03T17:17:57.997+0000] {dag.py:4180} INFO - Setting next_dagrun for generate_data to 2025-09-03 00:00:00+00:00, run_after=2025-09-04 00:00:00+00:00
[2025-09-03T17:17:58.013+0000] {processor.py:208} INFO - Processing /opt/airflow/dags/generate_data.py took 0.297 seconds
[2025-09-03T17:18:28.095+0000] {processor.py:186} INFO - Started process (PID=1261) to work on /opt/airflow/dags/generate_data.py
[2025-09-03T17:18:28.096+0000] {processor.py:914} INFO - Processing file /opt/airflow/dags/generate_data.py for tasks to queue
[2025-09-03T17:18:28.098+0000] {logging_mixin.py:190} INFO - [2025-09-03T17:18:28.098+0000] {dagbag.py:588} INFO - Filling up the DagBag from /opt/airflow/dags/generate_data.py
[2025-09-03T17:18:28.335+0000] {processor.py:925} INFO - DAG(s) 'generate_data' retrieved from /opt/airflow/dags/generate_data.py
[2025-09-03T17:18:28.351+0000] {logging_mixin.py:190} INFO - [2025-09-03T17:18:28.351+0000] {dag.py:3239} INFO - Sync 1 DAGs
[2025-09-03T17:18:28.367+0000] {logging_mixin.py:190} INFO - [2025-09-03T17:18:28.367+0000] {dag.py:4180} INFO - Setting next_dagrun for generate_data to 2025-09-03 00:00:00+00:00, run_after=2025-09-04 00:00:00+00:00
[2025-09-03T17:18:28.381+0000] {processor.py:208} INFO - Processing /opt/airflow/dags/generate_data.py took 0.292 seconds
[2025-09-03T17:18:58.457+0000] {processor.py:186} INFO - Started process (PID=1277) to work on /opt/airflow/dags/generate_data.py
[2025-09-03T17:18:58.458+0000] {processor.py:914} INFO - Processing file /opt/airflow/dags/generate_data.py for tasks to queue
[2025-09-03T17:18:58.462+0000] {logging_mixin.py:190} INFO - [2025-09-03T17:18:58.461+0000] {dagbag.py:588} INFO - Filling up the DagBag from /opt/airflow/dags/generate_data.py
[2025-09-03T17:18:58.707+0000] {processor.py:925} INFO - DAG(s) 'generate_data' retrieved from /opt/airflow/dags/generate_data.py
[2025-09-03T17:18:58.727+0000] {logging_mixin.py:190} INFO - [2025-09-03T17:18:58.727+0000] {dag.py:3239} INFO - Sync 1 DAGs
[2025-09-03T17:18:58.743+0000] {logging_mixin.py:190} INFO - [2025-09-03T17:18:58.743+0000] {dag.py:4180} INFO - Setting next_dagrun for generate_data to 2025-09-03 00:00:00+00:00, run_after=2025-09-04 00:00:00+00:00
[2025-09-03T17:18:58.757+0000] {processor.py:208} INFO - Processing /opt/airflow/dags/generate_data.py took 0.305 seconds
[2025-09-03T17:19:28.794+0000] {processor.py:186} INFO - Started process (PID=1293) to work on /opt/airflow/dags/generate_data.py
[2025-09-03T17:19:28.795+0000] {processor.py:914} INFO - Processing file /opt/airflow/dags/generate_data.py for tasks to queue
[2025-09-03T17:19:28.798+0000] {logging_mixin.py:190} INFO - [2025-09-03T17:19:28.798+0000] {dagbag.py:588} INFO - Filling up the DagBag from /opt/airflow/dags/generate_data.py
[2025-09-03T17:19:29.044+0000] {processor.py:925} INFO - DAG(s) 'generate_data' retrieved from /opt/airflow/dags/generate_data.py
[2025-09-03T17:19:29.062+0000] {logging_mixin.py:190} INFO - [2025-09-03T17:19:29.062+0000] {dag.py:3239} INFO - Sync 1 DAGs
[2025-09-03T17:19:29.080+0000] {logging_mixin.py:190} INFO - [2025-09-03T17:19:29.079+0000] {dag.py:4180} INFO - Setting next_dagrun for generate_data to 2025-09-03 00:00:00+00:00, run_after=2025-09-04 00:00:00+00:00
[2025-09-03T17:19:29.093+0000] {processor.py:208} INFO - Processing /opt/airflow/dags/generate_data.py took 0.305 seconds
[2025-09-03T17:19:59.147+0000] {processor.py:186} INFO - Started process (PID=1309) to work on /opt/airflow/dags/generate_data.py
[2025-09-03T17:19:59.148+0000] {processor.py:914} INFO - Processing file /opt/airflow/dags/generate_data.py for tasks to queue
[2025-09-03T17:19:59.150+0000] {logging_mixin.py:190} INFO - [2025-09-03T17:19:59.150+0000] {dagbag.py:588} INFO - Filling up the DagBag from /opt/airflow/dags/generate_data.py
[2025-09-03T17:19:59.440+0000] {processor.py:925} INFO - DAG(s) 'generate_data' retrieved from /opt/airflow/dags/generate_data.py
[2025-09-03T17:19:59.465+0000] {logging_mixin.py:190} INFO - [2025-09-03T17:19:59.465+0000] {dag.py:3239} INFO - Sync 1 DAGs
[2025-09-03T17:19:59.493+0000] {logging_mixin.py:190} INFO - [2025-09-03T17:19:59.493+0000] {dag.py:4180} INFO - Setting next_dagrun for generate_data to 2025-09-03 00:00:00+00:00, run_after=2025-09-04 00:00:00+00:00
[2025-09-03T17:19:59.507+0000] {processor.py:208} INFO - Processing /opt/airflow/dags/generate_data.py took 0.364 seconds
[2025-09-03T17:20:30.438+0000] {processor.py:186} INFO - Started process (PID=1325) to work on /opt/airflow/dags/generate_data.py
[2025-09-03T17:20:30.439+0000] {processor.py:914} INFO - Processing file /opt/airflow/dags/generate_data.py for tasks to queue
[2025-09-03T17:20:30.441+0000] {logging_mixin.py:190} INFO - [2025-09-03T17:20:30.441+0000] {dagbag.py:588} INFO - Filling up the DagBag from /opt/airflow/dags/generate_data.py
[2025-09-03T17:20:30.684+0000] {processor.py:925} INFO - DAG(s) 'generate_data' retrieved from /opt/airflow/dags/generate_data.py
[2025-09-03T17:20:30.704+0000] {logging_mixin.py:190} INFO - [2025-09-03T17:20:30.704+0000] {dag.py:3239} INFO - Sync 1 DAGs
[2025-09-03T17:20:30.723+0000] {logging_mixin.py:190} INFO - [2025-09-03T17:20:30.723+0000] {dag.py:4180} INFO - Setting next_dagrun for generate_data to 2025-09-03 00:00:00+00:00, run_after=2025-09-04 00:00:00+00:00
[2025-09-03T17:20:30.736+0000] {processor.py:208} INFO - Processing /opt/airflow/dags/generate_data.py took 0.302 seconds
[2025-09-03T17:21:00.794+0000] {processor.py:186} INFO - Started process (PID=1347) to work on /opt/airflow/dags/generate_data.py
[2025-09-03T17:21:00.795+0000] {processor.py:914} INFO - Processing file /opt/airflow/dags/generate_data.py for tasks to queue
[2025-09-03T17:21:00.796+0000] {logging_mixin.py:190} INFO - [2025-09-03T17:21:00.796+0000] {dagbag.py:588} INFO - Filling up the DagBag from /opt/airflow/dags/generate_data.py
[2025-09-03T17:21:01.025+0000] {processor.py:925} INFO - DAG(s) 'generate_data' retrieved from /opt/airflow/dags/generate_data.py
[2025-09-03T17:21:01.040+0000] {logging_mixin.py:190} INFO - [2025-09-03T17:21:01.040+0000] {dag.py:3239} INFO - Sync 1 DAGs
[2025-09-03T17:21:01.056+0000] {logging_mixin.py:190} INFO - [2025-09-03T17:21:01.056+0000] {dag.py:4180} INFO - Setting next_dagrun for generate_data to 2025-09-03 00:00:00+00:00, run_after=2025-09-04 00:00:00+00:00
[2025-09-03T17:21:01.080+0000] {processor.py:208} INFO - Processing /opt/airflow/dags/generate_data.py took 0.291 seconds
[2025-09-03T17:21:31.133+0000] {processor.py:186} INFO - Started process (PID=1363) to work on /opt/airflow/dags/generate_data.py
[2025-09-03T17:21:31.134+0000] {processor.py:914} INFO - Processing file /opt/airflow/dags/generate_data.py for tasks to queue
[2025-09-03T17:21:31.137+0000] {logging_mixin.py:190} INFO - [2025-09-03T17:21:31.136+0000] {dagbag.py:588} INFO - Filling up the DagBag from /opt/airflow/dags/generate_data.py
[2025-09-03T17:21:31.445+0000] {processor.py:925} INFO - DAG(s) 'generate_data' retrieved from /opt/airflow/dags/generate_data.py
[2025-09-03T17:21:31.459+0000] {logging_mixin.py:190} INFO - [2025-09-03T17:21:31.459+0000] {dag.py:3239} INFO - Sync 1 DAGs
[2025-09-03T17:21:31.475+0000] {logging_mixin.py:190} INFO - [2025-09-03T17:21:31.475+0000] {dag.py:4180} INFO - Setting next_dagrun for generate_data to 2025-09-03 00:00:00+00:00, run_after=2025-09-04 00:00:00+00:00
[2025-09-03T17:21:31.489+0000] {processor.py:208} INFO - Processing /opt/airflow/dags/generate_data.py took 0.361 seconds
[2025-09-03T17:22:01.541+0000] {processor.py:186} INFO - Started process (PID=1379) to work on /opt/airflow/dags/generate_data.py
[2025-09-03T17:22:01.542+0000] {processor.py:914} INFO - Processing file /opt/airflow/dags/generate_data.py for tasks to queue
[2025-09-03T17:22:01.544+0000] {logging_mixin.py:190} INFO - [2025-09-03T17:22:01.544+0000] {dagbag.py:588} INFO - Filling up the DagBag from /opt/airflow/dags/generate_data.py
[2025-09-03T17:22:01.822+0000] {processor.py:925} INFO - DAG(s) 'generate_data' retrieved from /opt/airflow/dags/generate_data.py
[2025-09-03T17:22:01.844+0000] {logging_mixin.py:190} INFO - [2025-09-03T17:22:01.843+0000] {dag.py:3239} INFO - Sync 1 DAGs
[2025-09-03T17:22:01.869+0000] {logging_mixin.py:190} INFO - [2025-09-03T17:22:01.868+0000] {dag.py:4180} INFO - Setting next_dagrun for generate_data to 2025-09-03 00:00:00+00:00, run_after=2025-09-04 00:00:00+00:00
[2025-09-03T17:22:01.883+0000] {processor.py:208} INFO - Processing /opt/airflow/dags/generate_data.py took 0.347 seconds
[2025-09-03T17:22:32.797+0000] {processor.py:186} INFO - Started process (PID=1395) to work on /opt/airflow/dags/generate_data.py
[2025-09-03T17:22:32.798+0000] {processor.py:914} INFO - Processing file /opt/airflow/dags/generate_data.py for tasks to queue
[2025-09-03T17:22:32.802+0000] {logging_mixin.py:190} INFO - [2025-09-03T17:22:32.801+0000] {dagbag.py:588} INFO - Filling up the DagBag from /opt/airflow/dags/generate_data.py
[2025-09-03T17:22:33.125+0000] {processor.py:925} INFO - DAG(s) 'generate_data' retrieved from /opt/airflow/dags/generate_data.py
[2025-09-03T17:22:33.151+0000] {logging_mixin.py:190} INFO - [2025-09-03T17:22:33.151+0000] {dag.py:3239} INFO - Sync 1 DAGs
[2025-09-03T17:22:33.188+0000] {logging_mixin.py:190} INFO - [2025-09-03T17:22:33.188+0000] {dag.py:4180} INFO - Setting next_dagrun for generate_data to 2025-09-03 00:00:00+00:00, run_after=2025-09-04 00:00:00+00:00
[2025-09-03T17:22:33.210+0000] {processor.py:208} INFO - Processing /opt/airflow/dags/generate_data.py took 0.418 seconds
[2025-09-03T17:23:04.145+0000] {processor.py:186} INFO - Started process (PID=1411) to work on /opt/airflow/dags/generate_data.py
[2025-09-03T17:23:04.146+0000] {processor.py:914} INFO - Processing file /opt/airflow/dags/generate_data.py for tasks to queue
[2025-09-03T17:23:04.149+0000] {logging_mixin.py:190} INFO - [2025-09-03T17:23:04.149+0000] {dagbag.py:588} INFO - Filling up the DagBag from /opt/airflow/dags/generate_data.py
[2025-09-03T17:23:04.382+0000] {processor.py:925} INFO - DAG(s) 'generate_data' retrieved from /opt/airflow/dags/generate_data.py
[2025-09-03T17:23:04.400+0000] {logging_mixin.py:190} INFO - [2025-09-03T17:23:04.399+0000] {dag.py:3239} INFO - Sync 1 DAGs
[2025-09-03T17:23:04.418+0000] {logging_mixin.py:190} INFO - [2025-09-03T17:23:04.418+0000] {dag.py:4180} INFO - Setting next_dagrun for generate_data to 2025-09-03 00:00:00+00:00, run_after=2025-09-04 00:00:00+00:00
[2025-09-03T17:23:04.433+0000] {processor.py:208} INFO - Processing /opt/airflow/dags/generate_data.py took 0.292 seconds
[2025-09-03T17:23:34.477+0000] {processor.py:186} INFO - Started process (PID=1427) to work on /opt/airflow/dags/generate_data.py
[2025-09-03T17:23:34.478+0000] {processor.py:914} INFO - Processing file /opt/airflow/dags/generate_data.py for tasks to queue
[2025-09-03T17:23:34.479+0000] {logging_mixin.py:190} INFO - [2025-09-03T17:23:34.479+0000] {dagbag.py:588} INFO - Filling up the DagBag from /opt/airflow/dags/generate_data.py
[2025-09-03T17:23:34.739+0000] {processor.py:925} INFO - DAG(s) 'generate_data' retrieved from /opt/airflow/dags/generate_data.py
[2025-09-03T17:23:34.760+0000] {logging_mixin.py:190} INFO - [2025-09-03T17:23:34.760+0000] {dag.py:3239} INFO - Sync 1 DAGs
[2025-09-03T17:23:34.779+0000] {logging_mixin.py:190} INFO - [2025-09-03T17:23:34.779+0000] {dag.py:4180} INFO - Setting next_dagrun for generate_data to 2025-09-03 00:00:00+00:00, run_after=2025-09-04 00:00:00+00:00
[2025-09-03T17:23:34.794+0000] {processor.py:208} INFO - Processing /opt/airflow/dags/generate_data.py took 0.322 seconds
[2025-09-03T17:24:05.770+0000] {processor.py:186} INFO - Started process (PID=1443) to work on /opt/airflow/dags/generate_data.py
[2025-09-03T17:24:05.771+0000] {processor.py:914} INFO - Processing file /opt/airflow/dags/generate_data.py for tasks to queue
[2025-09-03T17:24:05.773+0000] {logging_mixin.py:190} INFO - [2025-09-03T17:24:05.773+0000] {dagbag.py:588} INFO - Filling up the DagBag from /opt/airflow/dags/generate_data.py
[2025-09-03T17:24:06.010+0000] {processor.py:925} INFO - DAG(s) 'generate_data' retrieved from /opt/airflow/dags/generate_data.py
[2025-09-03T17:24:06.025+0000] {logging_mixin.py:190} INFO - [2025-09-03T17:24:06.024+0000] {dag.py:3239} INFO - Sync 1 DAGs
[2025-09-03T17:24:06.041+0000] {logging_mixin.py:190} INFO - [2025-09-03T17:24:06.040+0000] {dag.py:4180} INFO - Setting next_dagrun for generate_data to 2025-09-03 00:00:00+00:00, run_after=2025-09-04 00:00:00+00:00
[2025-09-03T17:24:06.055+0000] {processor.py:208} INFO - Processing /opt/airflow/dags/generate_data.py took 0.291 seconds
[2025-09-03T17:24:36.161+0000] {processor.py:186} INFO - Started process (PID=1459) to work on /opt/airflow/dags/generate_data.py
[2025-09-03T17:24:36.162+0000] {processor.py:914} INFO - Processing file /opt/airflow/dags/generate_data.py for tasks to queue
[2025-09-03T17:24:36.165+0000] {logging_mixin.py:190} INFO - [2025-09-03T17:24:36.164+0000] {dagbag.py:588} INFO - Filling up the DagBag from /opt/airflow/dags/generate_data.py
[2025-09-03T17:24:36.427+0000] {processor.py:925} INFO - DAG(s) 'generate_data' retrieved from /opt/airflow/dags/generate_data.py
[2025-09-03T17:24:36.452+0000] {logging_mixin.py:190} INFO - [2025-09-03T17:24:36.452+0000] {dag.py:3239} INFO - Sync 1 DAGs
[2025-09-03T17:24:36.476+0000] {logging_mixin.py:190} INFO - [2025-09-03T17:24:36.476+0000] {dag.py:4180} INFO - Setting next_dagrun for generate_data to 2025-09-03 00:00:00+00:00, run_after=2025-09-04 00:00:00+00:00
[2025-09-03T17:24:36.495+0000] {processor.py:208} INFO - Processing /opt/airflow/dags/generate_data.py took 0.340 seconds
[2025-09-03T17:25:06.547+0000] {processor.py:186} INFO - Started process (PID=1475) to work on /opt/airflow/dags/generate_data.py
[2025-09-03T17:25:06.549+0000] {processor.py:914} INFO - Processing file /opt/airflow/dags/generate_data.py for tasks to queue
[2025-09-03T17:25:06.551+0000] {logging_mixin.py:190} INFO - [2025-09-03T17:25:06.551+0000] {dagbag.py:588} INFO - Filling up the DagBag from /opt/airflow/dags/generate_data.py
[2025-09-03T17:25:06.897+0000] {processor.py:925} INFO - DAG(s) 'generate_data' retrieved from /opt/airflow/dags/generate_data.py
[2025-09-03T17:25:06.916+0000] {logging_mixin.py:190} INFO - [2025-09-03T17:25:06.915+0000] {dag.py:3239} INFO - Sync 1 DAGs
[2025-09-03T17:25:06.946+0000] {logging_mixin.py:190} INFO - [2025-09-03T17:25:06.945+0000] {dag.py:4180} INFO - Setting next_dagrun for generate_data to 2025-09-03 00:00:00+00:00, run_after=2025-09-04 00:00:00+00:00
[2025-09-03T17:25:06.962+0000] {processor.py:208} INFO - Processing /opt/airflow/dags/generate_data.py took 0.425 seconds
[2025-09-03T17:25:37.859+0000] {processor.py:186} INFO - Started process (PID=1491) to work on /opt/airflow/dags/generate_data.py
[2025-09-03T17:25:37.860+0000] {processor.py:914} INFO - Processing file /opt/airflow/dags/generate_data.py for tasks to queue
[2025-09-03T17:25:37.865+0000] {logging_mixin.py:190} INFO - [2025-09-03T17:25:37.864+0000] {dagbag.py:588} INFO - Filling up the DagBag from /opt/airflow/dags/generate_data.py
[2025-09-03T17:25:38.166+0000] {processor.py:925} INFO - DAG(s) 'generate_data' retrieved from /opt/airflow/dags/generate_data.py
[2025-09-03T17:25:38.191+0000] {logging_mixin.py:190} INFO - [2025-09-03T17:25:38.191+0000] {dag.py:3239} INFO - Sync 1 DAGs
[2025-09-03T17:25:38.212+0000] {logging_mixin.py:190} INFO - [2025-09-03T17:25:38.212+0000] {dag.py:4180} INFO - Setting next_dagrun for generate_data to 2025-09-03 00:00:00+00:00, run_after=2025-09-04 00:00:00+00:00
[2025-09-03T17:25:38.228+0000] {processor.py:208} INFO - Processing /opt/airflow/dags/generate_data.py took 0.374 seconds
[2025-09-03T17:26:08.288+0000] {processor.py:186} INFO - Started process (PID=1507) to work on /opt/airflow/dags/generate_data.py
[2025-09-03T17:26:08.290+0000] {processor.py:914} INFO - Processing file /opt/airflow/dags/generate_data.py for tasks to queue
[2025-09-03T17:26:08.294+0000] {logging_mixin.py:190} INFO - [2025-09-03T17:26:08.294+0000] {dagbag.py:588} INFO - Filling up the DagBag from /opt/airflow/dags/generate_data.py
[2025-09-03T17:26:08.552+0000] {processor.py:925} INFO - DAG(s) 'generate_data' retrieved from /opt/airflow/dags/generate_data.py
[2025-09-03T17:26:08.571+0000] {logging_mixin.py:190} INFO - [2025-09-03T17:26:08.570+0000] {dag.py:3239} INFO - Sync 1 DAGs
[2025-09-03T17:26:08.589+0000] {logging_mixin.py:190} INFO - [2025-09-03T17:26:08.589+0000] {dag.py:4180} INFO - Setting next_dagrun for generate_data to 2025-09-03 00:00:00+00:00, run_after=2025-09-04 00:00:00+00:00
[2025-09-03T17:26:08.603+0000] {processor.py:208} INFO - Processing /opt/airflow/dags/generate_data.py took 0.320 seconds
[2025-09-03T17:26:39.568+0000] {processor.py:186} INFO - Started process (PID=1523) to work on /opt/airflow/dags/generate_data.py
[2025-09-03T17:26:39.569+0000] {processor.py:914} INFO - Processing file /opt/airflow/dags/generate_data.py for tasks to queue
[2025-09-03T17:26:39.573+0000] {logging_mixin.py:190} INFO - [2025-09-03T17:26:39.572+0000] {dagbag.py:588} INFO - Filling up the DagBag from /opt/airflow/dags/generate_data.py
[2025-09-03T17:26:39.844+0000] {processor.py:925} INFO - DAG(s) 'generate_data' retrieved from /opt/airflow/dags/generate_data.py
[2025-09-03T17:26:39.859+0000] {logging_mixin.py:190} INFO - [2025-09-03T17:26:39.859+0000] {dag.py:3239} INFO - Sync 1 DAGs
[2025-09-03T17:26:39.883+0000] {logging_mixin.py:190} INFO - [2025-09-03T17:26:39.883+0000] {dag.py:4180} INFO - Setting next_dagrun for generate_data to 2025-09-03 00:00:00+00:00, run_after=2025-09-04 00:00:00+00:00
[2025-09-03T17:26:39.897+0000] {processor.py:208} INFO - Processing /opt/airflow/dags/generate_data.py took 0.335 seconds
[2025-09-03T17:38:24.161+0000] {processor.py:186} INFO - Started process (PID=184) to work on /opt/airflow/dags/generate_data.py
[2025-09-03T17:38:24.163+0000] {processor.py:914} INFO - Processing file /opt/airflow/dags/generate_data.py for tasks to queue
[2025-09-03T17:38:24.166+0000] {logging_mixin.py:190} INFO - [2025-09-03T17:38:24.165+0000] {dagbag.py:588} INFO - Filling up the DagBag from /opt/airflow/dags/generate_data.py
[2025-09-03T17:38:25.061+0000] {processor.py:925} INFO - DAG(s) 'generate_data' retrieved from /opt/airflow/dags/generate_data.py
[2025-09-03T17:38:25.091+0000] {logging_mixin.py:190} INFO - [2025-09-03T17:38:25.091+0000] {dag.py:3239} INFO - Sync 1 DAGs
[2025-09-03T17:38:25.119+0000] {logging_mixin.py:190} INFO - [2025-09-03T17:38:25.119+0000] {dag.py:4180} INFO - Setting next_dagrun for generate_data to 2025-09-03 00:00:00+00:00, run_after=2025-09-04 00:00:00+00:00
[2025-09-03T17:38:25.140+0000] {processor.py:208} INFO - Processing /opt/airflow/dags/generate_data.py took 0.987 seconds
[2025-09-03T17:38:55.245+0000] {processor.py:186} INFO - Started process (PID=301) to work on /opt/airflow/dags/generate_data.py
[2025-09-03T17:38:55.246+0000] {processor.py:914} INFO - Processing file /opt/airflow/dags/generate_data.py for tasks to queue
[2025-09-03T17:38:55.249+0000] {logging_mixin.py:190} INFO - [2025-09-03T17:38:55.248+0000] {dagbag.py:588} INFO - Filling up the DagBag from /opt/airflow/dags/generate_data.py
[2025-09-03T17:38:55.484+0000] {processor.py:925} INFO - DAG(s) 'generate_data' retrieved from /opt/airflow/dags/generate_data.py
[2025-09-03T17:38:55.499+0000] {logging_mixin.py:190} INFO - [2025-09-03T17:38:55.499+0000] {dag.py:3239} INFO - Sync 1 DAGs
[2025-09-03T17:38:55.524+0000] {logging_mixin.py:190} INFO - [2025-09-03T17:38:55.524+0000] {dag.py:4180} INFO - Setting next_dagrun for generate_data to 2025-09-03 00:00:00+00:00, run_after=2025-09-04 00:00:00+00:00
[2025-09-03T17:38:55.539+0000] {processor.py:208} INFO - Processing /opt/airflow/dags/generate_data.py took 0.299 seconds
[2025-09-03T17:39:25.619+0000] {processor.py:186} INFO - Started process (PID=408) to work on /opt/airflow/dags/generate_data.py
[2025-09-03T17:39:25.619+0000] {processor.py:914} INFO - Processing file /opt/airflow/dags/generate_data.py for tasks to queue
[2025-09-03T17:39:25.621+0000] {logging_mixin.py:190} INFO - [2025-09-03T17:39:25.621+0000] {dagbag.py:588} INFO - Filling up the DagBag from /opt/airflow/dags/generate_data.py
[2025-09-03T17:39:25.866+0000] {processor.py:925} INFO - DAG(s) 'generate_data' retrieved from /opt/airflow/dags/generate_data.py
[2025-09-03T17:39:25.882+0000] {logging_mixin.py:190} INFO - [2025-09-03T17:39:25.882+0000] {dag.py:3239} INFO - Sync 1 DAGs
[2025-09-03T17:39:25.898+0000] {logging_mixin.py:190} INFO - [2025-09-03T17:39:25.898+0000] {dag.py:4180} INFO - Setting next_dagrun for generate_data to 2025-09-03 00:00:00+00:00, run_after=2025-09-04 00:00:00+00:00
[2025-09-03T17:39:25.911+0000] {processor.py:208} INFO - Processing /opt/airflow/dags/generate_data.py took 0.296 seconds
[2025-09-03T17:39:56.149+0000] {processor.py:186} INFO - Started process (PID=511) to work on /opt/airflow/dags/generate_data.py
[2025-09-03T17:39:56.149+0000] {processor.py:914} INFO - Processing file /opt/airflow/dags/generate_data.py for tasks to queue
[2025-09-03T17:39:56.152+0000] {logging_mixin.py:190} INFO - [2025-09-03T17:39:56.152+0000] {dagbag.py:588} INFO - Filling up the DagBag from /opt/airflow/dags/generate_data.py
[2025-09-03T17:39:56.513+0000] {processor.py:925} INFO - DAG(s) 'generate_data' retrieved from /opt/airflow/dags/generate_data.py
[2025-09-03T17:39:56.543+0000] {logging_mixin.py:190} INFO - [2025-09-03T17:39:56.543+0000] {dag.py:3239} INFO - Sync 1 DAGs
[2025-09-03T17:39:56.578+0000] {logging_mixin.py:190} INFO - [2025-09-03T17:39:56.578+0000] {dag.py:4180} INFO - Setting next_dagrun for generate_data to 2025-09-03 00:00:00+00:00, run_after=2025-09-04 00:00:00+00:00
[2025-09-03T17:39:56.606+0000] {processor.py:208} INFO - Processing /opt/airflow/dags/generate_data.py took 0.464 seconds
[2025-09-03T17:40:27.335+0000] {processor.py:186} INFO - Started process (PID=622) to work on /opt/airflow/dags/generate_data.py
[2025-09-03T17:40:27.337+0000] {processor.py:914} INFO - Processing file /opt/airflow/dags/generate_data.py for tasks to queue
[2025-09-03T17:40:27.339+0000] {logging_mixin.py:190} INFO - [2025-09-03T17:40:27.339+0000] {dagbag.py:588} INFO - Filling up the DagBag from /opt/airflow/dags/generate_data.py
[2025-09-03T17:40:27.668+0000] {processor.py:925} INFO - DAG(s) 'generate_data' retrieved from /opt/airflow/dags/generate_data.py
[2025-09-03T17:40:27.686+0000] {logging_mixin.py:190} INFO - [2025-09-03T17:40:27.686+0000] {dag.py:3239} INFO - Sync 1 DAGs
[2025-09-03T17:40:27.703+0000] {logging_mixin.py:190} INFO - [2025-09-03T17:40:27.703+0000] {dag.py:4180} INFO - Setting next_dagrun for generate_data to 2025-09-03 00:00:00+00:00, run_after=2025-09-04 00:00:00+00:00
[2025-09-03T17:40:27.718+0000] {processor.py:208} INFO - Processing /opt/airflow/dags/generate_data.py took 0.390 seconds
[2025-09-03T17:40:58.509+0000] {processor.py:186} INFO - Started process (PID=729) to work on /opt/airflow/dags/generate_data.py
[2025-09-03T17:40:58.511+0000] {processor.py:914} INFO - Processing file /opt/airflow/dags/generate_data.py for tasks to queue
[2025-09-03T17:40:58.513+0000] {logging_mixin.py:190} INFO - [2025-09-03T17:40:58.513+0000] {dagbag.py:588} INFO - Filling up the DagBag from /opt/airflow/dags/generate_data.py
[2025-09-03T17:40:58.802+0000] {processor.py:925} INFO - DAG(s) 'generate_data' retrieved from /opt/airflow/dags/generate_data.py
[2025-09-03T17:40:58.827+0000] {logging_mixin.py:190} INFO - [2025-09-03T17:40:58.826+0000] {dag.py:3239} INFO - Sync 1 DAGs
[2025-09-03T17:40:58.845+0000] {logging_mixin.py:190} INFO - [2025-09-03T17:40:58.844+0000] {dag.py:4180} INFO - Setting next_dagrun for generate_data to 2025-09-03 00:00:00+00:00, run_after=2025-09-04 00:00:00+00:00
[2025-09-03T17:40:58.858+0000] {processor.py:208} INFO - Processing /opt/airflow/dags/generate_data.py took 0.354 seconds
[2025-09-03T17:41:29.120+0000] {processor.py:186} INFO - Started process (PID=840) to work on /opt/airflow/dags/generate_data.py
[2025-09-03T17:41:29.120+0000] {processor.py:914} INFO - Processing file /opt/airflow/dags/generate_data.py for tasks to queue
[2025-09-03T17:41:29.123+0000] {logging_mixin.py:190} INFO - [2025-09-03T17:41:29.122+0000] {dagbag.py:588} INFO - Filling up the DagBag from /opt/airflow/dags/generate_data.py
[2025-09-03T17:41:29.354+0000] {processor.py:925} INFO - DAG(s) 'generate_data' retrieved from /opt/airflow/dags/generate_data.py
[2025-09-03T17:41:29.373+0000] {logging_mixin.py:190} INFO - [2025-09-03T17:41:29.373+0000] {dag.py:3239} INFO - Sync 1 DAGs
[2025-09-03T17:41:29.396+0000] {logging_mixin.py:190} INFO - [2025-09-03T17:41:29.396+0000] {dag.py:4180} INFO - Setting next_dagrun for generate_data to 2025-09-03 00:00:00+00:00, run_after=2025-09-04 00:00:00+00:00
[2025-09-03T17:41:29.414+0000] {processor.py:208} INFO - Processing /opt/airflow/dags/generate_data.py took 0.299 seconds
[2025-09-03T17:42:00.001+0000] {processor.py:186} INFO - Started process (PID=942) to work on /opt/airflow/dags/generate_data.py
[2025-09-03T17:42:00.002+0000] {processor.py:914} INFO - Processing file /opt/airflow/dags/generate_data.py for tasks to queue
[2025-09-03T17:42:00.005+0000] {logging_mixin.py:190} INFO - [2025-09-03T17:42:00.004+0000] {dagbag.py:588} INFO - Filling up the DagBag from /opt/airflow/dags/generate_data.py
[2025-09-03T17:42:00.189+0000] {processor.py:925} INFO - DAG(s) 'generate_data' retrieved from /opt/airflow/dags/generate_data.py
[2025-09-03T17:42:00.209+0000] {logging_mixin.py:190} INFO - [2025-09-03T17:42:00.209+0000] {dag.py:3239} INFO - Sync 1 DAGs
[2025-09-03T17:42:00.240+0000] {logging_mixin.py:190} INFO - [2025-09-03T17:42:00.239+0000] {dag.py:4180} INFO - Setting next_dagrun for generate_data to 2025-09-03 00:00:00+00:00, run_after=2025-09-04 00:00:00+00:00
[2025-09-03T17:42:00.257+0000] {processor.py:208} INFO - Processing /opt/airflow/dags/generate_data.py took 0.261 seconds
[2025-09-03T17:42:30.763+0000] {processor.py:186} INFO - Started process (PID=1049) to work on /opt/airflow/dags/generate_data.py
[2025-09-03T17:42:30.764+0000] {processor.py:914} INFO - Processing file /opt/airflow/dags/generate_data.py for tasks to queue
[2025-09-03T17:42:30.766+0000] {logging_mixin.py:190} INFO - [2025-09-03T17:42:30.766+0000] {dagbag.py:588} INFO - Filling up the DagBag from /opt/airflow/dags/generate_data.py
[2025-09-03T17:42:30.942+0000] {processor.py:925} INFO - DAG(s) 'generate_data' retrieved from /opt/airflow/dags/generate_data.py
[2025-09-03T17:42:30.970+0000] {logging_mixin.py:190} INFO - [2025-09-03T17:42:30.970+0000] {dag.py:3239} INFO - Sync 1 DAGs
[2025-09-03T17:42:30.996+0000] {logging_mixin.py:190} INFO - [2025-09-03T17:42:30.996+0000] {dag.py:4180} INFO - Setting next_dagrun for generate_data to 2025-09-03 00:00:00+00:00, run_after=2025-09-04 00:00:00+00:00
[2025-09-03T17:42:31.016+0000] {processor.py:208} INFO - Processing /opt/airflow/dags/generate_data.py took 0.260 seconds
[2025-09-03T17:43:01.436+0000] {processor.py:186} INFO - Started process (PID=1156) to work on /opt/airflow/dags/generate_data.py
[2025-09-03T17:43:01.437+0000] {processor.py:914} INFO - Processing file /opt/airflow/dags/generate_data.py for tasks to queue
[2025-09-03T17:43:01.439+0000] {logging_mixin.py:190} INFO - [2025-09-03T17:43:01.439+0000] {dagbag.py:588} INFO - Filling up the DagBag from /opt/airflow/dags/generate_data.py
[2025-09-03T17:43:01.673+0000] {processor.py:925} INFO - DAG(s) 'generate_data' retrieved from /opt/airflow/dags/generate_data.py
[2025-09-03T17:43:01.709+0000] {logging_mixin.py:190} INFO - [2025-09-03T17:43:01.708+0000] {dag.py:3239} INFO - Sync 1 DAGs
[2025-09-03T17:43:01.746+0000] {logging_mixin.py:190} INFO - [2025-09-03T17:43:01.746+0000] {dag.py:4180} INFO - Setting next_dagrun for generate_data to 2025-09-03 00:00:00+00:00, run_after=2025-09-04 00:00:00+00:00
[2025-09-03T17:43:01.774+0000] {processor.py:208} INFO - Processing /opt/airflow/dags/generate_data.py took 0.346 seconds
[2025-09-03T17:43:32.361+0000] {processor.py:186} INFO - Started process (PID=1263) to work on /opt/airflow/dags/generate_data.py
[2025-09-03T17:43:32.362+0000] {processor.py:914} INFO - Processing file /opt/airflow/dags/generate_data.py for tasks to queue
[2025-09-03T17:43:32.365+0000] {logging_mixin.py:190} INFO - [2025-09-03T17:43:32.365+0000] {dagbag.py:588} INFO - Filling up the DagBag from /opt/airflow/dags/generate_data.py
[2025-09-03T17:43:32.551+0000] {processor.py:925} INFO - DAG(s) 'generate_data' retrieved from /opt/airflow/dags/generate_data.py
[2025-09-03T17:43:32.573+0000] {logging_mixin.py:190} INFO - [2025-09-03T17:43:32.573+0000] {dag.py:3239} INFO - Sync 1 DAGs
[2025-09-03T17:43:32.597+0000] {logging_mixin.py:190} INFO - [2025-09-03T17:43:32.597+0000] {dag.py:4180} INFO - Setting next_dagrun for generate_data to 2025-09-03 00:00:00+00:00, run_after=2025-09-04 00:00:00+00:00
[2025-09-03T17:43:32.614+0000] {processor.py:208} INFO - Processing /opt/airflow/dags/generate_data.py took 0.261 seconds
[2025-09-03T17:44:03.102+0000] {processor.py:186} INFO - Started process (PID=1370) to work on /opt/airflow/dags/generate_data.py
[2025-09-03T17:44:03.103+0000] {processor.py:914} INFO - Processing file /opt/airflow/dags/generate_data.py for tasks to queue
[2025-09-03T17:44:03.105+0000] {logging_mixin.py:190} INFO - [2025-09-03T17:44:03.105+0000] {dagbag.py:588} INFO - Filling up the DagBag from /opt/airflow/dags/generate_data.py
[2025-09-03T17:44:03.253+0000] {processor.py:925} INFO - DAG(s) 'generate_data' retrieved from /opt/airflow/dags/generate_data.py
[2025-09-03T17:44:03.272+0000] {logging_mixin.py:190} INFO - [2025-09-03T17:44:03.272+0000] {dag.py:3239} INFO - Sync 1 DAGs
[2025-09-03T17:44:03.292+0000] {logging_mixin.py:190} INFO - [2025-09-03T17:44:03.292+0000] {dag.py:4180} INFO - Setting next_dagrun for generate_data to 2025-09-03 00:00:00+00:00, run_after=2025-09-04 00:00:00+00:00
[2025-09-03T17:44:03.309+0000] {processor.py:208} INFO - Processing /opt/airflow/dags/generate_data.py took 0.213 seconds
[2025-09-03T17:44:33.757+0000] {processor.py:186} INFO - Started process (PID=1477) to work on /opt/airflow/dags/generate_data.py
[2025-09-03T17:44:33.758+0000] {processor.py:914} INFO - Processing file /opt/airflow/dags/generate_data.py for tasks to queue
[2025-09-03T17:44:33.760+0000] {logging_mixin.py:190} INFO - [2025-09-03T17:44:33.760+0000] {dagbag.py:588} INFO - Filling up the DagBag from /opt/airflow/dags/generate_data.py
[2025-09-03T17:44:33.921+0000] {processor.py:925} INFO - DAG(s) 'generate_data' retrieved from /opt/airflow/dags/generate_data.py
[2025-09-03T17:44:33.949+0000] {logging_mixin.py:190} INFO - [2025-09-03T17:44:33.948+0000] {dag.py:3239} INFO - Sync 1 DAGs
[2025-09-03T17:44:33.978+0000] {logging_mixin.py:190} INFO - [2025-09-03T17:44:33.977+0000] {dag.py:4180} INFO - Setting next_dagrun for generate_data to 2025-09-03 00:00:00+00:00, run_after=2025-09-04 00:00:00+00:00
[2025-09-03T17:44:34.012+0000] {processor.py:208} INFO - Processing /opt/airflow/dags/generate_data.py took 0.261 seconds
[2025-09-03T17:45:04.410+0000] {processor.py:186} INFO - Started process (PID=1584) to work on /opt/airflow/dags/generate_data.py
[2025-09-03T17:45:04.411+0000] {processor.py:914} INFO - Processing file /opt/airflow/dags/generate_data.py for tasks to queue
[2025-09-03T17:45:04.415+0000] {logging_mixin.py:190} INFO - [2025-09-03T17:45:04.415+0000] {dagbag.py:588} INFO - Filling up the DagBag from /opt/airflow/dags/generate_data.py
[2025-09-03T17:45:04.610+0000] {processor.py:925} INFO - DAG(s) 'generate_data' retrieved from /opt/airflow/dags/generate_data.py
[2025-09-03T17:45:04.629+0000] {logging_mixin.py:190} INFO - [2025-09-03T17:45:04.629+0000] {dag.py:3239} INFO - Sync 1 DAGs
[2025-09-03T17:45:04.652+0000] {logging_mixin.py:190} INFO - [2025-09-03T17:45:04.652+0000] {dag.py:4180} INFO - Setting next_dagrun for generate_data to 2025-09-03 00:00:00+00:00, run_after=2025-09-04 00:00:00+00:00
[2025-09-03T17:45:04.668+0000] {processor.py:208} INFO - Processing /opt/airflow/dags/generate_data.py took 0.268 seconds
[2025-09-03T17:45:34.900+0000] {processor.py:186} INFO - Started process (PID=1691) to work on /opt/airflow/dags/generate_data.py
[2025-09-03T17:45:34.902+0000] {processor.py:914} INFO - Processing file /opt/airflow/dags/generate_data.py for tasks to queue
[2025-09-03T17:45:34.905+0000] {logging_mixin.py:190} INFO - [2025-09-03T17:45:34.905+0000] {dagbag.py:588} INFO - Filling up the DagBag from /opt/airflow/dags/generate_data.py
[2025-09-03T17:45:35.062+0000] {processor.py:925} INFO - DAG(s) 'generate_data' retrieved from /opt/airflow/dags/generate_data.py
[2025-09-03T17:45:35.092+0000] {logging_mixin.py:190} INFO - [2025-09-03T17:45:35.091+0000] {dag.py:3239} INFO - Sync 1 DAGs
[2025-09-03T17:45:35.113+0000] {logging_mixin.py:190} INFO - [2025-09-03T17:45:35.112+0000] {dag.py:4180} INFO - Setting next_dagrun for generate_data to 2025-09-03 00:00:00+00:00, run_after=2025-09-04 00:00:00+00:00
[2025-09-03T17:45:35.133+0000] {processor.py:208} INFO - Processing /opt/airflow/dags/generate_data.py took 0.242 seconds
[2025-09-03T17:46:05.626+0000] {processor.py:186} INFO - Started process (PID=1798) to work on /opt/airflow/dags/generate_data.py
[2025-09-03T17:46:05.627+0000] {processor.py:914} INFO - Processing file /opt/airflow/dags/generate_data.py for tasks to queue
[2025-09-03T17:46:05.630+0000] {logging_mixin.py:190} INFO - [2025-09-03T17:46:05.630+0000] {dagbag.py:588} INFO - Filling up the DagBag from /opt/airflow/dags/generate_data.py
[2025-09-03T17:46:05.783+0000] {processor.py:925} INFO - DAG(s) 'generate_data' retrieved from /opt/airflow/dags/generate_data.py
[2025-09-03T17:46:05.813+0000] {logging_mixin.py:190} INFO - [2025-09-03T17:46:05.813+0000] {dag.py:3239} INFO - Sync 1 DAGs
[2025-09-03T17:46:05.832+0000] {logging_mixin.py:190} INFO - [2025-09-03T17:46:05.832+0000] {dag.py:4180} INFO - Setting next_dagrun for generate_data to 2025-09-03 00:00:00+00:00, run_after=2025-09-04 00:00:00+00:00
[2025-09-03T17:46:05.847+0000] {processor.py:208} INFO - Processing /opt/airflow/dags/generate_data.py took 0.227 seconds
[2025-09-03T17:46:36.335+0000] {processor.py:186} INFO - Started process (PID=1905) to work on /opt/airflow/dags/generate_data.py
[2025-09-03T17:46:36.337+0000] {processor.py:914} INFO - Processing file /opt/airflow/dags/generate_data.py for tasks to queue
[2025-09-03T17:46:36.340+0000] {logging_mixin.py:190} INFO - [2025-09-03T17:46:36.339+0000] {dagbag.py:588} INFO - Filling up the DagBag from /opt/airflow/dags/generate_data.py
[2025-09-03T17:46:36.501+0000] {processor.py:925} INFO - DAG(s) 'generate_data' retrieved from /opt/airflow/dags/generate_data.py
[2025-09-03T17:46:36.526+0000] {logging_mixin.py:190} INFO - [2025-09-03T17:46:36.526+0000] {dag.py:3239} INFO - Sync 1 DAGs
[2025-09-03T17:46:36.554+0000] {logging_mixin.py:190} INFO - [2025-09-03T17:46:36.554+0000] {dag.py:4180} INFO - Setting next_dagrun for generate_data to 2025-09-03 00:00:00+00:00, run_after=2025-09-04 00:00:00+00:00
[2025-09-03T17:46:36.578+0000] {processor.py:208} INFO - Processing /opt/airflow/dags/generate_data.py took 0.251 seconds
[2025-09-03T17:47:06.901+0000] {processor.py:186} INFO - Started process (PID=2012) to work on /opt/airflow/dags/generate_data.py
[2025-09-03T17:47:06.902+0000] {processor.py:914} INFO - Processing file /opt/airflow/dags/generate_data.py for tasks to queue
[2025-09-03T17:47:06.906+0000] {logging_mixin.py:190} INFO - [2025-09-03T17:47:06.905+0000] {dagbag.py:588} INFO - Filling up the DagBag from /opt/airflow/dags/generate_data.py
[2025-09-03T17:47:07.105+0000] {processor.py:925} INFO - DAG(s) 'generate_data' retrieved from /opt/airflow/dags/generate_data.py
[2025-09-03T17:47:07.126+0000] {logging_mixin.py:190} INFO - [2025-09-03T17:47:07.126+0000] {dag.py:3239} INFO - Sync 1 DAGs
[2025-09-03T17:47:07.153+0000] {logging_mixin.py:190} INFO - [2025-09-03T17:47:07.153+0000] {dag.py:4180} INFO - Setting next_dagrun for generate_data to 2025-09-03 00:00:00+00:00, run_after=2025-09-04 00:00:00+00:00
[2025-09-03T17:47:07.172+0000] {processor.py:208} INFO - Processing /opt/airflow/dags/generate_data.py took 0.276 seconds
[2025-09-03T17:47:37.702+0000] {processor.py:186} INFO - Started process (PID=2119) to work on /opt/airflow/dags/generate_data.py
[2025-09-03T17:47:37.703+0000] {processor.py:914} INFO - Processing file /opt/airflow/dags/generate_data.py for tasks to queue
[2025-09-03T17:47:37.705+0000] {logging_mixin.py:190} INFO - [2025-09-03T17:47:37.705+0000] {dagbag.py:588} INFO - Filling up the DagBag from /opt/airflow/dags/generate_data.py
[2025-09-03T17:47:37.891+0000] {processor.py:925} INFO - DAG(s) 'generate_data' retrieved from /opt/airflow/dags/generate_data.py
[2025-09-03T17:47:37.987+0000] {logging_mixin.py:190} INFO - [2025-09-03T17:47:37.987+0000] {dag.py:3239} INFO - Sync 1 DAGs
[2025-09-03T17:47:37.999+0000] {logging_mixin.py:190} INFO - [2025-09-03T17:47:37.999+0000] {dag.py:3262} INFO - Creating ORM DAG for generate_data
[2025-09-03T17:47:38.008+0000] {logging_mixin.py:190} INFO - [2025-09-03T17:47:38.008+0000] {dag.py:4180} INFO - Setting next_dagrun for generate_data to 2025-09-03 00:00:00+00:00, run_after=2025-09-04 00:00:00+00:00
[2025-09-03T17:47:38.024+0000] {processor.py:208} INFO - Processing /opt/airflow/dags/generate_data.py took 0.328 seconds
[2025-09-03T17:48:08.403+0000] {processor.py:186} INFO - Started process (PID=2226) to work on /opt/airflow/dags/generate_data.py
[2025-09-03T17:48:08.404+0000] {processor.py:914} INFO - Processing file /opt/airflow/dags/generate_data.py for tasks to queue
[2025-09-03T17:48:08.406+0000] {logging_mixin.py:190} INFO - [2025-09-03T17:48:08.406+0000] {dagbag.py:588} INFO - Filling up the DagBag from /opt/airflow/dags/generate_data.py
[2025-09-03T17:48:08.619+0000] {processor.py:925} INFO - DAG(s) 'generate_data' retrieved from /opt/airflow/dags/generate_data.py
[2025-09-03T17:48:08.648+0000] {logging_mixin.py:190} INFO - [2025-09-03T17:48:08.647+0000] {dag.py:3239} INFO - Sync 1 DAGs
[2025-09-03T17:48:08.675+0000] {logging_mixin.py:190} INFO - [2025-09-03T17:48:08.675+0000] {dag.py:4180} INFO - Setting next_dagrun for generate_data to 2025-09-03 00:00:00+00:00, run_after=2025-09-04 00:00:00+00:00
[2025-09-03T17:48:08.697+0000] {processor.py:208} INFO - Processing /opt/airflow/dags/generate_data.py took 0.300 seconds
[2025-09-03T17:48:39.370+0000] {processor.py:186} INFO - Started process (PID=2332) to work on /opt/airflow/dags/generate_data.py
[2025-09-03T17:48:39.371+0000] {processor.py:914} INFO - Processing file /opt/airflow/dags/generate_data.py for tasks to queue
[2025-09-03T17:48:39.373+0000] {logging_mixin.py:190} INFO - [2025-09-03T17:48:39.373+0000] {dagbag.py:588} INFO - Filling up the DagBag from /opt/airflow/dags/generate_data.py
[2025-09-03T17:48:39.595+0000] {processor.py:925} INFO - DAG(s) 'generate_data' retrieved from /opt/airflow/dags/generate_data.py
[2025-09-03T17:48:39.617+0000] {logging_mixin.py:190} INFO - [2025-09-03T17:48:39.616+0000] {dag.py:3239} INFO - Sync 1 DAGs
[2025-09-03T17:48:39.639+0000] {logging_mixin.py:190} INFO - [2025-09-03T17:48:39.638+0000] {dag.py:4180} INFO - Setting next_dagrun for generate_data to 2025-09-03 00:00:00+00:00, run_after=2025-09-04 00:00:00+00:00
[2025-09-03T17:48:39.658+0000] {processor.py:208} INFO - Processing /opt/airflow/dags/generate_data.py took 0.293 seconds
[2025-09-03T17:49:10.358+0000] {processor.py:186} INFO - Started process (PID=2439) to work on /opt/airflow/dags/generate_data.py
[2025-09-03T17:49:10.359+0000] {processor.py:914} INFO - Processing file /opt/airflow/dags/generate_data.py for tasks to queue
[2025-09-03T17:49:10.361+0000] {logging_mixin.py:190} INFO - [2025-09-03T17:49:10.361+0000] {dagbag.py:588} INFO - Filling up the DagBag from /opt/airflow/dags/generate_data.py
[2025-09-03T17:49:10.527+0000] {processor.py:925} INFO - DAG(s) 'generate_data' retrieved from /opt/airflow/dags/generate_data.py
[2025-09-03T17:49:10.550+0000] {logging_mixin.py:190} INFO - [2025-09-03T17:49:10.550+0000] {dag.py:3239} INFO - Sync 1 DAGs
[2025-09-03T17:49:10.569+0000] {logging_mixin.py:190} INFO - [2025-09-03T17:49:10.569+0000] {dag.py:4180} INFO - Setting next_dagrun for generate_data to 2025-09-03 00:00:00+00:00, run_after=2025-09-04 00:00:00+00:00
[2025-09-03T17:49:10.585+0000] {processor.py:208} INFO - Processing /opt/airflow/dags/generate_data.py took 0.232 seconds
[2025-09-03T17:49:41.166+0000] {processor.py:186} INFO - Started process (PID=2546) to work on /opt/airflow/dags/generate_data.py
[2025-09-03T17:49:41.167+0000] {processor.py:914} INFO - Processing file /opt/airflow/dags/generate_data.py for tasks to queue
[2025-09-03T17:49:41.170+0000] {logging_mixin.py:190} INFO - [2025-09-03T17:49:41.170+0000] {dagbag.py:588} INFO - Filling up the DagBag from /opt/airflow/dags/generate_data.py
[2025-09-03T17:49:41.317+0000] {processor.py:925} INFO - DAG(s) 'generate_data' retrieved from /opt/airflow/dags/generate_data.py
[2025-09-03T17:49:41.337+0000] {logging_mixin.py:190} INFO - [2025-09-03T17:49:41.337+0000] {dag.py:3239} INFO - Sync 1 DAGs
[2025-09-03T17:49:41.360+0000] {logging_mixin.py:190} INFO - [2025-09-03T17:49:41.360+0000] {dag.py:4180} INFO - Setting next_dagrun for generate_data to 2025-09-03 00:00:00+00:00, run_after=2025-09-04 00:00:00+00:00
[2025-09-03T17:49:41.376+0000] {processor.py:208} INFO - Processing /opt/airflow/dags/generate_data.py took 0.216 seconds
[2025-09-03T17:50:11.992+0000] {processor.py:186} INFO - Started process (PID=2653) to work on /opt/airflow/dags/generate_data.py
[2025-09-03T17:50:11.993+0000] {processor.py:914} INFO - Processing file /opt/airflow/dags/generate_data.py for tasks to queue
[2025-09-03T17:50:11.996+0000] {logging_mixin.py:190} INFO - [2025-09-03T17:50:11.996+0000] {dagbag.py:588} INFO - Filling up the DagBag from /opt/airflow/dags/generate_data.py
[2025-09-03T17:50:12.176+0000] {processor.py:925} INFO - DAG(s) 'generate_data' retrieved from /opt/airflow/dags/generate_data.py
[2025-09-03T17:50:12.204+0000] {logging_mixin.py:190} INFO - [2025-09-03T17:50:12.204+0000] {dag.py:3239} INFO - Sync 1 DAGs
[2025-09-03T17:50:12.227+0000] {logging_mixin.py:190} INFO - [2025-09-03T17:50:12.227+0000] {dag.py:4180} INFO - Setting next_dagrun for generate_data to 2025-09-03 00:00:00+00:00, run_after=2025-09-04 00:00:00+00:00
[2025-09-03T17:50:12.245+0000] {processor.py:208} INFO - Processing /opt/airflow/dags/generate_data.py took 0.260 seconds
[2025-09-03T17:50:42.738+0000] {processor.py:186} INFO - Started process (PID=2760) to work on /opt/airflow/dags/generate_data.py
[2025-09-03T17:50:42.739+0000] {processor.py:914} INFO - Processing file /opt/airflow/dags/generate_data.py for tasks to queue
[2025-09-03T17:50:42.741+0000] {logging_mixin.py:190} INFO - [2025-09-03T17:50:42.740+0000] {dagbag.py:588} INFO - Filling up the DagBag from /opt/airflow/dags/generate_data.py
[2025-09-03T17:50:42.901+0000] {processor.py:925} INFO - DAG(s) 'generate_data' retrieved from /opt/airflow/dags/generate_data.py
[2025-09-03T17:50:43.071+0000] {logging_mixin.py:190} INFO - [2025-09-03T17:50:43.070+0000] {dag.py:3239} INFO - Sync 1 DAGs
[2025-09-03T17:50:43.104+0000] {logging_mixin.py:190} INFO - [2025-09-03T17:50:43.104+0000] {dag.py:4180} INFO - Setting next_dagrun for generate_data to 2025-09-03 00:00:00+00:00, run_after=2025-09-04 00:00:00+00:00
[2025-09-03T17:50:43.123+0000] {processor.py:208} INFO - Processing /opt/airflow/dags/generate_data.py took 0.393 seconds
[2025-09-03T17:51:13.627+0000] {processor.py:186} INFO - Started process (PID=2867) to work on /opt/airflow/dags/generate_data.py
[2025-09-03T17:51:13.627+0000] {processor.py:914} INFO - Processing file /opt/airflow/dags/generate_data.py for tasks to queue
[2025-09-03T17:51:13.633+0000] {logging_mixin.py:190} INFO - [2025-09-03T17:51:13.632+0000] {dagbag.py:588} INFO - Filling up the DagBag from /opt/airflow/dags/generate_data.py
[2025-09-03T17:51:13.818+0000] {processor.py:925} INFO - DAG(s) 'generate_data' retrieved from /opt/airflow/dags/generate_data.py
[2025-09-03T17:51:13.847+0000] {logging_mixin.py:190} INFO - [2025-09-03T17:51:13.847+0000] {dag.py:3239} INFO - Sync 1 DAGs
[2025-09-03T17:51:13.987+0000] {logging_mixin.py:190} INFO - [2025-09-03T17:51:13.987+0000] {dag.py:4180} INFO - Setting next_dagrun for generate_data to 2025-09-03 00:00:00+00:00, run_after=2025-09-04 00:00:00+00:00
[2025-09-03T17:51:14.009+0000] {processor.py:208} INFO - Processing /opt/airflow/dags/generate_data.py took 0.388 seconds
[2025-09-03T17:51:44.583+0000] {processor.py:186} INFO - Started process (PID=2974) to work on /opt/airflow/dags/generate_data.py
[2025-09-03T17:51:44.584+0000] {processor.py:914} INFO - Processing file /opt/airflow/dags/generate_data.py for tasks to queue
[2025-09-03T17:51:44.587+0000] {logging_mixin.py:190} INFO - [2025-09-03T17:51:44.587+0000] {dagbag.py:588} INFO - Filling up the DagBag from /opt/airflow/dags/generate_data.py
[2025-09-03T17:51:44.864+0000] {processor.py:925} INFO - DAG(s) 'generate_data' retrieved from /opt/airflow/dags/generate_data.py
[2025-09-03T17:51:44.882+0000] {logging_mixin.py:190} INFO - [2025-09-03T17:51:44.881+0000] {dag.py:3239} INFO - Sync 1 DAGs
[2025-09-03T17:51:44.905+0000] {logging_mixin.py:190} INFO - [2025-09-03T17:51:44.905+0000] {dag.py:4180} INFO - Setting next_dagrun for generate_data to 2025-09-03 00:00:00+00:00, run_after=2025-09-04 00:00:00+00:00
[2025-09-03T17:51:44.924+0000] {processor.py:208} INFO - Processing /opt/airflow/dags/generate_data.py took 0.347 seconds
[2025-09-03T17:52:15.600+0000] {processor.py:186} INFO - Started process (PID=3080) to work on /opt/airflow/dags/generate_data.py
[2025-09-03T17:52:15.602+0000] {processor.py:914} INFO - Processing file /opt/airflow/dags/generate_data.py for tasks to queue
[2025-09-03T17:52:15.604+0000] {logging_mixin.py:190} INFO - [2025-09-03T17:52:15.604+0000] {dagbag.py:588} INFO - Filling up the DagBag from /opt/airflow/dags/generate_data.py
[2025-09-03T17:52:15.931+0000] {processor.py:925} INFO - DAG(s) 'generate_data' retrieved from /opt/airflow/dags/generate_data.py
[2025-09-03T17:52:15.947+0000] {logging_mixin.py:190} INFO - [2025-09-03T17:52:15.946+0000] {dag.py:3239} INFO - Sync 1 DAGs
[2025-09-03T17:52:15.965+0000] {logging_mixin.py:190} INFO - [2025-09-03T17:52:15.965+0000] {dag.py:4180} INFO - Setting next_dagrun for generate_data to 2025-09-03 00:00:00+00:00, run_after=2025-09-04 00:00:00+00:00
[2025-09-03T17:52:15.980+0000] {processor.py:208} INFO - Processing /opt/airflow/dags/generate_data.py took 0.388 seconds
[2025-09-03T17:52:46.656+0000] {processor.py:186} INFO - Started process (PID=3187) to work on /opt/airflow/dags/generate_data.py
[2025-09-03T17:52:46.657+0000] {processor.py:914} INFO - Processing file /opt/airflow/dags/generate_data.py for tasks to queue
[2025-09-03T17:52:46.660+0000] {logging_mixin.py:190} INFO - [2025-09-03T17:52:46.660+0000] {dagbag.py:588} INFO - Filling up the DagBag from /opt/airflow/dags/generate_data.py
[2025-09-03T17:52:46.945+0000] {processor.py:925} INFO - DAG(s) 'generate_data' retrieved from /opt/airflow/dags/generate_data.py
[2025-09-03T17:52:46.973+0000] {logging_mixin.py:190} INFO - [2025-09-03T17:52:46.973+0000] {dag.py:3239} INFO - Sync 1 DAGs
[2025-09-03T17:52:46.989+0000] {logging_mixin.py:190} INFO - [2025-09-03T17:52:46.989+0000] {dag.py:4180} INFO - Setting next_dagrun for generate_data to 2025-09-03 00:00:00+00:00, run_after=2025-09-04 00:00:00+00:00
[2025-09-03T17:52:47.004+0000] {processor.py:208} INFO - Processing /opt/airflow/dags/generate_data.py took 0.352 seconds
[2025-09-03T17:53:17.607+0000] {processor.py:186} INFO - Started process (PID=3294) to work on /opt/airflow/dags/generate_data.py
[2025-09-03T17:53:17.608+0000] {processor.py:914} INFO - Processing file /opt/airflow/dags/generate_data.py for tasks to queue
[2025-09-03T17:53:17.610+0000] {logging_mixin.py:190} INFO - [2025-09-03T17:53:17.610+0000] {dagbag.py:588} INFO - Filling up the DagBag from /opt/airflow/dags/generate_data.py
[2025-09-03T17:53:17.913+0000] {processor.py:925} INFO - DAG(s) 'generate_data' retrieved from /opt/airflow/dags/generate_data.py
[2025-09-03T17:53:17.929+0000] {logging_mixin.py:190} INFO - [2025-09-03T17:53:17.929+0000] {dag.py:3239} INFO - Sync 1 DAGs
[2025-09-03T17:53:17.956+0000] {logging_mixin.py:190} INFO - [2025-09-03T17:53:17.955+0000] {dag.py:4180} INFO - Setting next_dagrun for generate_data to 2025-09-03 00:00:00+00:00, run_after=2025-09-04 00:00:00+00:00
[2025-09-03T17:53:17.971+0000] {processor.py:208} INFO - Processing /opt/airflow/dags/generate_data.py took 0.370 seconds
[2025-09-03T17:53:48.879+0000] {processor.py:186} INFO - Started process (PID=3401) to work on /opt/airflow/dags/generate_data.py
[2025-09-03T17:53:48.880+0000] {processor.py:914} INFO - Processing file /opt/airflow/dags/generate_data.py for tasks to queue
[2025-09-03T17:53:48.882+0000] {logging_mixin.py:190} INFO - [2025-09-03T17:53:48.882+0000] {dagbag.py:588} INFO - Filling up the DagBag from /opt/airflow/dags/generate_data.py
[2025-09-03T17:53:49.159+0000] {processor.py:925} INFO - DAG(s) 'generate_data' retrieved from /opt/airflow/dags/generate_data.py
[2025-09-03T17:53:49.180+0000] {logging_mixin.py:190} INFO - [2025-09-03T17:53:49.180+0000] {dag.py:3239} INFO - Sync 1 DAGs
[2025-09-03T17:53:49.197+0000] {logging_mixin.py:190} INFO - [2025-09-03T17:53:49.197+0000] {dag.py:4180} INFO - Setting next_dagrun for generate_data to 2025-09-03 00:00:00+00:00, run_after=2025-09-04 00:00:00+00:00
[2025-09-03T17:53:49.210+0000] {processor.py:208} INFO - Processing /opt/airflow/dags/generate_data.py took 0.336 seconds
[2025-09-03T17:54:19.976+0000] {processor.py:186} INFO - Started process (PID=3508) to work on /opt/airflow/dags/generate_data.py
[2025-09-03T17:54:19.977+0000] {processor.py:914} INFO - Processing file /opt/airflow/dags/generate_data.py for tasks to queue
[2025-09-03T17:54:19.981+0000] {logging_mixin.py:190} INFO - [2025-09-03T17:54:19.980+0000] {dagbag.py:588} INFO - Filling up the DagBag from /opt/airflow/dags/generate_data.py
[2025-09-03T17:54:20.296+0000] {processor.py:925} INFO - DAG(s) 'generate_data' retrieved from /opt/airflow/dags/generate_data.py
[2025-09-03T17:54:20.311+0000] {logging_mixin.py:190} INFO - [2025-09-03T17:54:20.311+0000] {dag.py:3239} INFO - Sync 1 DAGs
[2025-09-03T17:54:20.327+0000] {logging_mixin.py:190} INFO - [2025-09-03T17:54:20.327+0000] {dag.py:4180} INFO - Setting next_dagrun for generate_data to 2025-09-03 00:00:00+00:00, run_after=2025-09-04 00:00:00+00:00
[2025-09-03T17:54:20.341+0000] {processor.py:208} INFO - Processing /opt/airflow/dags/generate_data.py took 0.373 seconds
[2025-09-03T17:55:54.069+0000] {processor.py:186} INFO - Started process (PID=190) to work on /opt/airflow/dags/generate_data.py
[2025-09-03T17:55:54.071+0000] {processor.py:914} INFO - Processing file /opt/airflow/dags/generate_data.py for tasks to queue
[2025-09-03T17:55:54.077+0000] {logging_mixin.py:190} INFO - [2025-09-03T17:55:54.075+0000] {dagbag.py:588} INFO - Filling up the DagBag from /opt/airflow/dags/generate_data.py
[2025-09-03T17:55:55.157+0000] {processor.py:925} INFO - DAG(s) 'generate_data' retrieved from /opt/airflow/dags/generate_data.py
[2025-09-03T17:55:55.205+0000] {logging_mixin.py:190} INFO - [2025-09-03T17:55:55.204+0000] {dag.py:3239} INFO - Sync 1 DAGs
[2025-09-03T17:55:55.273+0000] {logging_mixin.py:190} INFO - [2025-09-03T17:55:55.273+0000] {dag.py:4180} INFO - Setting next_dagrun for generate_data to 2025-09-03 00:00:00+00:00, run_after=2025-09-04 00:00:00+00:00
[2025-09-03T17:55:55.299+0000] {processor.py:208} INFO - Processing /opt/airflow/dags/generate_data.py took 1.238 seconds
[2025-09-03T17:56:25.918+0000] {processor.py:186} INFO - Started process (PID=303) to work on /opt/airflow/dags/generate_data.py
[2025-09-03T17:56:25.919+0000] {processor.py:914} INFO - Processing file /opt/airflow/dags/generate_data.py for tasks to queue
[2025-09-03T17:56:25.922+0000] {logging_mixin.py:190} INFO - [2025-09-03T17:56:25.922+0000] {dagbag.py:588} INFO - Filling up the DagBag from /opt/airflow/dags/generate_data.py
[2025-09-03T17:56:26.414+0000] {processor.py:925} INFO - DAG(s) 'generate_data' retrieved from /opt/airflow/dags/generate_data.py
[2025-09-03T17:56:26.439+0000] {logging_mixin.py:190} INFO - [2025-09-03T17:56:26.439+0000] {dag.py:3239} INFO - Sync 1 DAGs
[2025-09-03T17:56:26.465+0000] {logging_mixin.py:190} INFO - [2025-09-03T17:56:26.465+0000] {dag.py:4180} INFO - Setting next_dagrun for generate_data to 2025-09-03 00:00:00+00:00, run_after=2025-09-04 00:00:00+00:00
[2025-09-03T17:56:26.484+0000] {processor.py:208} INFO - Processing /opt/airflow/dags/generate_data.py took 0.574 seconds
[2025-09-03T17:56:56.632+0000] {processor.py:186} INFO - Started process (PID=410) to work on /opt/airflow/dags/generate_data.py
[2025-09-03T17:56:56.636+0000] {processor.py:914} INFO - Processing file /opt/airflow/dags/generate_data.py for tasks to queue
[2025-09-03T17:56:56.642+0000] {logging_mixin.py:190} INFO - [2025-09-03T17:56:56.641+0000] {dagbag.py:588} INFO - Filling up the DagBag from /opt/airflow/dags/generate_data.py
[2025-09-03T17:56:57.019+0000] {processor.py:925} INFO - DAG(s) 'generate_data' retrieved from /opt/airflow/dags/generate_data.py
[2025-09-03T17:56:57.045+0000] {logging_mixin.py:190} INFO - [2025-09-03T17:56:57.045+0000] {dag.py:3239} INFO - Sync 1 DAGs
[2025-09-03T17:56:57.064+0000] {logging_mixin.py:190} INFO - [2025-09-03T17:56:57.064+0000] {dag.py:4180} INFO - Setting next_dagrun for generate_data to 2025-09-03 00:00:00+00:00, run_after=2025-09-04 00:00:00+00:00
[2025-09-03T17:56:57.084+0000] {processor.py:208} INFO - Processing /opt/airflow/dags/generate_data.py took 0.459 seconds
[2025-09-03T17:57:27.722+0000] {processor.py:186} INFO - Started process (PID=517) to work on /opt/airflow/dags/generate_data.py
[2025-09-03T17:57:27.725+0000] {processor.py:914} INFO - Processing file /opt/airflow/dags/generate_data.py for tasks to queue
[2025-09-03T17:57:27.728+0000] {logging_mixin.py:190} INFO - [2025-09-03T17:57:27.728+0000] {dagbag.py:588} INFO - Filling up the DagBag from /opt/airflow/dags/generate_data.py
[2025-09-03T17:57:28.030+0000] {processor.py:925} INFO - DAG(s) 'generate_data' retrieved from /opt/airflow/dags/generate_data.py
[2025-09-03T17:57:28.051+0000] {logging_mixin.py:190} INFO - [2025-09-03T17:57:28.050+0000] {dag.py:3239} INFO - Sync 1 DAGs
[2025-09-03T17:57:28.076+0000] {logging_mixin.py:190} INFO - [2025-09-03T17:57:28.076+0000] {dag.py:4180} INFO - Setting next_dagrun for generate_data to 2025-09-03 00:00:00+00:00, run_after=2025-09-04 00:00:00+00:00
[2025-09-03T17:57:28.098+0000] {processor.py:208} INFO - Processing /opt/airflow/dags/generate_data.py took 0.380 seconds
[2025-09-03T17:57:58.906+0000] {processor.py:186} INFO - Started process (PID=624) to work on /opt/airflow/dags/generate_data.py
[2025-09-03T17:57:58.908+0000] {processor.py:914} INFO - Processing file /opt/airflow/dags/generate_data.py for tasks to queue
[2025-09-03T17:57:58.911+0000] {logging_mixin.py:190} INFO - [2025-09-03T17:57:58.910+0000] {dagbag.py:588} INFO - Filling up the DagBag from /opt/airflow/dags/generate_data.py
[2025-09-03T17:57:59.225+0000] {processor.py:925} INFO - DAG(s) 'generate_data' retrieved from /opt/airflow/dags/generate_data.py
[2025-09-03T17:57:59.252+0000] {logging_mixin.py:190} INFO - [2025-09-03T17:57:59.252+0000] {dag.py:3239} INFO - Sync 1 DAGs
[2025-09-03T17:57:59.282+0000] {logging_mixin.py:190} INFO - [2025-09-03T17:57:59.281+0000] {dag.py:4180} INFO - Setting next_dagrun for generate_data to 2025-09-03 00:00:00+00:00, run_after=2025-09-04 00:00:00+00:00
[2025-09-03T17:57:59.304+0000] {processor.py:208} INFO - Processing /opt/airflow/dags/generate_data.py took 0.402 seconds
[2025-09-03T17:58:30.231+0000] {processor.py:186} INFO - Started process (PID=731) to work on /opt/airflow/dags/generate_data.py
[2025-09-03T17:58:30.232+0000] {processor.py:914} INFO - Processing file /opt/airflow/dags/generate_data.py for tasks to queue
[2025-09-03T17:58:30.234+0000] {logging_mixin.py:190} INFO - [2025-09-03T17:58:30.234+0000] {dagbag.py:588} INFO - Filling up the DagBag from /opt/airflow/dags/generate_data.py
[2025-09-03T17:58:30.523+0000] {processor.py:925} INFO - DAG(s) 'generate_data' retrieved from /opt/airflow/dags/generate_data.py
[2025-09-03T17:58:30.552+0000] {logging_mixin.py:190} INFO - [2025-09-03T17:58:30.552+0000] {dag.py:3239} INFO - Sync 1 DAGs
[2025-09-03T17:58:30.577+0000] {logging_mixin.py:190} INFO - [2025-09-03T17:58:30.577+0000] {dag.py:4180} INFO - Setting next_dagrun for generate_data to 2025-09-03 00:00:00+00:00, run_after=2025-09-04 00:00:00+00:00
[2025-09-03T17:58:30.593+0000] {processor.py:208} INFO - Processing /opt/airflow/dags/generate_data.py took 0.367 seconds
[2025-09-03T17:59:01.450+0000] {processor.py:186} INFO - Started process (PID=838) to work on /opt/airflow/dags/generate_data.py
[2025-09-03T17:59:01.451+0000] {processor.py:914} INFO - Processing file /opt/airflow/dags/generate_data.py for tasks to queue
[2025-09-03T17:59:01.456+0000] {logging_mixin.py:190} INFO - [2025-09-03T17:59:01.455+0000] {dagbag.py:588} INFO - Filling up the DagBag from /opt/airflow/dags/generate_data.py
[2025-09-03T17:59:01.755+0000] {processor.py:925} INFO - DAG(s) 'generate_data' retrieved from /opt/airflow/dags/generate_data.py
[2025-09-03T17:59:01.775+0000] {logging_mixin.py:190} INFO - [2025-09-03T17:59:01.775+0000] {dag.py:3239} INFO - Sync 1 DAGs
[2025-09-03T17:59:01.797+0000] {logging_mixin.py:190} INFO - [2025-09-03T17:59:01.796+0000] {dag.py:4180} INFO - Setting next_dagrun for generate_data to 2025-09-03 00:00:00+00:00, run_after=2025-09-04 00:00:00+00:00
[2025-09-03T17:59:01.814+0000] {processor.py:208} INFO - Processing /opt/airflow/dags/generate_data.py took 0.371 seconds
[2025-09-03T17:59:32.699+0000] {processor.py:186} INFO - Started process (PID=945) to work on /opt/airflow/dags/generate_data.py
[2025-09-03T17:59:32.701+0000] {processor.py:914} INFO - Processing file /opt/airflow/dags/generate_data.py for tasks to queue
[2025-09-03T17:59:32.704+0000] {logging_mixin.py:190} INFO - [2025-09-03T17:59:32.703+0000] {dagbag.py:588} INFO - Filling up the DagBag from /opt/airflow/dags/generate_data.py
[2025-09-03T17:59:33.060+0000] {processor.py:925} INFO - DAG(s) 'generate_data' retrieved from /opt/airflow/dags/generate_data.py
[2025-09-03T17:59:33.081+0000] {logging_mixin.py:190} INFO - [2025-09-03T17:59:33.080+0000] {dag.py:3239} INFO - Sync 1 DAGs
[2025-09-03T17:59:33.104+0000] {logging_mixin.py:190} INFO - [2025-09-03T17:59:33.104+0000] {dag.py:4180} INFO - Setting next_dagrun for generate_data to 2025-09-03 00:00:00+00:00, run_after=2025-09-04 00:00:00+00:00
[2025-09-03T17:59:33.120+0000] {processor.py:208} INFO - Processing /opt/airflow/dags/generate_data.py took 0.429 seconds
[2025-09-03T18:00:03.962+0000] {processor.py:186} INFO - Started process (PID=1052) to work on /opt/airflow/dags/generate_data.py
[2025-09-03T18:00:03.964+0000] {processor.py:914} INFO - Processing file /opt/airflow/dags/generate_data.py for tasks to queue
[2025-09-03T18:00:03.967+0000] {logging_mixin.py:190} INFO - [2025-09-03T18:00:03.966+0000] {dagbag.py:588} INFO - Filling up the DagBag from /opt/airflow/dags/generate_data.py
[2025-09-03T18:00:04.118+0000] {processor.py:925} INFO - DAG(s) 'generate_data' retrieved from /opt/airflow/dags/generate_data.py
[2025-09-03T18:00:04.144+0000] {logging_mixin.py:190} INFO - [2025-09-03T18:00:04.143+0000] {dag.py:3239} INFO - Sync 1 DAGs
[2025-09-03T18:00:04.167+0000] {logging_mixin.py:190} INFO - [2025-09-03T18:00:04.167+0000] {dag.py:4180} INFO - Setting next_dagrun for generate_data to 2025-09-03 00:00:00+00:00, run_after=2025-09-04 00:00:00+00:00
[2025-09-03T18:00:04.189+0000] {processor.py:208} INFO - Processing /opt/airflow/dags/generate_data.py took 0.234 seconds
[2025-09-03T18:00:34.721+0000] {processor.py:186} INFO - Started process (PID=1159) to work on /opt/airflow/dags/generate_data.py
[2025-09-03T18:00:34.722+0000] {processor.py:914} INFO - Processing file /opt/airflow/dags/generate_data.py for tasks to queue
[2025-09-03T18:00:34.725+0000] {logging_mixin.py:190} INFO - [2025-09-03T18:00:34.725+0000] {dagbag.py:588} INFO - Filling up the DagBag from /opt/airflow/dags/generate_data.py
[2025-09-03T18:00:34.896+0000] {processor.py:925} INFO - DAG(s) 'generate_data' retrieved from /opt/airflow/dags/generate_data.py
[2025-09-03T18:00:34.919+0000] {logging_mixin.py:190} INFO - [2025-09-03T18:00:34.918+0000] {dag.py:3239} INFO - Sync 1 DAGs
[2025-09-03T18:00:34.949+0000] {logging_mixin.py:190} INFO - [2025-09-03T18:00:34.948+0000] {dag.py:4180} INFO - Setting next_dagrun for generate_data to 2025-09-03 00:00:00+00:00, run_after=2025-09-04 00:00:00+00:00
[2025-09-03T18:00:34.974+0000] {processor.py:208} INFO - Processing /opt/airflow/dags/generate_data.py took 0.258 seconds
[2025-09-03T18:01:05.645+0000] {processor.py:186} INFO - Started process (PID=1266) to work on /opt/airflow/dags/generate_data.py
[2025-09-03T18:01:05.646+0000] {processor.py:914} INFO - Processing file /opt/airflow/dags/generate_data.py for tasks to queue
[2025-09-03T18:01:05.650+0000] {logging_mixin.py:190} INFO - [2025-09-03T18:01:05.649+0000] {dagbag.py:588} INFO - Filling up the DagBag from /opt/airflow/dags/generate_data.py
[2025-09-03T18:01:05.818+0000] {processor.py:925} INFO - DAG(s) 'generate_data' retrieved from /opt/airflow/dags/generate_data.py
[2025-09-03T18:01:05.843+0000] {logging_mixin.py:190} INFO - [2025-09-03T18:01:05.843+0000] {dag.py:3239} INFO - Sync 1 DAGs
[2025-09-03T18:01:05.871+0000] {logging_mixin.py:190} INFO - [2025-09-03T18:01:05.871+0000] {dag.py:4180} INFO - Setting next_dagrun for generate_data to 2025-09-03 00:00:00+00:00, run_after=2025-09-04 00:00:00+00:00
[2025-09-03T18:01:05.897+0000] {processor.py:208} INFO - Processing /opt/airflow/dags/generate_data.py took 0.256 seconds
[2025-09-03T18:01:36.432+0000] {processor.py:186} INFO - Started process (PID=1373) to work on /opt/airflow/dags/generate_data.py
[2025-09-03T18:01:36.434+0000] {processor.py:914} INFO - Processing file /opt/airflow/dags/generate_data.py for tasks to queue
[2025-09-03T18:01:36.437+0000] {logging_mixin.py:190} INFO - [2025-09-03T18:01:36.436+0000] {dagbag.py:588} INFO - Filling up the DagBag from /opt/airflow/dags/generate_data.py
[2025-09-03T18:01:36.617+0000] {processor.py:925} INFO - DAG(s) 'generate_data' retrieved from /opt/airflow/dags/generate_data.py
[2025-09-03T18:01:36.638+0000] {logging_mixin.py:190} INFO - [2025-09-03T18:01:36.638+0000] {dag.py:3239} INFO - Sync 1 DAGs
[2025-09-03T18:01:36.662+0000] {logging_mixin.py:190} INFO - [2025-09-03T18:01:36.662+0000] {dag.py:4180} INFO - Setting next_dagrun for generate_data to 2025-09-03 00:00:00+00:00, run_after=2025-09-04 00:00:00+00:00
[2025-09-03T18:01:36.684+0000] {processor.py:208} INFO - Processing /opt/airflow/dags/generate_data.py took 0.257 seconds
[2025-09-03T18:02:07.193+0000] {processor.py:186} INFO - Started process (PID=1480) to work on /opt/airflow/dags/generate_data.py
[2025-09-03T18:02:07.194+0000] {processor.py:914} INFO - Processing file /opt/airflow/dags/generate_data.py for tasks to queue
[2025-09-03T18:02:07.196+0000] {logging_mixin.py:190} INFO - [2025-09-03T18:02:07.195+0000] {dagbag.py:588} INFO - Filling up the DagBag from /opt/airflow/dags/generate_data.py
[2025-09-03T18:02:07.347+0000] {processor.py:925} INFO - DAG(s) 'generate_data' retrieved from /opt/airflow/dags/generate_data.py
[2025-09-03T18:02:07.366+0000] {logging_mixin.py:190} INFO - [2025-09-03T18:02:07.365+0000] {dag.py:3239} INFO - Sync 1 DAGs
[2025-09-03T18:02:07.396+0000] {logging_mixin.py:190} INFO - [2025-09-03T18:02:07.396+0000] {dag.py:4180} INFO - Setting next_dagrun for generate_data to 2025-09-03 00:00:00+00:00, run_after=2025-09-04 00:00:00+00:00
[2025-09-03T18:02:07.419+0000] {processor.py:208} INFO - Processing /opt/airflow/dags/generate_data.py took 0.234 seconds
[2025-09-03T18:02:37.857+0000] {processor.py:186} INFO - Started process (PID=1587) to work on /opt/airflow/dags/generate_data.py
[2025-09-03T18:02:37.858+0000] {processor.py:914} INFO - Processing file /opt/airflow/dags/generate_data.py for tasks to queue
[2025-09-03T18:02:37.859+0000] {logging_mixin.py:190} INFO - [2025-09-03T18:02:37.859+0000] {dagbag.py:588} INFO - Filling up the DagBag from /opt/airflow/dags/generate_data.py
[2025-09-03T18:02:38.012+0000] {processor.py:925} INFO - DAG(s) 'generate_data' retrieved from /opt/airflow/dags/generate_data.py
[2025-09-03T18:02:38.041+0000] {logging_mixin.py:190} INFO - [2025-09-03T18:02:38.040+0000] {dag.py:3239} INFO - Sync 1 DAGs
[2025-09-03T18:02:38.063+0000] {logging_mixin.py:190} INFO - [2025-09-03T18:02:38.062+0000] {dag.py:4180} INFO - Setting next_dagrun for generate_data to 2025-09-03 00:00:00+00:00, run_after=2025-09-04 00:00:00+00:00
[2025-09-03T18:02:38.083+0000] {processor.py:208} INFO - Processing /opt/airflow/dags/generate_data.py took 0.232 seconds
[2025-09-03T18:03:08.554+0000] {processor.py:186} INFO - Started process (PID=1694) to work on /opt/airflow/dags/generate_data.py
[2025-09-03T18:03:08.555+0000] {processor.py:914} INFO - Processing file /opt/airflow/dags/generate_data.py for tasks to queue
[2025-09-03T18:03:08.559+0000] {logging_mixin.py:190} INFO - [2025-09-03T18:03:08.558+0000] {dagbag.py:588} INFO - Filling up the DagBag from /opt/airflow/dags/generate_data.py
[2025-09-03T18:03:08.714+0000] {processor.py:925} INFO - DAG(s) 'generate_data' retrieved from /opt/airflow/dags/generate_data.py
[2025-09-03T18:03:08.738+0000] {logging_mixin.py:190} INFO - [2025-09-03T18:03:08.738+0000] {dag.py:3239} INFO - Sync 1 DAGs
[2025-09-03T18:03:08.763+0000] {logging_mixin.py:190} INFO - [2025-09-03T18:03:08.763+0000] {dag.py:4180} INFO - Setting next_dagrun for generate_data to 2025-09-03 00:00:00+00:00, run_after=2025-09-04 00:00:00+00:00
[2025-09-03T18:03:08.783+0000] {processor.py:208} INFO - Processing /opt/airflow/dags/generate_data.py took 0.235 seconds
[2025-09-03T18:03:39.170+0000] {processor.py:186} INFO - Started process (PID=1801) to work on /opt/airflow/dags/generate_data.py
[2025-09-03T18:03:39.171+0000] {processor.py:914} INFO - Processing file /opt/airflow/dags/generate_data.py for tasks to queue
[2025-09-03T18:03:39.175+0000] {logging_mixin.py:190} INFO - [2025-09-03T18:03:39.174+0000] {dagbag.py:588} INFO - Filling up the DagBag from /opt/airflow/dags/generate_data.py
[2025-09-03T18:03:39.340+0000] {processor.py:925} INFO - DAG(s) 'generate_data' retrieved from /opt/airflow/dags/generate_data.py
[2025-09-03T18:03:39.365+0000] {logging_mixin.py:190} INFO - [2025-09-03T18:03:39.365+0000] {dag.py:3239} INFO - Sync 1 DAGs
[2025-09-03T18:03:39.400+0000] {logging_mixin.py:190} INFO - [2025-09-03T18:03:39.399+0000] {dag.py:4180} INFO - Setting next_dagrun for generate_data to 2025-09-03 00:00:00+00:00, run_after=2025-09-04 00:00:00+00:00
[2025-09-03T18:03:39.420+0000] {processor.py:208} INFO - Processing /opt/airflow/dags/generate_data.py took 0.259 seconds
