[2025-09-03T17:38:27.448+0000] {processor.py:186} INFO - Started process (PID=279) to work on /opt/airflow/dags/get_data_faker.py
[2025-09-03T17:38:27.449+0000] {processor.py:914} INFO - Processing file /opt/airflow/dags/get_data_faker.py for tasks to queue
[2025-09-03T17:38:27.452+0000] {logging_mixin.py:190} INFO - [2025-09-03T17:38:27.452+0000] {dagbag.py:588} INFO - Filling up the DagBag from /opt/airflow/dags/get_data_faker.py
[2025-09-03T17:38:27.548+0000] {processor.py:925} INFO - DAG(s) 'sales_data_etl' retrieved from /opt/airflow/dags/get_data_faker.py
[2025-09-03T17:38:27.649+0000] {logging_mixin.py:190} INFO - [2025-09-03T17:38:27.648+0000] {override.py:1930} INFO - Created Permission View: can delete on DAG:sales_data_etl
[2025-09-03T17:38:27.662+0000] {logging_mixin.py:190} INFO - [2025-09-03T17:38:27.661+0000] {override.py:1930} INFO - Created Permission View: can edit on DAG:sales_data_etl
[2025-09-03T17:38:27.669+0000] {logging_mixin.py:190} INFO - [2025-09-03T17:38:27.668+0000] {override.py:1930} INFO - Created Permission View: can read on DAG:sales_data_etl
[2025-09-03T17:38:27.677+0000] {logging_mixin.py:190} INFO - [2025-09-03T17:38:27.677+0000] {override.py:1930} INFO - Created Permission View: can delete on DAG Run:sales_data_etl
[2025-09-03T17:38:27.688+0000] {logging_mixin.py:190} INFO - [2025-09-03T17:38:27.688+0000] {override.py:1930} INFO - Created Permission View: can create on DAG Run:sales_data_etl
[2025-09-03T17:38:27.697+0000] {logging_mixin.py:190} INFO - [2025-09-03T17:38:27.697+0000] {override.py:1930} INFO - Created Permission View: menu access on DAG Run:sales_data_etl
[2025-09-03T17:38:27.707+0000] {logging_mixin.py:190} INFO - [2025-09-03T17:38:27.706+0000] {override.py:1930} INFO - Created Permission View: can read on DAG Run:sales_data_etl
[2025-09-03T17:38:27.707+0000] {logging_mixin.py:190} INFO - [2025-09-03T17:38:27.707+0000] {dag.py:3239} INFO - Sync 1 DAGs
[2025-09-03T17:38:27.725+0000] {logging_mixin.py:190} INFO - [2025-09-03T17:38:27.725+0000] {dag.py:3262} INFO - Creating ORM DAG for sales_data_etl
[2025-09-03T17:38:27.746+0000] {logging_mixin.py:190} INFO - [2025-09-03T17:38:27.746+0000] {dag.py:4180} INFO - Setting next_dagrun for sales_data_etl to 2025-09-03 17:37:00+00:00, run_after=2025-09-03 17:38:00+00:00
[2025-09-03T17:38:27.768+0000] {processor.py:208} INFO - Processing /opt/airflow/dags/get_data_faker.py took 0.328 seconds
[2025-09-03T17:38:57.841+0000] {processor.py:186} INFO - Started process (PID=386) to work on /opt/airflow/dags/get_data_faker.py
[2025-09-03T17:38:57.842+0000] {processor.py:914} INFO - Processing file /opt/airflow/dags/get_data_faker.py for tasks to queue
[2025-09-03T17:38:57.845+0000] {logging_mixin.py:190} INFO - [2025-09-03T17:38:57.845+0000] {dagbag.py:588} INFO - Filling up the DagBag from /opt/airflow/dags/get_data_faker.py
[2025-09-03T17:38:57.929+0000] {processor.py:925} INFO - DAG(s) 'sales_data_etl' retrieved from /opt/airflow/dags/get_data_faker.py
[2025-09-03T17:38:57.952+0000] {logging_mixin.py:190} INFO - [2025-09-03T17:38:57.951+0000] {dag.py:3239} INFO - Sync 1 DAGs
[2025-09-03T17:38:57.976+0000] {logging_mixin.py:190} INFO - [2025-09-03T17:38:57.976+0000] {dag.py:4180} INFO - Setting next_dagrun for sales_data_etl to 2025-09-03 17:37:00+00:00, run_after=2025-09-03 17:38:00+00:00
[2025-09-03T17:38:57.994+0000] {processor.py:208} INFO - Processing /opt/airflow/dags/get_data_faker.py took 0.160 seconds
[2025-09-03T17:39:28.693+0000] {processor.py:186} INFO - Started process (PID=493) to work on /opt/airflow/dags/get_data_faker.py
[2025-09-03T17:39:28.695+0000] {processor.py:914} INFO - Processing file /opt/airflow/dags/get_data_faker.py for tasks to queue
[2025-09-03T17:39:28.698+0000] {logging_mixin.py:190} INFO - [2025-09-03T17:39:28.697+0000] {dagbag.py:588} INFO - Filling up the DagBag from /opt/airflow/dags/get_data_faker.py
[2025-09-03T17:39:28.784+0000] {processor.py:925} INFO - DAG(s) 'sales_data_etl' retrieved from /opt/airflow/dags/get_data_faker.py
[2025-09-03T17:39:28.805+0000] {logging_mixin.py:190} INFO - [2025-09-03T17:39:28.805+0000] {dag.py:3239} INFO - Sync 1 DAGs
[2025-09-03T17:39:28.831+0000] {logging_mixin.py:190} INFO - [2025-09-03T17:39:28.831+0000] {dag.py:4180} INFO - Setting next_dagrun for sales_data_etl to 2025-09-03 17:38:00+00:00, run_after=2025-09-03 17:39:00+00:00
[2025-09-03T17:39:28.849+0000] {processor.py:208} INFO - Processing /opt/airflow/dags/get_data_faker.py took 0.163 seconds
[2025-09-03T17:39:59.888+0000] {processor.py:186} INFO - Started process (PID=602) to work on /opt/airflow/dags/get_data_faker.py
[2025-09-03T17:39:59.889+0000] {processor.py:914} INFO - Processing file /opt/airflow/dags/get_data_faker.py for tasks to queue
[2025-09-03T17:39:59.893+0000] {logging_mixin.py:190} INFO - [2025-09-03T17:39:59.892+0000] {dagbag.py:588} INFO - Filling up the DagBag from /opt/airflow/dags/get_data_faker.py
[2025-09-03T17:39:59.985+0000] {processor.py:925} INFO - DAG(s) 'sales_data_etl' retrieved from /opt/airflow/dags/get_data_faker.py
[2025-09-03T17:40:00.018+0000] {logging_mixin.py:190} INFO - [2025-09-03T17:40:00.018+0000] {dag.py:3239} INFO - Sync 1 DAGs
[2025-09-03T17:40:00.171+0000] {logging_mixin.py:190} INFO - [2025-09-03T17:40:00.170+0000] {dag.py:4180} INFO - Setting next_dagrun for sales_data_etl to 2025-09-03 17:39:00+00:00, run_after=2025-09-03 17:40:00+00:00
[2025-09-03T17:40:00.187+0000] {processor.py:208} INFO - Processing /opt/airflow/dags/get_data_faker.py took 0.305 seconds
[2025-09-03T17:40:31.090+0000] {processor.py:186} INFO - Started process (PID=708) to work on /opt/airflow/dags/get_data_faker.py
[2025-09-03T17:40:31.091+0000] {processor.py:914} INFO - Processing file /opt/airflow/dags/get_data_faker.py for tasks to queue
[2025-09-03T17:40:31.092+0000] {logging_mixin.py:190} INFO - [2025-09-03T17:40:31.092+0000] {dagbag.py:588} INFO - Filling up the DagBag from /opt/airflow/dags/get_data_faker.py
[2025-09-03T17:40:31.181+0000] {processor.py:925} INFO - DAG(s) 'sales_data_etl' retrieved from /opt/airflow/dags/get_data_faker.py
[2025-09-03T17:40:31.210+0000] {logging_mixin.py:190} INFO - [2025-09-03T17:40:31.210+0000] {dag.py:3239} INFO - Sync 1 DAGs
[2025-09-03T17:40:31.248+0000] {logging_mixin.py:190} INFO - [2025-09-03T17:40:31.247+0000] {dag.py:4180} INFO - Setting next_dagrun for sales_data_etl to 2025-09-03 17:39:00+00:00, run_after=2025-09-03 17:40:00+00:00
[2025-09-03T17:40:31.266+0000] {processor.py:208} INFO - Processing /opt/airflow/dags/get_data_faker.py took 0.181 seconds
[2025-09-03T17:41:02.412+0000] {processor.py:186} INFO - Started process (PID=815) to work on /opt/airflow/dags/get_data_faker.py
[2025-09-03T17:41:02.413+0000] {processor.py:914} INFO - Processing file /opt/airflow/dags/get_data_faker.py for tasks to queue
[2025-09-03T17:41:02.417+0000] {logging_mixin.py:190} INFO - [2025-09-03T17:41:02.416+0000] {dagbag.py:588} INFO - Filling up the DagBag from /opt/airflow/dags/get_data_faker.py
[2025-09-03T17:41:02.503+0000] {processor.py:925} INFO - DAG(s) 'sales_data_etl' retrieved from /opt/airflow/dags/get_data_faker.py
[2025-09-03T17:41:02.528+0000] {logging_mixin.py:190} INFO - [2025-09-03T17:41:02.528+0000] {dag.py:3239} INFO - Sync 1 DAGs
[2025-09-03T17:41:02.556+0000] {logging_mixin.py:190} INFO - [2025-09-03T17:41:02.556+0000] {dag.py:4180} INFO - Setting next_dagrun for sales_data_etl to 2025-09-03 17:40:00+00:00, run_after=2025-09-03 17:41:00+00:00
[2025-09-03T17:41:02.572+0000] {processor.py:208} INFO - Processing /opt/airflow/dags/get_data_faker.py took 0.167 seconds
[2025-09-03T17:41:32.622+0000] {processor.py:186} INFO - Started process (PID=921) to work on /opt/airflow/dags/get_data_faker.py
[2025-09-03T17:41:32.622+0000] {processor.py:914} INFO - Processing file /opt/airflow/dags/get_data_faker.py for tasks to queue
[2025-09-03T17:41:32.625+0000] {logging_mixin.py:190} INFO - [2025-09-03T17:41:32.625+0000] {dagbag.py:588} INFO - Filling up the DagBag from /opt/airflow/dags/get_data_faker.py
[2025-09-03T17:41:32.719+0000] {processor.py:925} INFO - DAG(s) 'sales_data_etl' retrieved from /opt/airflow/dags/get_data_faker.py
[2025-09-03T17:41:32.738+0000] {logging_mixin.py:190} INFO - [2025-09-03T17:41:32.738+0000] {dag.py:3239} INFO - Sync 1 DAGs
[2025-09-03T17:41:32.757+0000] {logging_mixin.py:190} INFO - [2025-09-03T17:41:32.757+0000] {dag.py:4180} INFO - Setting next_dagrun for sales_data_etl to 2025-09-03 17:40:00+00:00, run_after=2025-09-03 17:41:00+00:00
[2025-09-03T17:41:32.774+0000] {processor.py:208} INFO - Processing /opt/airflow/dags/get_data_faker.py took 0.160 seconds
[2025-09-03T17:42:03.430+0000] {processor.py:186} INFO - Started process (PID=1031) to work on /opt/airflow/dags/get_data_faker.py
[2025-09-03T17:42:03.431+0000] {processor.py:914} INFO - Processing file /opt/airflow/dags/get_data_faker.py for tasks to queue
[2025-09-03T17:42:03.433+0000] {logging_mixin.py:190} INFO - [2025-09-03T17:42:03.433+0000] {dagbag.py:588} INFO - Filling up the DagBag from /opt/airflow/dags/get_data_faker.py
[2025-09-03T17:42:03.505+0000] {processor.py:925} INFO - DAG(s) 'sales_data_etl' retrieved from /opt/airflow/dags/get_data_faker.py
[2025-09-03T17:42:03.529+0000] {logging_mixin.py:190} INFO - [2025-09-03T17:42:03.528+0000] {dag.py:3239} INFO - Sync 1 DAGs
[2025-09-03T17:42:03.554+0000] {logging_mixin.py:190} INFO - [2025-09-03T17:42:03.554+0000] {dag.py:4180} INFO - Setting next_dagrun for sales_data_etl to 2025-09-03 17:41:00+00:00, run_after=2025-09-03 17:42:00+00:00
[2025-09-03T17:42:03.572+0000] {processor.py:208} INFO - Processing /opt/airflow/dags/get_data_faker.py took 0.150 seconds
[2025-09-03T17:42:34.003+0000] {processor.py:186} INFO - Started process (PID=1135) to work on /opt/airflow/dags/get_data_faker.py
[2025-09-03T17:42:34.005+0000] {processor.py:914} INFO - Processing file /opt/airflow/dags/get_data_faker.py for tasks to queue
[2025-09-03T17:42:34.007+0000] {logging_mixin.py:190} INFO - [2025-09-03T17:42:34.007+0000] {dagbag.py:588} INFO - Filling up the DagBag from /opt/airflow/dags/get_data_faker.py
[2025-09-03T17:42:34.094+0000] {processor.py:925} INFO - DAG(s) 'sales_data_etl' retrieved from /opt/airflow/dags/get_data_faker.py
[2025-09-03T17:42:34.116+0000] {logging_mixin.py:190} INFO - [2025-09-03T17:42:34.116+0000] {dag.py:3239} INFO - Sync 1 DAGs
[2025-09-03T17:42:34.140+0000] {logging_mixin.py:190} INFO - [2025-09-03T17:42:34.140+0000] {dag.py:4180} INFO - Setting next_dagrun for sales_data_etl to 2025-09-03 17:41:00+00:00, run_after=2025-09-03 17:42:00+00:00
[2025-09-03T17:42:34.158+0000] {processor.py:208} INFO - Processing /opt/airflow/dags/get_data_faker.py took 0.162 seconds
[2025-09-03T17:43:04.873+0000] {processor.py:186} INFO - Started process (PID=1242) to work on /opt/airflow/dags/get_data_faker.py
[2025-09-03T17:43:04.875+0000] {processor.py:914} INFO - Processing file /opt/airflow/dags/get_data_faker.py for tasks to queue
[2025-09-03T17:43:04.877+0000] {logging_mixin.py:190} INFO - [2025-09-03T17:43:04.877+0000] {dagbag.py:588} INFO - Filling up the DagBag from /opt/airflow/dags/get_data_faker.py
[2025-09-03T17:43:04.988+0000] {processor.py:925} INFO - DAG(s) 'sales_data_etl' retrieved from /opt/airflow/dags/get_data_faker.py
[2025-09-03T17:43:05.015+0000] {logging_mixin.py:190} INFO - [2025-09-03T17:43:05.015+0000] {dag.py:3239} INFO - Sync 1 DAGs
[2025-09-03T17:43:05.039+0000] {logging_mixin.py:190} INFO - [2025-09-03T17:43:05.039+0000] {dag.py:4180} INFO - Setting next_dagrun for sales_data_etl to 2025-09-03 17:42:00+00:00, run_after=2025-09-03 17:43:00+00:00
[2025-09-03T17:43:05.057+0000] {processor.py:208} INFO - Processing /opt/airflow/dags/get_data_faker.py took 0.192 seconds
[2025-09-03T17:43:35.679+0000] {processor.py:186} INFO - Started process (PID=1349) to work on /opt/airflow/dags/get_data_faker.py
[2025-09-03T17:43:35.679+0000] {processor.py:914} INFO - Processing file /opt/airflow/dags/get_data_faker.py for tasks to queue
[2025-09-03T17:43:35.683+0000] {logging_mixin.py:190} INFO - [2025-09-03T17:43:35.682+0000] {dagbag.py:588} INFO - Filling up the DagBag from /opt/airflow/dags/get_data_faker.py
[2025-09-03T17:43:35.770+0000] {processor.py:925} INFO - DAG(s) 'sales_data_etl' retrieved from /opt/airflow/dags/get_data_faker.py
[2025-09-03T17:43:35.793+0000] {logging_mixin.py:190} INFO - [2025-09-03T17:43:35.793+0000] {dag.py:3239} INFO - Sync 1 DAGs
[2025-09-03T17:43:35.813+0000] {logging_mixin.py:190} INFO - [2025-09-03T17:43:35.813+0000] {dag.py:4180} INFO - Setting next_dagrun for sales_data_etl to 2025-09-03 17:42:00+00:00, run_after=2025-09-03 17:43:00+00:00
[2025-09-03T17:43:35.832+0000] {processor.py:208} INFO - Processing /opt/airflow/dags/get_data_faker.py took 0.158 seconds
[2025-09-03T17:44:06.342+0000] {processor.py:186} INFO - Started process (PID=1456) to work on /opt/airflow/dags/get_data_faker.py
[2025-09-03T17:44:06.343+0000] {processor.py:914} INFO - Processing file /opt/airflow/dags/get_data_faker.py for tasks to queue
[2025-09-03T17:44:06.345+0000] {logging_mixin.py:190} INFO - [2025-09-03T17:44:06.345+0000] {dagbag.py:588} INFO - Filling up the DagBag from /opt/airflow/dags/get_data_faker.py
[2025-09-03T17:44:06.421+0000] {processor.py:925} INFO - DAG(s) 'sales_data_etl' retrieved from /opt/airflow/dags/get_data_faker.py
[2025-09-03T17:44:06.452+0000] {logging_mixin.py:190} INFO - [2025-09-03T17:44:06.452+0000] {dag.py:3239} INFO - Sync 1 DAGs
[2025-09-03T17:44:06.477+0000] {logging_mixin.py:190} INFO - [2025-09-03T17:44:06.477+0000] {dag.py:4180} INFO - Setting next_dagrun for sales_data_etl to 2025-09-03 17:43:00+00:00, run_after=2025-09-03 17:44:00+00:00
[2025-09-03T17:44:06.497+0000] {processor.py:208} INFO - Processing /opt/airflow/dags/get_data_faker.py took 0.163 seconds
[2025-09-03T17:44:36.991+0000] {processor.py:186} INFO - Started process (PID=1563) to work on /opt/airflow/dags/get_data_faker.py
[2025-09-03T17:44:36.993+0000] {processor.py:914} INFO - Processing file /opt/airflow/dags/get_data_faker.py for tasks to queue
[2025-09-03T17:44:36.996+0000] {logging_mixin.py:190} INFO - [2025-09-03T17:44:36.996+0000] {dagbag.py:588} INFO - Filling up the DagBag from /opt/airflow/dags/get_data_faker.py
[2025-09-03T17:44:37.072+0000] {processor.py:925} INFO - DAG(s) 'sales_data_etl' retrieved from /opt/airflow/dags/get_data_faker.py
[2025-09-03T17:44:37.092+0000] {logging_mixin.py:190} INFO - [2025-09-03T17:44:37.091+0000] {dag.py:3239} INFO - Sync 1 DAGs
[2025-09-03T17:44:37.111+0000] {logging_mixin.py:190} INFO - [2025-09-03T17:44:37.111+0000] {dag.py:4180} INFO - Setting next_dagrun for sales_data_etl to 2025-09-03 17:43:00+00:00, run_after=2025-09-03 17:44:00+00:00
[2025-09-03T17:44:37.126+0000] {processor.py:208} INFO - Processing /opt/airflow/dags/get_data_faker.py took 0.143 seconds
[2025-09-03T17:45:07.526+0000] {processor.py:186} INFO - Started process (PID=1668) to work on /opt/airflow/dags/get_data_faker.py
[2025-09-03T17:45:07.527+0000] {processor.py:914} INFO - Processing file /opt/airflow/dags/get_data_faker.py for tasks to queue
[2025-09-03T17:45:07.530+0000] {logging_mixin.py:190} INFO - [2025-09-03T17:45:07.530+0000] {dagbag.py:588} INFO - Filling up the DagBag from /opt/airflow/dags/get_data_faker.py
[2025-09-03T17:45:07.615+0000] {processor.py:925} INFO - DAG(s) 'sales_data_etl' retrieved from /opt/airflow/dags/get_data_faker.py
[2025-09-03T17:45:07.640+0000] {logging_mixin.py:190} INFO - [2025-09-03T17:45:07.639+0000] {dag.py:3239} INFO - Sync 1 DAGs
[2025-09-03T17:45:07.673+0000] {logging_mixin.py:190} INFO - [2025-09-03T17:45:07.673+0000] {dag.py:4180} INFO - Setting next_dagrun for sales_data_etl to 2025-09-03 17:44:00+00:00, run_after=2025-09-03 17:45:00+00:00
[2025-09-03T17:45:07.694+0000] {processor.py:208} INFO - Processing /opt/airflow/dags/get_data_faker.py took 0.174 seconds
[2025-09-03T17:45:38.113+0000] {processor.py:186} INFO - Started process (PID=1775) to work on /opt/airflow/dags/get_data_faker.py
[2025-09-03T17:45:38.114+0000] {processor.py:914} INFO - Processing file /opt/airflow/dags/get_data_faker.py for tasks to queue
[2025-09-03T17:45:38.116+0000] {logging_mixin.py:190} INFO - [2025-09-03T17:45:38.116+0000] {dagbag.py:588} INFO - Filling up the DagBag from /opt/airflow/dags/get_data_faker.py
[2025-09-03T17:45:38.198+0000] {processor.py:925} INFO - DAG(s) 'sales_data_etl' retrieved from /opt/airflow/dags/get_data_faker.py
[2025-09-03T17:45:38.224+0000] {logging_mixin.py:190} INFO - [2025-09-03T17:45:38.224+0000] {dag.py:3239} INFO - Sync 1 DAGs
[2025-09-03T17:45:38.256+0000] {logging_mixin.py:190} INFO - [2025-09-03T17:45:38.256+0000] {dag.py:4180} INFO - Setting next_dagrun for sales_data_etl to 2025-09-03 17:44:00+00:00, run_after=2025-09-03 17:45:00+00:00
[2025-09-03T17:45:38.283+0000] {processor.py:208} INFO - Processing /opt/airflow/dags/get_data_faker.py took 0.175 seconds
[2025-09-03T17:46:08.892+0000] {processor.py:186} INFO - Started process (PID=1884) to work on /opt/airflow/dags/get_data_faker.py
[2025-09-03T17:46:08.893+0000] {processor.py:914} INFO - Processing file /opt/airflow/dags/get_data_faker.py for tasks to queue
[2025-09-03T17:46:08.896+0000] {logging_mixin.py:190} INFO - [2025-09-03T17:46:08.896+0000] {dagbag.py:588} INFO - Filling up the DagBag from /opt/airflow/dags/get_data_faker.py
[2025-09-03T17:46:08.986+0000] {processor.py:925} INFO - DAG(s) 'sales_data_etl' retrieved from /opt/airflow/dags/get_data_faker.py
[2025-09-03T17:46:09.012+0000] {logging_mixin.py:190} INFO - [2025-09-03T17:46:09.011+0000] {dag.py:3239} INFO - Sync 1 DAGs
[2025-09-03T17:46:09.047+0000] {logging_mixin.py:190} INFO - [2025-09-03T17:46:09.047+0000] {dag.py:4180} INFO - Setting next_dagrun for sales_data_etl to 2025-09-03 17:45:00+00:00, run_after=2025-09-03 17:46:00+00:00
[2025-09-03T17:46:09.069+0000] {processor.py:208} INFO - Processing /opt/airflow/dags/get_data_faker.py took 0.182 seconds
[2025-09-03T17:46:39.480+0000] {processor.py:186} INFO - Started process (PID=1989) to work on /opt/airflow/dags/get_data_faker.py
[2025-09-03T17:46:39.481+0000] {processor.py:914} INFO - Processing file /opt/airflow/dags/get_data_faker.py for tasks to queue
[2025-09-03T17:46:39.484+0000] {logging_mixin.py:190} INFO - [2025-09-03T17:46:39.483+0000] {dagbag.py:588} INFO - Filling up the DagBag from /opt/airflow/dags/get_data_faker.py
[2025-09-03T17:46:39.629+0000] {processor.py:925} INFO - DAG(s) 'sales_data_etl' retrieved from /opt/airflow/dags/get_data_faker.py
[2025-09-03T17:46:39.656+0000] {logging_mixin.py:190} INFO - [2025-09-03T17:46:39.656+0000] {dag.py:3239} INFO - Sync 1 DAGs
[2025-09-03T17:46:39.689+0000] {logging_mixin.py:190} INFO - [2025-09-03T17:46:39.688+0000] {dag.py:4180} INFO - Setting next_dagrun for sales_data_etl to 2025-09-03 17:45:00+00:00, run_after=2025-09-03 17:46:00+00:00
[2025-09-03T17:46:39.719+0000] {processor.py:208} INFO - Processing /opt/airflow/dags/get_data_faker.py took 0.244 seconds
[2025-09-03T17:47:10.185+0000] {processor.py:186} INFO - Started process (PID=2096) to work on /opt/airflow/dags/get_data_faker.py
[2025-09-03T17:47:10.186+0000] {processor.py:914} INFO - Processing file /opt/airflow/dags/get_data_faker.py for tasks to queue
[2025-09-03T17:47:10.190+0000] {logging_mixin.py:190} INFO - [2025-09-03T17:47:10.189+0000] {dagbag.py:588} INFO - Filling up the DagBag from /opt/airflow/dags/get_data_faker.py
[2025-09-03T17:47:10.310+0000] {processor.py:925} INFO - DAG(s) 'sales_data_etl' retrieved from /opt/airflow/dags/get_data_faker.py
[2025-09-03T17:47:10.340+0000] {logging_mixin.py:190} INFO - [2025-09-03T17:47:10.340+0000] {dag.py:3239} INFO - Sync 1 DAGs
[2025-09-03T17:47:10.375+0000] {logging_mixin.py:190} INFO - [2025-09-03T17:47:10.374+0000] {dag.py:4180} INFO - Setting next_dagrun for sales_data_etl to 2025-09-03 17:46:00+00:00, run_after=2025-09-03 17:47:00+00:00
[2025-09-03T17:47:10.397+0000] {processor.py:208} INFO - Processing /opt/airflow/dags/get_data_faker.py took 0.220 seconds
[2025-09-03T17:47:40.886+0000] {processor.py:186} INFO - Started process (PID=2203) to work on /opt/airflow/dags/get_data_faker.py
[2025-09-03T17:47:40.887+0000] {processor.py:914} INFO - Processing file /opt/airflow/dags/get_data_faker.py for tasks to queue
[2025-09-03T17:47:40.890+0000] {logging_mixin.py:190} INFO - [2025-09-03T17:47:40.890+0000] {dagbag.py:588} INFO - Filling up the DagBag from /opt/airflow/dags/get_data_faker.py
[2025-09-03T17:47:40.974+0000] {processor.py:925} INFO - DAG(s) 'sales_data_etl' retrieved from /opt/airflow/dags/get_data_faker.py
[2025-09-03T17:47:40.998+0000] {logging_mixin.py:190} INFO - [2025-09-03T17:47:40.998+0000] {dag.py:3239} INFO - Sync 1 DAGs
[2025-09-03T17:47:41.036+0000] {logging_mixin.py:190} INFO - [2025-09-03T17:47:41.035+0000] {dag.py:4180} INFO - Setting next_dagrun for sales_data_etl to 2025-09-03 17:46:00+00:00, run_after=2025-09-03 17:47:00+00:00
[2025-09-03T17:47:41.059+0000] {processor.py:208} INFO - Processing /opt/airflow/dags/get_data_faker.py took 0.180 seconds
[2025-09-03T17:48:11.748+0000] {processor.py:186} INFO - Started process (PID=2310) to work on /opt/airflow/dags/get_data_faker.py
[2025-09-03T17:48:11.749+0000] {processor.py:914} INFO - Processing file /opt/airflow/dags/get_data_faker.py for tasks to queue
[2025-09-03T17:48:11.753+0000] {logging_mixin.py:190} INFO - [2025-09-03T17:48:11.753+0000] {dagbag.py:588} INFO - Filling up the DagBag from /opt/airflow/dags/get_data_faker.py
[2025-09-03T17:48:11.868+0000] {processor.py:925} INFO - DAG(s) 'sales_data_etl' retrieved from /opt/airflow/dags/get_data_faker.py
[2025-09-03T17:48:11.893+0000] {logging_mixin.py:190} INFO - [2025-09-03T17:48:11.893+0000] {dag.py:3239} INFO - Sync 1 DAGs
[2025-09-03T17:48:11.925+0000] {logging_mixin.py:190} INFO - [2025-09-03T17:48:11.925+0000] {dag.py:4180} INFO - Setting next_dagrun for sales_data_etl to 2025-09-03 17:47:00+00:00, run_after=2025-09-03 17:48:00+00:00
[2025-09-03T17:48:11.952+0000] {processor.py:208} INFO - Processing /opt/airflow/dags/get_data_faker.py took 0.211 seconds
[2025-09-03T17:48:42.899+0000] {processor.py:186} INFO - Started process (PID=2418) to work on /opt/airflow/dags/get_data_faker.py
[2025-09-03T17:48:42.900+0000] {processor.py:914} INFO - Processing file /opt/airflow/dags/get_data_faker.py for tasks to queue
[2025-09-03T17:48:42.902+0000] {logging_mixin.py:190} INFO - [2025-09-03T17:48:42.902+0000] {dagbag.py:588} INFO - Filling up the DagBag from /opt/airflow/dags/get_data_faker.py
[2025-09-03T17:48:43.005+0000] {processor.py:925} INFO - DAG(s) 'sales_data_etl' retrieved from /opt/airflow/dags/get_data_faker.py
[2025-09-03T17:48:43.036+0000] {logging_mixin.py:190} INFO - [2025-09-03T17:48:43.036+0000] {dag.py:3239} INFO - Sync 1 DAGs
[2025-09-03T17:48:43.058+0000] {logging_mixin.py:190} INFO - [2025-09-03T17:48:43.058+0000] {dag.py:4180} INFO - Setting next_dagrun for sales_data_etl to 2025-09-03 17:47:00+00:00, run_after=2025-09-03 17:48:00+00:00
[2025-09-03T17:48:43.074+0000] {processor.py:208} INFO - Processing /opt/airflow/dags/get_data_faker.py took 0.185 seconds
[2025-09-03T17:49:13.732+0000] {processor.py:186} INFO - Started process (PID=2523) to work on /opt/airflow/dags/get_data_faker.py
[2025-09-03T17:49:13.735+0000] {processor.py:914} INFO - Processing file /opt/airflow/dags/get_data_faker.py for tasks to queue
[2025-09-03T17:49:13.740+0000] {logging_mixin.py:190} INFO - [2025-09-03T17:49:13.740+0000] {dagbag.py:588} INFO - Filling up the DagBag from /opt/airflow/dags/get_data_faker.py
[2025-09-03T17:49:13.847+0000] {processor.py:925} INFO - DAG(s) 'sales_data_etl' retrieved from /opt/airflow/dags/get_data_faker.py
[2025-09-03T17:49:13.874+0000] {logging_mixin.py:190} INFO - [2025-09-03T17:49:13.873+0000] {dag.py:3239} INFO - Sync 1 DAGs
[2025-09-03T17:49:13.903+0000] {logging_mixin.py:190} INFO - [2025-09-03T17:49:13.903+0000] {dag.py:4180} INFO - Setting next_dagrun for sales_data_etl to 2025-09-03 17:48:00+00:00, run_after=2025-09-03 17:49:00+00:00
[2025-09-03T17:49:13.923+0000] {processor.py:208} INFO - Processing /opt/airflow/dags/get_data_faker.py took 0.206 seconds
[2025-09-03T17:49:44.561+0000] {processor.py:186} INFO - Started process (PID=2632) to work on /opt/airflow/dags/get_data_faker.py
[2025-09-03T17:49:44.562+0000] {processor.py:914} INFO - Processing file /opt/airflow/dags/get_data_faker.py for tasks to queue
[2025-09-03T17:49:44.565+0000] {logging_mixin.py:190} INFO - [2025-09-03T17:49:44.564+0000] {dagbag.py:588} INFO - Filling up the DagBag from /opt/airflow/dags/get_data_faker.py
[2025-09-03T17:49:44.661+0000] {processor.py:925} INFO - DAG(s) 'sales_data_etl' retrieved from /opt/airflow/dags/get_data_faker.py
[2025-09-03T17:49:44.692+0000] {logging_mixin.py:190} INFO - [2025-09-03T17:49:44.691+0000] {dag.py:3239} INFO - Sync 1 DAGs
[2025-09-03T17:49:44.714+0000] {logging_mixin.py:190} INFO - [2025-09-03T17:49:44.714+0000] {dag.py:4180} INFO - Setting next_dagrun for sales_data_etl to 2025-09-03 17:48:00+00:00, run_after=2025-09-03 17:49:00+00:00
[2025-09-03T17:49:44.731+0000] {processor.py:208} INFO - Processing /opt/airflow/dags/get_data_faker.py took 0.179 seconds
[2025-09-03T17:50:15.383+0000] {processor.py:186} INFO - Started process (PID=2742) to work on /opt/airflow/dags/get_data_faker.py
[2025-09-03T17:50:15.384+0000] {processor.py:914} INFO - Processing file /opt/airflow/dags/get_data_faker.py for tasks to queue
[2025-09-03T17:50:15.387+0000] {logging_mixin.py:190} INFO - [2025-09-03T17:50:15.387+0000] {dagbag.py:588} INFO - Filling up the DagBag from /opt/airflow/dags/get_data_faker.py
[2025-09-03T17:50:15.461+0000] {processor.py:925} INFO - DAG(s) 'sales_data_etl' retrieved from /opt/airflow/dags/get_data_faker.py
[2025-09-03T17:50:15.478+0000] {logging_mixin.py:190} INFO - [2025-09-03T17:50:15.478+0000] {dag.py:3239} INFO - Sync 1 DAGs
[2025-09-03T17:50:15.499+0000] {logging_mixin.py:190} INFO - [2025-09-03T17:50:15.499+0000] {dag.py:4180} INFO - Setting next_dagrun for sales_data_etl to 2025-09-03 17:49:00+00:00, run_after=2025-09-03 17:50:00+00:00
[2025-09-03T17:50:15.515+0000] {processor.py:208} INFO - Processing /opt/airflow/dags/get_data_faker.py took 0.137 seconds
[2025-09-03T17:50:46.306+0000] {processor.py:186} INFO - Started process (PID=2851) to work on /opt/airflow/dags/get_data_faker.py
[2025-09-03T17:50:46.307+0000] {processor.py:914} INFO - Processing file /opt/airflow/dags/get_data_faker.py for tasks to queue
[2025-09-03T17:50:46.308+0000] {logging_mixin.py:190} INFO - [2025-09-03T17:50:46.308+0000] {dagbag.py:588} INFO - Filling up the DagBag from /opt/airflow/dags/get_data_faker.py
[2025-09-03T17:50:46.376+0000] {processor.py:925} INFO - DAG(s) 'sales_data_etl' retrieved from /opt/airflow/dags/get_data_faker.py
[2025-09-03T17:50:46.394+0000] {logging_mixin.py:190} INFO - [2025-09-03T17:50:46.394+0000] {dag.py:3239} INFO - Sync 1 DAGs
[2025-09-03T17:50:46.413+0000] {logging_mixin.py:190} INFO - [2025-09-03T17:50:46.413+0000] {dag.py:4180} INFO - Setting next_dagrun for sales_data_etl to 2025-09-03 17:49:00+00:00, run_after=2025-09-03 17:50:00+00:00
[2025-09-03T17:50:46.431+0000] {processor.py:208} INFO - Processing /opt/airflow/dags/get_data_faker.py took 0.129 seconds
[2025-09-03T17:51:17.139+0000] {processor.py:186} INFO - Started process (PID=2953) to work on /opt/airflow/dags/get_data_faker.py
[2025-09-03T17:51:17.140+0000] {processor.py:914} INFO - Processing file /opt/airflow/dags/get_data_faker.py for tasks to queue
[2025-09-03T17:51:17.142+0000] {logging_mixin.py:190} INFO - [2025-09-03T17:51:17.142+0000] {dagbag.py:588} INFO - Filling up the DagBag from /opt/airflow/dags/get_data_faker.py
[2025-09-03T17:51:17.217+0000] {processor.py:925} INFO - DAG(s) 'sales_data_etl' retrieved from /opt/airflow/dags/get_data_faker.py
[2025-09-03T17:51:17.239+0000] {logging_mixin.py:190} INFO - [2025-09-03T17:51:17.239+0000] {dag.py:3239} INFO - Sync 1 DAGs
[2025-09-03T17:51:17.259+0000] {logging_mixin.py:190} INFO - [2025-09-03T17:51:17.259+0000] {dag.py:4180} INFO - Setting next_dagrun for sales_data_etl to 2025-09-03 17:50:00+00:00, run_after=2025-09-03 17:51:00+00:00
[2025-09-03T17:51:17.273+0000] {processor.py:208} INFO - Processing /opt/airflow/dags/get_data_faker.py took 0.138 seconds
[2025-09-03T17:51:48.042+0000] {processor.py:186} INFO - Started process (PID=3058) to work on /opt/airflow/dags/get_data_faker.py
[2025-09-03T17:51:48.043+0000] {processor.py:914} INFO - Processing file /opt/airflow/dags/get_data_faker.py for tasks to queue
[2025-09-03T17:51:48.046+0000] {logging_mixin.py:190} INFO - [2025-09-03T17:51:48.046+0000] {dagbag.py:588} INFO - Filling up the DagBag from /opt/airflow/dags/get_data_faker.py
[2025-09-03T17:51:48.167+0000] {processor.py:925} INFO - DAG(s) 'sales_data_etl' retrieved from /opt/airflow/dags/get_data_faker.py
[2025-09-03T17:51:48.185+0000] {logging_mixin.py:190} INFO - [2025-09-03T17:51:48.185+0000] {dag.py:3239} INFO - Sync 1 DAGs
[2025-09-03T17:51:48.210+0000] {logging_mixin.py:190} INFO - [2025-09-03T17:51:48.210+0000] {dag.py:4180} INFO - Setting next_dagrun for sales_data_etl to 2025-09-03 17:50:00+00:00, run_after=2025-09-03 17:51:00+00:00
[2025-09-03T17:51:48.227+0000] {processor.py:208} INFO - Processing /opt/airflow/dags/get_data_faker.py took 0.192 seconds
[2025-09-03T17:52:19.148+0000] {processor.py:186} INFO - Started process (PID=3164) to work on /opt/airflow/dags/get_data_faker.py
[2025-09-03T17:52:19.149+0000] {processor.py:914} INFO - Processing file /opt/airflow/dags/get_data_faker.py for tasks to queue
[2025-09-03T17:52:19.153+0000] {logging_mixin.py:190} INFO - [2025-09-03T17:52:19.152+0000] {dagbag.py:588} INFO - Filling up the DagBag from /opt/airflow/dags/get_data_faker.py
[2025-09-03T17:52:19.298+0000] {processor.py:925} INFO - DAG(s) 'sales_data_etl' retrieved from /opt/airflow/dags/get_data_faker.py
[2025-09-03T17:52:19.330+0000] {logging_mixin.py:190} INFO - [2025-09-03T17:52:19.329+0000] {dag.py:3239} INFO - Sync 1 DAGs
[2025-09-03T17:52:19.368+0000] {logging_mixin.py:190} INFO - [2025-09-03T17:52:19.368+0000] {dag.py:4180} INFO - Setting next_dagrun for sales_data_etl to 2025-09-03 17:51:00+00:00, run_after=2025-09-03 17:52:00+00:00
[2025-09-03T17:52:19.394+0000] {processor.py:208} INFO - Processing /opt/airflow/dags/get_data_faker.py took 0.255 seconds
[2025-09-03T17:52:50.195+0000] {processor.py:186} INFO - Started process (PID=3273) to work on /opt/airflow/dags/get_data_faker.py
[2025-09-03T17:52:50.196+0000] {processor.py:914} INFO - Processing file /opt/airflow/dags/get_data_faker.py for tasks to queue
[2025-09-03T17:52:50.199+0000] {logging_mixin.py:190} INFO - [2025-09-03T17:52:50.198+0000] {dagbag.py:588} INFO - Filling up the DagBag from /opt/airflow/dags/get_data_faker.py
[2025-09-03T17:52:50.277+0000] {processor.py:925} INFO - DAG(s) 'sales_data_etl' retrieved from /opt/airflow/dags/get_data_faker.py
[2025-09-03T17:52:50.299+0000] {logging_mixin.py:190} INFO - [2025-09-03T17:52:50.299+0000] {dag.py:3239} INFO - Sync 1 DAGs
[2025-09-03T17:52:50.322+0000] {logging_mixin.py:190} INFO - [2025-09-03T17:52:50.321+0000] {dag.py:4180} INFO - Setting next_dagrun for sales_data_etl to 2025-09-03 17:51:00+00:00, run_after=2025-09-03 17:52:00+00:00
[2025-09-03T17:52:50.336+0000] {processor.py:208} INFO - Processing /opt/airflow/dags/get_data_faker.py took 0.146 seconds
[2025-09-03T17:53:21.347+0000] {processor.py:186} INFO - Started process (PID=3380) to work on /opt/airflow/dags/get_data_faker.py
[2025-09-03T17:53:21.348+0000] {processor.py:914} INFO - Processing file /opt/airflow/dags/get_data_faker.py for tasks to queue
[2025-09-03T17:53:21.351+0000] {logging_mixin.py:190} INFO - [2025-09-03T17:53:21.351+0000] {dagbag.py:588} INFO - Filling up the DagBag from /opt/airflow/dags/get_data_faker.py
[2025-09-03T17:53:21.438+0000] {processor.py:925} INFO - DAG(s) 'sales_data_etl' retrieved from /opt/airflow/dags/get_data_faker.py
[2025-09-03T17:53:21.462+0000] {logging_mixin.py:190} INFO - [2025-09-03T17:53:21.461+0000] {dag.py:3239} INFO - Sync 1 DAGs
[2025-09-03T17:53:21.483+0000] {logging_mixin.py:190} INFO - [2025-09-03T17:53:21.483+0000] {dag.py:4180} INFO - Setting next_dagrun for sales_data_etl to 2025-09-03 17:52:00+00:00, run_after=2025-09-03 17:53:00+00:00
[2025-09-03T17:53:21.502+0000] {processor.py:208} INFO - Processing /opt/airflow/dags/get_data_faker.py took 0.164 seconds
[2025-09-03T17:53:52.394+0000] {processor.py:186} INFO - Started process (PID=3487) to work on /opt/airflow/dags/get_data_faker.py
[2025-09-03T17:53:52.395+0000] {processor.py:914} INFO - Processing file /opt/airflow/dags/get_data_faker.py for tasks to queue
[2025-09-03T17:53:52.396+0000] {logging_mixin.py:190} INFO - [2025-09-03T17:53:52.396+0000] {dagbag.py:588} INFO - Filling up the DagBag from /opt/airflow/dags/get_data_faker.py
[2025-09-03T17:53:52.476+0000] {processor.py:925} INFO - DAG(s) 'sales_data_etl' retrieved from /opt/airflow/dags/get_data_faker.py
[2025-09-03T17:53:52.609+0000] {logging_mixin.py:190} INFO - [2025-09-03T17:53:52.609+0000] {dag.py:3239} INFO - Sync 1 DAGs
[2025-09-03T17:53:52.628+0000] {logging_mixin.py:190} INFO - [2025-09-03T17:53:52.628+0000] {dag.py:4180} INFO - Setting next_dagrun for sales_data_etl to 2025-09-03 17:52:00+00:00, run_after=2025-09-03 17:53:00+00:00
[2025-09-03T17:53:52.643+0000] {processor.py:208} INFO - Processing /opt/airflow/dags/get_data_faker.py took 0.257 seconds
[2025-09-03T17:54:22.857+0000] {processor.py:186} INFO - Started process (PID=3594) to work on /opt/airflow/dags/get_data_faker.py
[2025-09-03T17:54:22.858+0000] {processor.py:914} INFO - Processing file /opt/airflow/dags/get_data_faker.py for tasks to queue
[2025-09-03T17:54:22.860+0000] {logging_mixin.py:190} INFO - [2025-09-03T17:54:22.860+0000] {dagbag.py:588} INFO - Filling up the DagBag from /opt/airflow/dags/get_data_faker.py
[2025-09-03T17:54:22.940+0000] {processor.py:925} INFO - DAG(s) 'sales_data_etl' retrieved from /opt/airflow/dags/get_data_faker.py
[2025-09-03T17:54:22.965+0000] {logging_mixin.py:190} INFO - [2025-09-03T17:54:22.965+0000] {dag.py:3239} INFO - Sync 1 DAGs
[2025-09-03T17:54:22.983+0000] {logging_mixin.py:190} INFO - [2025-09-03T17:54:22.983+0000] {dag.py:4180} INFO - Setting next_dagrun for sales_data_etl to 2025-09-03 17:53:00+00:00, run_after=2025-09-03 17:54:00+00:00
[2025-09-03T17:54:22.999+0000] {processor.py:208} INFO - Processing /opt/airflow/dags/get_data_faker.py took 0.146 seconds
[2025-09-03T17:55:57.517+0000] {processor.py:186} INFO - Started process (PID=279) to work on /opt/airflow/dags/get_data_faker.py
[2025-09-03T17:55:57.520+0000] {processor.py:914} INFO - Processing file /opt/airflow/dags/get_data_faker.py for tasks to queue
[2025-09-03T17:55:57.523+0000] {logging_mixin.py:190} INFO - [2025-09-03T17:55:57.523+0000] {dagbag.py:588} INFO - Filling up the DagBag from /opt/airflow/dags/get_data_faker.py
[2025-09-03T17:55:57.653+0000] {processor.py:925} INFO - DAG(s) 'sales_data_etl' retrieved from /opt/airflow/dags/get_data_faker.py
[2025-09-03T17:55:57.685+0000] {logging_mixin.py:190} INFO - [2025-09-03T17:55:57.685+0000] {dag.py:3239} INFO - Sync 1 DAGs
[2025-09-03T17:55:57.714+0000] {logging_mixin.py:190} INFO - [2025-09-03T17:55:57.714+0000] {dag.py:4180} INFO - Setting next_dagrun for sales_data_etl to 2025-09-03 17:54:00+00:00, run_after=2025-09-03 17:55:00+00:00
[2025-09-03T17:55:57.754+0000] {processor.py:208} INFO - Processing /opt/airflow/dags/get_data_faker.py took 0.243 seconds
[2025-09-03T17:56:28.078+0000] {processor.py:186} INFO - Started process (PID=387) to work on /opt/airflow/dags/get_data_faker.py
[2025-09-03T17:56:28.079+0000] {processor.py:914} INFO - Processing file /opt/airflow/dags/get_data_faker.py for tasks to queue
[2025-09-03T17:56:28.083+0000] {logging_mixin.py:190} INFO - [2025-09-03T17:56:28.082+0000] {dagbag.py:588} INFO - Filling up the DagBag from /opt/airflow/dags/get_data_faker.py
[2025-09-03T17:56:28.209+0000] {processor.py:925} INFO - DAG(s) 'sales_data_etl' retrieved from /opt/airflow/dags/get_data_faker.py
[2025-09-03T17:56:28.243+0000] {logging_mixin.py:190} INFO - [2025-09-03T17:56:28.243+0000] {dag.py:3239} INFO - Sync 1 DAGs
[2025-09-03T17:56:28.278+0000] {logging_mixin.py:190} INFO - [2025-09-03T17:56:28.278+0000] {dag.py:4180} INFO - Setting next_dagrun for sales_data_etl to 2025-09-03 17:55:00+00:00, run_after=2025-09-03 17:56:00+00:00
[2025-09-03T17:56:28.304+0000] {processor.py:208} INFO - Processing /opt/airflow/dags/get_data_faker.py took 0.233 seconds
[2025-09-03T17:56:59.194+0000] {processor.py:186} INFO - Started process (PID=494) to work on /opt/airflow/dags/get_data_faker.py
[2025-09-03T17:56:59.196+0000] {processor.py:914} INFO - Processing file /opt/airflow/dags/get_data_faker.py for tasks to queue
[2025-09-03T17:56:59.199+0000] {logging_mixin.py:190} INFO - [2025-09-03T17:56:59.199+0000] {dagbag.py:588} INFO - Filling up the DagBag from /opt/airflow/dags/get_data_faker.py
[2025-09-03T17:56:59.287+0000] {processor.py:925} INFO - DAG(s) 'sales_data_etl' retrieved from /opt/airflow/dags/get_data_faker.py
[2025-09-03T17:56:59.309+0000] {logging_mixin.py:190} INFO - [2025-09-03T17:56:59.308+0000] {dag.py:3239} INFO - Sync 1 DAGs
[2025-09-03T17:56:59.348+0000] {logging_mixin.py:190} INFO - [2025-09-03T17:56:59.347+0000] {dag.py:4180} INFO - Setting next_dagrun for sales_data_etl to 2025-09-03 17:55:00+00:00, run_after=2025-09-03 17:56:00+00:00
[2025-09-03T17:56:59.372+0000] {processor.py:208} INFO - Processing /opt/airflow/dags/get_data_faker.py took 0.185 seconds
[2025-09-03T17:57:30.325+0000] {processor.py:186} INFO - Started process (PID=601) to work on /opt/airflow/dags/get_data_faker.py
[2025-09-03T17:57:30.326+0000] {processor.py:914} INFO - Processing file /opt/airflow/dags/get_data_faker.py for tasks to queue
[2025-09-03T17:57:30.328+0000] {logging_mixin.py:190} INFO - [2025-09-03T17:57:30.328+0000] {dagbag.py:588} INFO - Filling up the DagBag from /opt/airflow/dags/get_data_faker.py
[2025-09-03T17:57:30.412+0000] {processor.py:925} INFO - DAG(s) 'sales_data_etl' retrieved from /opt/airflow/dags/get_data_faker.py
[2025-09-03T17:57:30.434+0000] {logging_mixin.py:190} INFO - [2025-09-03T17:57:30.434+0000] {dag.py:3239} INFO - Sync 1 DAGs
[2025-09-03T17:57:30.581+0000] {logging_mixin.py:190} INFO - [2025-09-03T17:57:30.581+0000] {dag.py:4180} INFO - Setting next_dagrun for sales_data_etl to 2025-09-03 17:56:00+00:00, run_after=2025-09-03 17:57:00+00:00
[2025-09-03T17:57:30.596+0000] {processor.py:208} INFO - Processing /opt/airflow/dags/get_data_faker.py took 0.276 seconds
[2025-09-03T17:58:00.816+0000] {processor.py:186} INFO - Started process (PID=710) to work on /opt/airflow/dags/get_data_faker.py
[2025-09-03T17:58:00.817+0000] {processor.py:914} INFO - Processing file /opt/airflow/dags/get_data_faker.py for tasks to queue
[2025-09-03T17:58:00.819+0000] {logging_mixin.py:190} INFO - [2025-09-03T17:58:00.819+0000] {dagbag.py:588} INFO - Filling up the DagBag from /opt/airflow/dags/get_data_faker.py
[2025-09-03T17:58:00.901+0000] {processor.py:925} INFO - DAG(s) 'sales_data_etl' retrieved from /opt/airflow/dags/get_data_faker.py
[2025-09-03T17:58:00.942+0000] {logging_mixin.py:190} INFO - [2025-09-03T17:58:00.942+0000] {dag.py:3239} INFO - Sync 1 DAGs
[2025-09-03T17:58:00.982+0000] {logging_mixin.py:190} INFO - [2025-09-03T17:58:00.982+0000] {dag.py:4180} INFO - Setting next_dagrun for sales_data_etl to 2025-09-03 17:57:00+00:00, run_after=2025-09-03 17:58:00+00:00
[2025-09-03T17:58:01.120+0000] {processor.py:208} INFO - Processing /opt/airflow/dags/get_data_faker.py took 0.311 seconds
[2025-09-03T17:58:31.944+0000] {processor.py:186} INFO - Started process (PID=815) to work on /opt/airflow/dags/get_data_faker.py
[2025-09-03T17:58:31.945+0000] {processor.py:914} INFO - Processing file /opt/airflow/dags/get_data_faker.py for tasks to queue
[2025-09-03T17:58:31.947+0000] {logging_mixin.py:190} INFO - [2025-09-03T17:58:31.947+0000] {dagbag.py:588} INFO - Filling up the DagBag from /opt/airflow/dags/get_data_faker.py
[2025-09-03T17:58:32.037+0000] {processor.py:925} INFO - DAG(s) 'sales_data_etl' retrieved from /opt/airflow/dags/get_data_faker.py
[2025-09-03T17:58:32.057+0000] {logging_mixin.py:190} INFO - [2025-09-03T17:58:32.057+0000] {dag.py:3239} INFO - Sync 1 DAGs
[2025-09-03T17:58:32.084+0000] {logging_mixin.py:190} INFO - [2025-09-03T17:58:32.084+0000] {dag.py:4180} INFO - Setting next_dagrun for sales_data_etl to 2025-09-03 17:57:00+00:00, run_after=2025-09-03 17:58:00+00:00
[2025-09-03T17:58:32.106+0000] {processor.py:208} INFO - Processing /opt/airflow/dags/get_data_faker.py took 0.169 seconds
[2025-09-03T17:59:03.263+0000] {processor.py:186} INFO - Started process (PID=924) to work on /opt/airflow/dags/get_data_faker.py
[2025-09-03T17:59:03.264+0000] {processor.py:914} INFO - Processing file /opt/airflow/dags/get_data_faker.py for tasks to queue
[2025-09-03T17:59:03.268+0000] {logging_mixin.py:190} INFO - [2025-09-03T17:59:03.267+0000] {dagbag.py:588} INFO - Filling up the DagBag from /opt/airflow/dags/get_data_faker.py
[2025-09-03T17:59:03.369+0000] {processor.py:925} INFO - DAG(s) 'sales_data_etl' retrieved from /opt/airflow/dags/get_data_faker.py
[2025-09-03T17:59:03.388+0000] {logging_mixin.py:190} INFO - [2025-09-03T17:59:03.387+0000] {dag.py:3239} INFO - Sync 1 DAGs
[2025-09-03T17:59:03.414+0000] {logging_mixin.py:190} INFO - [2025-09-03T17:59:03.413+0000] {dag.py:4180} INFO - Setting next_dagrun for sales_data_etl to 2025-09-03 17:58:00+00:00, run_after=2025-09-03 17:59:00+00:00
[2025-09-03T17:59:03.433+0000] {processor.py:208} INFO - Processing /opt/airflow/dags/get_data_faker.py took 0.176 seconds
[2025-09-03T17:59:34.404+0000] {processor.py:186} INFO - Started process (PID=1029) to work on /opt/airflow/dags/get_data_faker.py
[2025-09-03T17:59:34.405+0000] {processor.py:914} INFO - Processing file /opt/airflow/dags/get_data_faker.py for tasks to queue
[2025-09-03T17:59:34.407+0000] {logging_mixin.py:190} INFO - [2025-09-03T17:59:34.407+0000] {dagbag.py:588} INFO - Filling up the DagBag from /opt/airflow/dags/get_data_faker.py
[2025-09-03T17:59:34.499+0000] {processor.py:925} INFO - DAG(s) 'sales_data_etl' retrieved from /opt/airflow/dags/get_data_faker.py
[2025-09-03T17:59:34.520+0000] {logging_mixin.py:190} INFO - [2025-09-03T17:59:34.520+0000] {dag.py:3239} INFO - Sync 1 DAGs
[2025-09-03T17:59:34.545+0000] {logging_mixin.py:190} INFO - [2025-09-03T17:59:34.545+0000] {dag.py:4180} INFO - Setting next_dagrun for sales_data_etl to 2025-09-03 17:58:00+00:00, run_after=2025-09-03 17:59:00+00:00
[2025-09-03T17:59:34.566+0000] {processor.py:208} INFO - Processing /opt/airflow/dags/get_data_faker.py took 0.168 seconds
[2025-09-03T18:00:05.261+0000] {processor.py:186} INFO - Started process (PID=1138) to work on /opt/airflow/dags/get_data_faker.py
[2025-09-03T18:00:05.263+0000] {processor.py:914} INFO - Processing file /opt/airflow/dags/get_data_faker.py for tasks to queue
[2025-09-03T18:00:05.266+0000] {logging_mixin.py:190} INFO - [2025-09-03T18:00:05.266+0000] {dagbag.py:588} INFO - Filling up the DagBag from /opt/airflow/dags/get_data_faker.py
[2025-09-03T18:00:05.347+0000] {processor.py:925} INFO - DAG(s) 'sales_data_etl' retrieved from /opt/airflow/dags/get_data_faker.py
[2025-09-03T18:00:05.369+0000] {logging_mixin.py:190} INFO - [2025-09-03T18:00:05.368+0000] {dag.py:3239} INFO - Sync 1 DAGs
[2025-09-03T18:00:05.388+0000] {logging_mixin.py:190} INFO - [2025-09-03T18:00:05.388+0000] {dag.py:4180} INFO - Setting next_dagrun for sales_data_etl to 2025-09-03 17:59:00+00:00, run_after=2025-09-03 18:00:00+00:00
[2025-09-03T18:00:05.405+0000] {processor.py:208} INFO - Processing /opt/airflow/dags/get_data_faker.py took 0.149 seconds
[2025-09-03T18:00:36.043+0000] {processor.py:186} INFO - Started process (PID=1243) to work on /opt/airflow/dags/get_data_faker.py
[2025-09-03T18:00:36.044+0000] {processor.py:914} INFO - Processing file /opt/airflow/dags/get_data_faker.py for tasks to queue
[2025-09-03T18:00:36.047+0000] {logging_mixin.py:190} INFO - [2025-09-03T18:00:36.047+0000] {dagbag.py:588} INFO - Filling up the DagBag from /opt/airflow/dags/get_data_faker.py
[2025-09-03T18:00:36.135+0000] {processor.py:925} INFO - DAG(s) 'sales_data_etl' retrieved from /opt/airflow/dags/get_data_faker.py
[2025-09-03T18:00:36.162+0000] {logging_mixin.py:190} INFO - [2025-09-03T18:00:36.162+0000] {dag.py:3239} INFO - Sync 1 DAGs
[2025-09-03T18:00:36.188+0000] {logging_mixin.py:190} INFO - [2025-09-03T18:00:36.188+0000] {dag.py:4180} INFO - Setting next_dagrun for sales_data_etl to 2025-09-03 17:59:00+00:00, run_after=2025-09-03 18:00:00+00:00
[2025-09-03T18:00:36.211+0000] {processor.py:208} INFO - Processing /opt/airflow/dags/get_data_faker.py took 0.176 seconds
[2025-09-03T18:01:06.861+0000] {processor.py:186} INFO - Started process (PID=1350) to work on /opt/airflow/dags/get_data_faker.py
[2025-09-03T18:01:06.862+0000] {processor.py:914} INFO - Processing file /opt/airflow/dags/get_data_faker.py for tasks to queue
[2025-09-03T18:01:06.864+0000] {logging_mixin.py:190} INFO - [2025-09-03T18:01:06.864+0000] {dagbag.py:588} INFO - Filling up the DagBag from /opt/airflow/dags/get_data_faker.py
[2025-09-03T18:01:06.968+0000] {processor.py:925} INFO - DAG(s) 'sales_data_etl' retrieved from /opt/airflow/dags/get_data_faker.py
[2025-09-03T18:01:06.997+0000] {logging_mixin.py:190} INFO - [2025-09-03T18:01:06.997+0000] {dag.py:3239} INFO - Sync 1 DAGs
[2025-09-03T18:01:07.026+0000] {logging_mixin.py:190} INFO - [2025-09-03T18:01:07.024+0000] {dag.py:4180} INFO - Setting next_dagrun for sales_data_etl to 2025-09-03 18:00:00+00:00, run_after=2025-09-03 18:01:00+00:00
[2025-09-03T18:01:07.054+0000] {processor.py:208} INFO - Processing /opt/airflow/dags/get_data_faker.py took 0.199 seconds
[2025-09-03T18:01:37.733+0000] {processor.py:186} INFO - Started process (PID=1459) to work on /opt/airflow/dags/get_data_faker.py
[2025-09-03T18:01:37.734+0000] {processor.py:914} INFO - Processing file /opt/airflow/dags/get_data_faker.py for tasks to queue
[2025-09-03T18:01:37.737+0000] {logging_mixin.py:190} INFO - [2025-09-03T18:01:37.737+0000] {dagbag.py:588} INFO - Filling up the DagBag from /opt/airflow/dags/get_data_faker.py
[2025-09-03T18:01:37.818+0000] {processor.py:925} INFO - DAG(s) 'sales_data_etl' retrieved from /opt/airflow/dags/get_data_faker.py
[2025-09-03T18:01:37.841+0000] {logging_mixin.py:190} INFO - [2025-09-03T18:01:37.841+0000] {dag.py:3239} INFO - Sync 1 DAGs
[2025-09-03T18:01:37.868+0000] {logging_mixin.py:190} INFO - [2025-09-03T18:01:37.867+0000] {dag.py:4180} INFO - Setting next_dagrun for sales_data_etl to 2025-09-03 18:00:00+00:00, run_after=2025-09-03 18:01:00+00:00
[2025-09-03T18:01:37.886+0000] {processor.py:208} INFO - Processing /opt/airflow/dags/get_data_faker.py took 0.157 seconds
[2025-09-03T18:02:08.361+0000] {processor.py:186} INFO - Started process (PID=1564) to work on /opt/airflow/dags/get_data_faker.py
[2025-09-03T18:02:08.362+0000] {processor.py:914} INFO - Processing file /opt/airflow/dags/get_data_faker.py for tasks to queue
[2025-09-03T18:02:08.364+0000] {logging_mixin.py:190} INFO - [2025-09-03T18:02:08.364+0000] {dagbag.py:588} INFO - Filling up the DagBag from /opt/airflow/dags/get_data_faker.py
[2025-09-03T18:02:08.444+0000] {processor.py:925} INFO - DAG(s) 'sales_data_etl' retrieved from /opt/airflow/dags/get_data_faker.py
[2025-09-03T18:02:08.471+0000] {logging_mixin.py:190} INFO - [2025-09-03T18:02:08.471+0000] {dag.py:3239} INFO - Sync 1 DAGs
[2025-09-03T18:02:08.504+0000] {logging_mixin.py:190} INFO - [2025-09-03T18:02:08.503+0000] {dag.py:4180} INFO - Setting next_dagrun for sales_data_etl to 2025-09-03 18:01:00+00:00, run_after=2025-09-03 18:02:00+00:00
[2025-09-03T18:02:08.522+0000] {processor.py:208} INFO - Processing /opt/airflow/dags/get_data_faker.py took 0.169 seconds
[2025-09-03T18:02:39.030+0000] {processor.py:186} INFO - Started process (PID=1671) to work on /opt/airflow/dags/get_data_faker.py
[2025-09-03T18:02:39.031+0000] {processor.py:914} INFO - Processing file /opt/airflow/dags/get_data_faker.py for tasks to queue
[2025-09-03T18:02:39.034+0000] {logging_mixin.py:190} INFO - [2025-09-03T18:02:39.034+0000] {dagbag.py:588} INFO - Filling up the DagBag from /opt/airflow/dags/get_data_faker.py
[2025-09-03T18:02:39.117+0000] {processor.py:925} INFO - DAG(s) 'sales_data_etl' retrieved from /opt/airflow/dags/get_data_faker.py
[2025-09-03T18:02:39.140+0000] {logging_mixin.py:190} INFO - [2025-09-03T18:02:39.139+0000] {dag.py:3239} INFO - Sync 1 DAGs
[2025-09-03T18:02:39.168+0000] {logging_mixin.py:190} INFO - [2025-09-03T18:02:39.168+0000] {dag.py:4180} INFO - Setting next_dagrun for sales_data_etl to 2025-09-03 18:01:00+00:00, run_after=2025-09-03 18:02:00+00:00
[2025-09-03T18:02:39.189+0000] {processor.py:208} INFO - Processing /opt/airflow/dags/get_data_faker.py took 0.164 seconds
[2025-09-03T18:03:09.764+0000] {processor.py:186} INFO - Started process (PID=1780) to work on /opt/airflow/dags/get_data_faker.py
[2025-09-03T18:03:09.765+0000] {processor.py:914} INFO - Processing file /opt/airflow/dags/get_data_faker.py for tasks to queue
[2025-09-03T18:03:09.768+0000] {logging_mixin.py:190} INFO - [2025-09-03T18:03:09.767+0000] {dagbag.py:588} INFO - Filling up the DagBag from /opt/airflow/dags/get_data_faker.py
[2025-09-03T18:03:09.846+0000] {processor.py:925} INFO - DAG(s) 'sales_data_etl' retrieved from /opt/airflow/dags/get_data_faker.py
[2025-09-03T18:03:09.873+0000] {logging_mixin.py:190} INFO - [2025-09-03T18:03:09.873+0000] {dag.py:3239} INFO - Sync 1 DAGs
[2025-09-03T18:03:09.905+0000] {logging_mixin.py:190} INFO - [2025-09-03T18:03:09.905+0000] {dag.py:4180} INFO - Setting next_dagrun for sales_data_etl to 2025-09-03 18:02:00+00:00, run_after=2025-09-03 18:03:00+00:00
[2025-09-03T18:03:09.923+0000] {processor.py:208} INFO - Processing /opt/airflow/dags/get_data_faker.py took 0.164 seconds
[2025-09-03T18:03:40.414+0000] {processor.py:186} INFO - Started process (PID=1885) to work on /opt/airflow/dags/get_data_faker.py
[2025-09-03T18:03:40.415+0000] {processor.py:914} INFO - Processing file /opt/airflow/dags/get_data_faker.py for tasks to queue
[2025-09-03T18:03:40.417+0000] {logging_mixin.py:190} INFO - [2025-09-03T18:03:40.417+0000] {dagbag.py:588} INFO - Filling up the DagBag from /opt/airflow/dags/get_data_faker.py
[2025-09-03T18:03:40.496+0000] {processor.py:925} INFO - DAG(s) 'sales_data_etl' retrieved from /opt/airflow/dags/get_data_faker.py
[2025-09-03T18:03:40.520+0000] {logging_mixin.py:190} INFO - [2025-09-03T18:03:40.520+0000] {dag.py:3239} INFO - Sync 1 DAGs
[2025-09-03T18:03:40.549+0000] {logging_mixin.py:190} INFO - [2025-09-03T18:03:40.549+0000] {dag.py:4180} INFO - Setting next_dagrun for sales_data_etl to 2025-09-03 18:02:00+00:00, run_after=2025-09-03 18:03:00+00:00
[2025-09-03T18:03:40.570+0000] {processor.py:208} INFO - Processing /opt/airflow/dags/get_data_faker.py took 0.161 seconds
[2025-09-03T18:04:11.179+0000] {processor.py:186} INFO - Started process (PID=1994) to work on /opt/airflow/dags/get_data_faker.py
[2025-09-03T18:04:11.181+0000] {processor.py:914} INFO - Processing file /opt/airflow/dags/get_data_faker.py for tasks to queue
[2025-09-03T18:04:11.184+0000] {logging_mixin.py:190} INFO - [2025-09-03T18:04:11.183+0000] {dagbag.py:588} INFO - Filling up the DagBag from /opt/airflow/dags/get_data_faker.py
[2025-09-03T18:04:11.267+0000] {processor.py:925} INFO - DAG(s) 'sales_data_etl' retrieved from /opt/airflow/dags/get_data_faker.py
[2025-09-03T18:04:11.291+0000] {logging_mixin.py:190} INFO - [2025-09-03T18:04:11.291+0000] {dag.py:3239} INFO - Sync 1 DAGs
[2025-09-03T18:04:11.314+0000] {logging_mixin.py:190} INFO - [2025-09-03T18:04:11.314+0000] {dag.py:4180} INFO - Setting next_dagrun for sales_data_etl to 2025-09-03 18:03:00+00:00, run_after=2025-09-03 18:04:00+00:00
[2025-09-03T18:04:11.330+0000] {processor.py:208} INFO - Processing /opt/airflow/dags/get_data_faker.py took 0.157 seconds
[2025-09-03T18:04:41.982+0000] {processor.py:186} INFO - Started process (PID=2099) to work on /opt/airflow/dags/get_data_faker.py
[2025-09-03T18:04:41.983+0000] {processor.py:914} INFO - Processing file /opt/airflow/dags/get_data_faker.py for tasks to queue
[2025-09-03T18:04:41.985+0000] {logging_mixin.py:190} INFO - [2025-09-03T18:04:41.984+0000] {dagbag.py:588} INFO - Filling up the DagBag from /opt/airflow/dags/get_data_faker.py
[2025-09-03T18:04:42.092+0000] {processor.py:925} INFO - DAG(s) 'sales_data_etl' retrieved from /opt/airflow/dags/get_data_faker.py
[2025-09-03T18:04:42.118+0000] {logging_mixin.py:190} INFO - [2025-09-03T18:04:42.118+0000] {dag.py:3239} INFO - Sync 1 DAGs
[2025-09-03T18:04:42.151+0000] {logging_mixin.py:190} INFO - [2025-09-03T18:04:42.151+0000] {dag.py:4180} INFO - Setting next_dagrun for sales_data_etl to 2025-09-03 18:03:00+00:00, run_after=2025-09-03 18:04:00+00:00
[2025-09-03T18:04:42.176+0000] {processor.py:208} INFO - Processing /opt/airflow/dags/get_data_faker.py took 0.200 seconds
[2025-09-03T18:05:12.814+0000] {processor.py:186} INFO - Started process (PID=2206) to work on /opt/airflow/dags/get_data_faker.py
[2025-09-03T18:05:12.815+0000] {processor.py:914} INFO - Processing file /opt/airflow/dags/get_data_faker.py for tasks to queue
[2025-09-03T18:05:12.817+0000] {logging_mixin.py:190} INFO - [2025-09-03T18:05:12.817+0000] {dagbag.py:588} INFO - Filling up the DagBag from /opt/airflow/dags/get_data_faker.py
[2025-09-03T18:05:12.909+0000] {processor.py:925} INFO - DAG(s) 'sales_data_etl' retrieved from /opt/airflow/dags/get_data_faker.py
[2025-09-03T18:05:12.933+0000] {logging_mixin.py:190} INFO - [2025-09-03T18:05:12.933+0000] {dag.py:3239} INFO - Sync 1 DAGs
[2025-09-03T18:05:12.958+0000] {logging_mixin.py:190} INFO - [2025-09-03T18:05:12.957+0000] {dag.py:4180} INFO - Setting next_dagrun for sales_data_etl to 2025-09-03 18:04:00+00:00, run_after=2025-09-03 18:05:00+00:00
[2025-09-03T18:05:12.977+0000] {processor.py:208} INFO - Processing /opt/airflow/dags/get_data_faker.py took 0.168 seconds
[2025-09-03T18:05:43.698+0000] {processor.py:186} INFO - Started process (PID=2315) to work on /opt/airflow/dags/get_data_faker.py
[2025-09-03T18:05:43.699+0000] {processor.py:914} INFO - Processing file /opt/airflow/dags/get_data_faker.py for tasks to queue
[2025-09-03T18:05:43.702+0000] {logging_mixin.py:190} INFO - [2025-09-03T18:05:43.702+0000] {dagbag.py:588} INFO - Filling up the DagBag from /opt/airflow/dags/get_data_faker.py
[2025-09-03T18:05:43.779+0000] {processor.py:925} INFO - DAG(s) 'sales_data_etl' retrieved from /opt/airflow/dags/get_data_faker.py
[2025-09-03T18:05:43.804+0000] {logging_mixin.py:190} INFO - [2025-09-03T18:05:43.804+0000] {dag.py:3239} INFO - Sync 1 DAGs
[2025-09-03T18:05:43.826+0000] {logging_mixin.py:190} INFO - [2025-09-03T18:05:43.826+0000] {dag.py:4180} INFO - Setting next_dagrun for sales_data_etl to 2025-09-03 18:04:00+00:00, run_after=2025-09-03 18:05:00+00:00
[2025-09-03T18:05:43.846+0000] {processor.py:208} INFO - Processing /opt/airflow/dags/get_data_faker.py took 0.153 seconds
[2025-09-03T18:06:14.640+0000] {processor.py:186} INFO - Started process (PID=2422) to work on /opt/airflow/dags/get_data_faker.py
[2025-09-03T18:06:14.641+0000] {processor.py:914} INFO - Processing file /opt/airflow/dags/get_data_faker.py for tasks to queue
[2025-09-03T18:06:14.642+0000] {logging_mixin.py:190} INFO - [2025-09-03T18:06:14.642+0000] {dagbag.py:588} INFO - Filling up the DagBag from /opt/airflow/dags/get_data_faker.py
[2025-09-03T18:06:14.720+0000] {processor.py:925} INFO - DAG(s) 'sales_data_etl' retrieved from /opt/airflow/dags/get_data_faker.py
[2025-09-03T18:06:14.745+0000] {logging_mixin.py:190} INFO - [2025-09-03T18:06:14.745+0000] {dag.py:3239} INFO - Sync 1 DAGs
[2025-09-03T18:06:14.769+0000] {logging_mixin.py:190} INFO - [2025-09-03T18:06:14.769+0000] {dag.py:4180} INFO - Setting next_dagrun for sales_data_etl to 2025-09-03 18:05:00+00:00, run_after=2025-09-03 18:06:00+00:00
[2025-09-03T18:06:14.785+0000] {processor.py:208} INFO - Processing /opt/airflow/dags/get_data_faker.py took 0.151 seconds
[2025-09-03T18:06:45.561+0000] {processor.py:186} INFO - Started process (PID=2527) to work on /opt/airflow/dags/get_data_faker.py
[2025-09-03T18:06:45.562+0000] {processor.py:914} INFO - Processing file /opt/airflow/dags/get_data_faker.py for tasks to queue
[2025-09-03T18:06:45.566+0000] {logging_mixin.py:190} INFO - [2025-09-03T18:06:45.565+0000] {dagbag.py:588} INFO - Filling up the DagBag from /opt/airflow/dags/get_data_faker.py
[2025-09-03T18:06:45.646+0000] {processor.py:925} INFO - DAG(s) 'sales_data_etl' retrieved from /opt/airflow/dags/get_data_faker.py
[2025-09-03T18:06:45.666+0000] {logging_mixin.py:190} INFO - [2025-09-03T18:06:45.666+0000] {dag.py:3239} INFO - Sync 1 DAGs
[2025-09-03T18:06:45.691+0000] {logging_mixin.py:190} INFO - [2025-09-03T18:06:45.691+0000] {dag.py:4180} INFO - Setting next_dagrun for sales_data_etl to 2025-09-03 18:05:00+00:00, run_after=2025-09-03 18:06:00+00:00
[2025-09-03T18:06:45.708+0000] {processor.py:208} INFO - Processing /opt/airflow/dags/get_data_faker.py took 0.152 seconds
[2025-09-03T18:07:16.421+0000] {processor.py:186} INFO - Started process (PID=2634) to work on /opt/airflow/dags/get_data_faker.py
[2025-09-03T18:07:16.422+0000] {processor.py:914} INFO - Processing file /opt/airflow/dags/get_data_faker.py for tasks to queue
[2025-09-03T18:07:16.424+0000] {logging_mixin.py:190} INFO - [2025-09-03T18:07:16.424+0000] {dagbag.py:588} INFO - Filling up the DagBag from /opt/airflow/dags/get_data_faker.py
[2025-09-03T18:07:16.501+0000] {processor.py:925} INFO - DAG(s) 'sales_data_etl' retrieved from /opt/airflow/dags/get_data_faker.py
[2025-09-03T18:07:16.530+0000] {logging_mixin.py:190} INFO - [2025-09-03T18:07:16.530+0000] {dag.py:3239} INFO - Sync 1 DAGs
[2025-09-03T18:07:16.572+0000] {logging_mixin.py:190} INFO - [2025-09-03T18:07:16.572+0000] {dag.py:4180} INFO - Setting next_dagrun for sales_data_etl to 2025-09-03 18:06:00+00:00, run_after=2025-09-03 18:07:00+00:00
[2025-09-03T18:07:16.596+0000] {processor.py:208} INFO - Processing /opt/airflow/dags/get_data_faker.py took 0.182 seconds
[2025-09-03T18:07:47.552+0000] {processor.py:186} INFO - Started process (PID=2743) to work on /opt/airflow/dags/get_data_faker.py
[2025-09-03T18:07:47.553+0000] {processor.py:914} INFO - Processing file /opt/airflow/dags/get_data_faker.py for tasks to queue
[2025-09-03T18:07:47.557+0000] {logging_mixin.py:190} INFO - [2025-09-03T18:07:47.556+0000] {dagbag.py:588} INFO - Filling up the DagBag from /opt/airflow/dags/get_data_faker.py
[2025-09-03T18:07:47.650+0000] {processor.py:925} INFO - DAG(s) 'sales_data_etl' retrieved from /opt/airflow/dags/get_data_faker.py
[2025-09-03T18:07:47.680+0000] {logging_mixin.py:190} INFO - [2025-09-03T18:07:47.680+0000] {dag.py:3239} INFO - Sync 1 DAGs
[2025-09-03T18:07:47.706+0000] {logging_mixin.py:190} INFO - [2025-09-03T18:07:47.705+0000] {dag.py:4180} INFO - Setting next_dagrun for sales_data_etl to 2025-09-03 18:06:00+00:00, run_after=2025-09-03 18:07:00+00:00
[2025-09-03T18:07:47.727+0000] {processor.py:208} INFO - Processing /opt/airflow/dags/get_data_faker.py took 0.181 seconds
[2025-09-03T18:08:18.626+0000] {processor.py:186} INFO - Started process (PID=2850) to work on /opt/airflow/dags/get_data_faker.py
[2025-09-03T18:08:18.627+0000] {processor.py:914} INFO - Processing file /opt/airflow/dags/get_data_faker.py for tasks to queue
[2025-09-03T18:08:18.630+0000] {logging_mixin.py:190} INFO - [2025-09-03T18:08:18.630+0000] {dagbag.py:588} INFO - Filling up the DagBag from /opt/airflow/dags/get_data_faker.py
[2025-09-03T18:08:18.712+0000] {processor.py:925} INFO - DAG(s) 'sales_data_etl' retrieved from /opt/airflow/dags/get_data_faker.py
[2025-09-03T18:08:18.742+0000] {logging_mixin.py:190} INFO - [2025-09-03T18:08:18.742+0000] {dag.py:3239} INFO - Sync 1 DAGs
[2025-09-03T18:08:18.769+0000] {logging_mixin.py:190} INFO - [2025-09-03T18:08:18.768+0000] {dag.py:4180} INFO - Setting next_dagrun for sales_data_etl to 2025-09-03 18:07:00+00:00, run_after=2025-09-03 18:08:00+00:00
[2025-09-03T18:08:18.784+0000] {processor.py:208} INFO - Processing /opt/airflow/dags/get_data_faker.py took 0.162 seconds
[2025-09-03T18:08:49.645+0000] {processor.py:186} INFO - Started process (PID=2955) to work on /opt/airflow/dags/get_data_faker.py
[2025-09-03T18:08:49.646+0000] {processor.py:914} INFO - Processing file /opt/airflow/dags/get_data_faker.py for tasks to queue
[2025-09-03T18:08:49.648+0000] {logging_mixin.py:190} INFO - [2025-09-03T18:08:49.648+0000] {dagbag.py:588} INFO - Filling up the DagBag from /opt/airflow/dags/get_data_faker.py
[2025-09-03T18:08:49.735+0000] {processor.py:925} INFO - DAG(s) 'sales_data_etl' retrieved from /opt/airflow/dags/get_data_faker.py
[2025-09-03T18:08:49.765+0000] {logging_mixin.py:190} INFO - [2025-09-03T18:08:49.764+0000] {dag.py:3239} INFO - Sync 1 DAGs
[2025-09-03T18:08:49.793+0000] {logging_mixin.py:190} INFO - [2025-09-03T18:08:49.793+0000] {dag.py:4180} INFO - Setting next_dagrun for sales_data_etl to 2025-09-03 18:07:00+00:00, run_after=2025-09-03 18:08:00+00:00
[2025-09-03T18:08:49.815+0000] {processor.py:208} INFO - Processing /opt/airflow/dags/get_data_faker.py took 0.174 seconds
[2025-09-03T18:09:21.101+0000] {processor.py:186} INFO - Started process (PID=3064) to work on /opt/airflow/dags/get_data_faker.py
[2025-09-03T18:09:21.102+0000] {processor.py:914} INFO - Processing file /opt/airflow/dags/get_data_faker.py for tasks to queue
[2025-09-03T18:09:21.106+0000] {logging_mixin.py:190} INFO - [2025-09-03T18:09:21.105+0000] {dagbag.py:588} INFO - Filling up the DagBag from /opt/airflow/dags/get_data_faker.py
[2025-09-03T18:09:21.208+0000] {processor.py:925} INFO - DAG(s) 'sales_data_etl' retrieved from /opt/airflow/dags/get_data_faker.py
[2025-09-03T18:09:21.238+0000] {logging_mixin.py:190} INFO - [2025-09-03T18:09:21.238+0000] {dag.py:3239} INFO - Sync 1 DAGs
[2025-09-03T18:09:21.261+0000] {logging_mixin.py:190} INFO - [2025-09-03T18:09:21.260+0000] {dag.py:4180} INFO - Setting next_dagrun for sales_data_etl to 2025-09-03 18:08:00+00:00, run_after=2025-09-03 18:09:00+00:00
[2025-09-03T18:09:21.278+0000] {processor.py:208} INFO - Processing /opt/airflow/dags/get_data_faker.py took 0.182 seconds
[2025-09-03T18:09:51.400+0000] {processor.py:186} INFO - Started process (PID=3169) to work on /opt/airflow/dags/get_data_faker.py
[2025-09-03T18:09:51.401+0000] {processor.py:914} INFO - Processing file /opt/airflow/dags/get_data_faker.py for tasks to queue
[2025-09-03T18:09:51.404+0000] {logging_mixin.py:190} INFO - [2025-09-03T18:09:51.404+0000] {dagbag.py:588} INFO - Filling up the DagBag from /opt/airflow/dags/get_data_faker.py
[2025-09-03T18:09:51.488+0000] {processor.py:925} INFO - DAG(s) 'sales_data_etl' retrieved from /opt/airflow/dags/get_data_faker.py
[2025-09-03T18:09:51.512+0000] {logging_mixin.py:190} INFO - [2025-09-03T18:09:51.511+0000] {dag.py:3239} INFO - Sync 1 DAGs
[2025-09-03T18:09:51.550+0000] {logging_mixin.py:190} INFO - [2025-09-03T18:09:51.550+0000] {dag.py:4180} INFO - Setting next_dagrun for sales_data_etl to 2025-09-03 18:08:00+00:00, run_after=2025-09-03 18:09:00+00:00
[2025-09-03T18:09:51.577+0000] {processor.py:208} INFO - Processing /opt/airflow/dags/get_data_faker.py took 0.183 seconds
[2025-09-03T18:10:21.997+0000] {processor.py:186} INFO - Started process (PID=3276) to work on /opt/airflow/dags/get_data_faker.py
[2025-09-03T18:10:21.998+0000] {processor.py:914} INFO - Processing file /opt/airflow/dags/get_data_faker.py for tasks to queue
[2025-09-03T18:10:22.002+0000] {logging_mixin.py:190} INFO - [2025-09-03T18:10:22.001+0000] {dagbag.py:588} INFO - Filling up the DagBag from /opt/airflow/dags/get_data_faker.py
[2025-09-03T18:10:22.113+0000] {processor.py:925} INFO - DAG(s) 'sales_data_etl' retrieved from /opt/airflow/dags/get_data_faker.py
[2025-09-03T18:10:22.140+0000] {logging_mixin.py:190} INFO - [2025-09-03T18:10:22.140+0000] {dag.py:3239} INFO - Sync 1 DAGs
[2025-09-03T18:10:22.177+0000] {logging_mixin.py:190} INFO - [2025-09-03T18:10:22.177+0000] {dag.py:4180} INFO - Setting next_dagrun for sales_data_etl to 2025-09-03 18:09:00+00:00, run_after=2025-09-03 18:10:00+00:00
[2025-09-03T18:10:22.202+0000] {processor.py:208} INFO - Processing /opt/airflow/dags/get_data_faker.py took 0.210 seconds
[2025-09-03T18:10:52.987+0000] {processor.py:186} INFO - Started process (PID=3385) to work on /opt/airflow/dags/get_data_faker.py
[2025-09-03T18:10:52.988+0000] {processor.py:914} INFO - Processing file /opt/airflow/dags/get_data_faker.py for tasks to queue
[2025-09-03T18:10:52.990+0000] {logging_mixin.py:190} INFO - [2025-09-03T18:10:52.990+0000] {dagbag.py:588} INFO - Filling up the DagBag from /opt/airflow/dags/get_data_faker.py
[2025-09-03T18:10:53.072+0000] {processor.py:925} INFO - DAG(s) 'sales_data_etl' retrieved from /opt/airflow/dags/get_data_faker.py
[2025-09-03T18:10:53.097+0000] {logging_mixin.py:190} INFO - [2025-09-03T18:10:53.097+0000] {dag.py:3239} INFO - Sync 1 DAGs
[2025-09-03T18:10:53.123+0000] {logging_mixin.py:190} INFO - [2025-09-03T18:10:53.122+0000] {dag.py:4180} INFO - Setting next_dagrun for sales_data_etl to 2025-09-03 18:09:00+00:00, run_after=2025-09-03 18:10:00+00:00
[2025-09-03T18:10:53.141+0000] {processor.py:208} INFO - Processing /opt/airflow/dags/get_data_faker.py took 0.159 seconds
[2025-09-03T18:11:24.034+0000] {processor.py:186} INFO - Started process (PID=3490) to work on /opt/airflow/dags/get_data_faker.py
[2025-09-03T18:11:24.036+0000] {processor.py:914} INFO - Processing file /opt/airflow/dags/get_data_faker.py for tasks to queue
[2025-09-03T18:11:24.039+0000] {logging_mixin.py:190} INFO - [2025-09-03T18:11:24.038+0000] {dagbag.py:588} INFO - Filling up the DagBag from /opt/airflow/dags/get_data_faker.py
[2025-09-03T18:11:24.120+0000] {processor.py:925} INFO - DAG(s) 'sales_data_etl' retrieved from /opt/airflow/dags/get_data_faker.py
[2025-09-03T18:11:24.141+0000] {logging_mixin.py:190} INFO - [2025-09-03T18:11:24.141+0000] {dag.py:3239} INFO - Sync 1 DAGs
[2025-09-03T18:11:24.173+0000] {logging_mixin.py:190} INFO - [2025-09-03T18:11:24.173+0000] {dag.py:4180} INFO - Setting next_dagrun for sales_data_etl to 2025-09-03 18:10:00+00:00, run_after=2025-09-03 18:11:00+00:00
[2025-09-03T18:11:24.193+0000] {processor.py:208} INFO - Processing /opt/airflow/dags/get_data_faker.py took 0.167 seconds
[2025-09-03T18:11:55.251+0000] {processor.py:186} INFO - Started process (PID=3599) to work on /opt/airflow/dags/get_data_faker.py
[2025-09-03T18:11:55.252+0000] {processor.py:914} INFO - Processing file /opt/airflow/dags/get_data_faker.py for tasks to queue
[2025-09-03T18:11:55.256+0000] {logging_mixin.py:190} INFO - [2025-09-03T18:11:55.255+0000] {dagbag.py:588} INFO - Filling up the DagBag from /opt/airflow/dags/get_data_faker.py
[2025-09-03T18:11:55.362+0000] {processor.py:925} INFO - DAG(s) 'sales_data_etl' retrieved from /opt/airflow/dags/get_data_faker.py
[2025-09-03T18:11:55.387+0000] {logging_mixin.py:190} INFO - [2025-09-03T18:11:55.387+0000] {dag.py:3239} INFO - Sync 1 DAGs
[2025-09-03T18:11:55.425+0000] {logging_mixin.py:190} INFO - [2025-09-03T18:11:55.425+0000] {dag.py:4180} INFO - Setting next_dagrun for sales_data_etl to 2025-09-03 18:10:00+00:00, run_after=2025-09-03 18:11:00+00:00
[2025-09-03T18:11:55.593+0000] {processor.py:208} INFO - Processing /opt/airflow/dags/get_data_faker.py took 0.351 seconds
[2025-09-03T18:12:26.369+0000] {processor.py:186} INFO - Started process (PID=3710) to work on /opt/airflow/dags/get_data_faker.py
[2025-09-03T18:12:26.370+0000] {processor.py:914} INFO - Processing file /opt/airflow/dags/get_data_faker.py for tasks to queue
[2025-09-03T18:12:26.374+0000] {logging_mixin.py:190} INFO - [2025-09-03T18:12:26.373+0000] {dagbag.py:588} INFO - Filling up the DagBag from /opt/airflow/dags/get_data_faker.py
[2025-09-03T18:12:26.460+0000] {processor.py:925} INFO - DAG(s) 'sales_data_etl' retrieved from /opt/airflow/dags/get_data_faker.py
[2025-09-03T18:12:26.490+0000] {logging_mixin.py:190} INFO - [2025-09-03T18:12:26.490+0000] {dag.py:3239} INFO - Sync 1 DAGs
[2025-09-03T18:12:26.523+0000] {logging_mixin.py:190} INFO - [2025-09-03T18:12:26.523+0000] {dag.py:4180} INFO - Setting next_dagrun for sales_data_etl to 2025-09-03 18:11:00+00:00, run_after=2025-09-03 18:12:00+00:00
[2025-09-03T18:12:26.549+0000] {processor.py:208} INFO - Processing /opt/airflow/dags/get_data_faker.py took 0.185 seconds
[2025-09-03T18:12:57.833+0000] {processor.py:186} INFO - Started process (PID=3817) to work on /opt/airflow/dags/get_data_faker.py
[2025-09-03T18:12:57.834+0000] {processor.py:914} INFO - Processing file /opt/airflow/dags/get_data_faker.py for tasks to queue
[2025-09-03T18:12:57.836+0000] {logging_mixin.py:190} INFO - [2025-09-03T18:12:57.836+0000] {dagbag.py:588} INFO - Filling up the DagBag from /opt/airflow/dags/get_data_faker.py
[2025-09-03T18:12:58.061+0000] {processor.py:925} INFO - DAG(s) 'sales_data_etl' retrieved from /opt/airflow/dags/get_data_faker.py
[2025-09-03T18:12:58.080+0000] {logging_mixin.py:190} INFO - [2025-09-03T18:12:58.080+0000] {dag.py:3239} INFO - Sync 1 DAGs
[2025-09-03T18:12:58.110+0000] {logging_mixin.py:190} INFO - [2025-09-03T18:12:58.110+0000] {dag.py:4180} INFO - Setting next_dagrun for sales_data_etl to 2025-09-03 18:11:00+00:00, run_after=2025-09-03 18:12:00+00:00
[2025-09-03T18:12:58.125+0000] {processor.py:208} INFO - Processing /opt/airflow/dags/get_data_faker.py took 0.298 seconds
[2025-09-03T18:13:28.170+0000] {processor.py:186} INFO - Started process (PID=3926) to work on /opt/airflow/dags/get_data_faker.py
[2025-09-03T18:13:28.172+0000] {processor.py:914} INFO - Processing file /opt/airflow/dags/get_data_faker.py for tasks to queue
[2025-09-03T18:13:28.174+0000] {logging_mixin.py:190} INFO - [2025-09-03T18:13:28.174+0000] {dagbag.py:588} INFO - Filling up the DagBag from /opt/airflow/dags/get_data_faker.py
[2025-09-03T18:13:28.249+0000] {processor.py:925} INFO - DAG(s) 'sales_data_etl' retrieved from /opt/airflow/dags/get_data_faker.py
[2025-09-03T18:13:28.267+0000] {logging_mixin.py:190} INFO - [2025-09-03T18:13:28.267+0000] {dag.py:3239} INFO - Sync 1 DAGs
[2025-09-03T18:13:28.287+0000] {logging_mixin.py:190} INFO - [2025-09-03T18:13:28.286+0000] {dag.py:4180} INFO - Setting next_dagrun for sales_data_etl to 2025-09-03 18:12:00+00:00, run_after=2025-09-03 18:13:00+00:00
[2025-09-03T18:13:28.301+0000] {processor.py:208} INFO - Processing /opt/airflow/dags/get_data_faker.py took 0.138 seconds
[2025-09-03T18:13:59.009+0000] {processor.py:186} INFO - Started process (PID=4033) to work on /opt/airflow/dags/get_data_faker.py
[2025-09-03T18:13:59.010+0000] {processor.py:914} INFO - Processing file /opt/airflow/dags/get_data_faker.py for tasks to queue
[2025-09-03T18:13:59.013+0000] {logging_mixin.py:190} INFO - [2025-09-03T18:13:59.013+0000] {dagbag.py:588} INFO - Filling up the DagBag from /opt/airflow/dags/get_data_faker.py
[2025-09-03T18:13:59.100+0000] {processor.py:925} INFO - DAG(s) 'sales_data_etl' retrieved from /opt/airflow/dags/get_data_faker.py
[2025-09-03T18:13:59.121+0000] {logging_mixin.py:190} INFO - [2025-09-03T18:13:59.121+0000] {dag.py:3239} INFO - Sync 1 DAGs
[2025-09-03T18:13:59.141+0000] {logging_mixin.py:190} INFO - [2025-09-03T18:13:59.141+0000] {dag.py:4180} INFO - Setting next_dagrun for sales_data_etl to 2025-09-03 18:12:00+00:00, run_after=2025-09-03 18:13:00+00:00
[2025-09-03T18:13:59.157+0000] {processor.py:208} INFO - Processing /opt/airflow/dags/get_data_faker.py took 0.155 seconds
[2025-09-03T18:14:29.729+0000] {processor.py:186} INFO - Started process (PID=4137) to work on /opt/airflow/dags/get_data_faker.py
[2025-09-03T18:14:29.730+0000] {processor.py:914} INFO - Processing file /opt/airflow/dags/get_data_faker.py for tasks to queue
[2025-09-03T18:14:29.733+0000] {logging_mixin.py:190} INFO - [2025-09-03T18:14:29.732+0000] {dagbag.py:588} INFO - Filling up the DagBag from /opt/airflow/dags/get_data_faker.py
[2025-09-03T18:14:29.813+0000] {processor.py:925} INFO - DAG(s) 'sales_data_etl' retrieved from /opt/airflow/dags/get_data_faker.py
[2025-09-03T18:14:29.832+0000] {logging_mixin.py:190} INFO - [2025-09-03T18:14:29.831+0000] {dag.py:3239} INFO - Sync 1 DAGs
[2025-09-03T18:14:29.857+0000] {logging_mixin.py:190} INFO - [2025-09-03T18:14:29.857+0000] {dag.py:4180} INFO - Setting next_dagrun for sales_data_etl to 2025-09-03 18:13:00+00:00, run_after=2025-09-03 18:14:00+00:00
[2025-09-03T18:14:29.877+0000] {processor.py:208} INFO - Processing /opt/airflow/dags/get_data_faker.py took 0.153 seconds
[2025-09-03T18:15:00.625+0000] {processor.py:186} INFO - Started process (PID=4246) to work on /opt/airflow/dags/get_data_faker.py
[2025-09-03T18:15:00.626+0000] {processor.py:914} INFO - Processing file /opt/airflow/dags/get_data_faker.py for tasks to queue
[2025-09-03T18:15:00.630+0000] {logging_mixin.py:190} INFO - [2025-09-03T18:15:00.629+0000] {dagbag.py:588} INFO - Filling up the DagBag from /opt/airflow/dags/get_data_faker.py
[2025-09-03T18:15:00.717+0000] {processor.py:925} INFO - DAG(s) 'sales_data_etl' retrieved from /opt/airflow/dags/get_data_faker.py
[2025-09-03T18:15:00.747+0000] {logging_mixin.py:190} INFO - [2025-09-03T18:15:00.746+0000] {dag.py:3239} INFO - Sync 1 DAGs
[2025-09-03T18:15:00.776+0000] {logging_mixin.py:190} INFO - [2025-09-03T18:15:00.776+0000] {dag.py:4180} INFO - Setting next_dagrun for sales_data_etl to 2025-09-03 18:14:00+00:00, run_after=2025-09-03 18:15:00+00:00
[2025-09-03T18:15:00.791+0000] {processor.py:208} INFO - Processing /opt/airflow/dags/get_data_faker.py took 0.171 seconds
[2025-09-03T18:15:31.233+0000] {processor.py:186} INFO - Started process (PID=4350) to work on /opt/airflow/dags/get_data_faker.py
[2025-09-03T18:15:31.234+0000] {processor.py:914} INFO - Processing file /opt/airflow/dags/get_data_faker.py for tasks to queue
[2025-09-03T18:15:31.237+0000] {logging_mixin.py:190} INFO - [2025-09-03T18:15:31.237+0000] {dagbag.py:588} INFO - Filling up the DagBag from /opt/airflow/dags/get_data_faker.py
[2025-09-03T18:15:31.319+0000] {processor.py:925} INFO - DAG(s) 'sales_data_etl' retrieved from /opt/airflow/dags/get_data_faker.py
[2025-09-03T18:15:31.347+0000] {logging_mixin.py:190} INFO - [2025-09-03T18:15:31.347+0000] {dag.py:3239} INFO - Sync 1 DAGs
[2025-09-03T18:15:31.376+0000] {logging_mixin.py:190} INFO - [2025-09-03T18:15:31.375+0000] {dag.py:4180} INFO - Setting next_dagrun for sales_data_etl to 2025-09-03 18:14:00+00:00, run_after=2025-09-03 18:15:00+00:00
[2025-09-03T18:15:31.392+0000] {processor.py:208} INFO - Processing /opt/airflow/dags/get_data_faker.py took 0.164 seconds
[2025-09-03T18:16:02.033+0000] {processor.py:186} INFO - Started process (PID=4459) to work on /opt/airflow/dags/get_data_faker.py
[2025-09-03T18:16:02.034+0000] {processor.py:914} INFO - Processing file /opt/airflow/dags/get_data_faker.py for tasks to queue
[2025-09-03T18:16:02.036+0000] {logging_mixin.py:190} INFO - [2025-09-03T18:16:02.035+0000] {dagbag.py:588} INFO - Filling up the DagBag from /opt/airflow/dags/get_data_faker.py
[2025-09-03T18:16:02.114+0000] {processor.py:925} INFO - DAG(s) 'sales_data_etl' retrieved from /opt/airflow/dags/get_data_faker.py
[2025-09-03T18:16:02.136+0000] {logging_mixin.py:190} INFO - [2025-09-03T18:16:02.136+0000] {dag.py:3239} INFO - Sync 1 DAGs
[2025-09-03T18:16:02.164+0000] {logging_mixin.py:190} INFO - [2025-09-03T18:16:02.164+0000] {dag.py:4180} INFO - Setting next_dagrun for sales_data_etl to 2025-09-03 18:15:00+00:00, run_after=2025-09-03 18:16:00+00:00
[2025-09-03T18:16:02.186+0000] {processor.py:208} INFO - Processing /opt/airflow/dags/get_data_faker.py took 0.158 seconds
[2025-09-03T18:16:32.800+0000] {processor.py:186} INFO - Started process (PID=4566) to work on /opt/airflow/dags/get_data_faker.py
[2025-09-03T18:16:32.801+0000] {processor.py:914} INFO - Processing file /opt/airflow/dags/get_data_faker.py for tasks to queue
[2025-09-03T18:16:32.802+0000] {logging_mixin.py:190} INFO - [2025-09-03T18:16:32.802+0000] {dagbag.py:588} INFO - Filling up the DagBag from /opt/airflow/dags/get_data_faker.py
[2025-09-03T18:16:32.885+0000] {processor.py:925} INFO - DAG(s) 'sales_data_etl' retrieved from /opt/airflow/dags/get_data_faker.py
[2025-09-03T18:16:32.911+0000] {logging_mixin.py:190} INFO - [2025-09-03T18:16:32.911+0000] {dag.py:3239} INFO - Sync 1 DAGs
[2025-09-03T18:16:32.934+0000] {logging_mixin.py:190} INFO - [2025-09-03T18:16:32.934+0000] {dag.py:4180} INFO - Setting next_dagrun for sales_data_etl to 2025-09-03 18:15:00+00:00, run_after=2025-09-03 18:16:00+00:00
[2025-09-03T18:16:32.950+0000] {processor.py:208} INFO - Processing /opt/airflow/dags/get_data_faker.py took 0.155 seconds
[2025-09-03T18:17:03.422+0000] {processor.py:186} INFO - Started process (PID=4671) to work on /opt/airflow/dags/get_data_faker.py
[2025-09-03T18:17:03.423+0000] {processor.py:914} INFO - Processing file /opt/airflow/dags/get_data_faker.py for tasks to queue
[2025-09-03T18:17:03.425+0000] {logging_mixin.py:190} INFO - [2025-09-03T18:17:03.424+0000] {dagbag.py:588} INFO - Filling up the DagBag from /opt/airflow/dags/get_data_faker.py
[2025-09-03T18:17:03.509+0000] {processor.py:925} INFO - DAG(s) 'sales_data_etl' retrieved from /opt/airflow/dags/get_data_faker.py
[2025-09-03T18:17:03.532+0000] {logging_mixin.py:190} INFO - [2025-09-03T18:17:03.532+0000] {dag.py:3239} INFO - Sync 1 DAGs
[2025-09-03T18:17:03.555+0000] {logging_mixin.py:190} INFO - [2025-09-03T18:17:03.555+0000] {dag.py:4180} INFO - Setting next_dagrun for sales_data_etl to 2025-09-03 18:16:00+00:00, run_after=2025-09-03 18:17:00+00:00
[2025-09-03T18:17:03.571+0000] {processor.py:208} INFO - Processing /opt/airflow/dags/get_data_faker.py took 0.154 seconds
[2025-09-03T18:17:34.258+0000] {processor.py:186} INFO - Started process (PID=4780) to work on /opt/airflow/dags/get_data_faker.py
[2025-09-03T18:17:34.259+0000] {processor.py:914} INFO - Processing file /opt/airflow/dags/get_data_faker.py for tasks to queue
[2025-09-03T18:17:34.263+0000] {logging_mixin.py:190} INFO - [2025-09-03T18:17:34.262+0000] {dagbag.py:588} INFO - Filling up the DagBag from /opt/airflow/dags/get_data_faker.py
[2025-09-03T18:17:34.348+0000] {processor.py:925} INFO - DAG(s) 'sales_data_etl' retrieved from /opt/airflow/dags/get_data_faker.py
[2025-09-03T18:17:34.370+0000] {logging_mixin.py:190} INFO - [2025-09-03T18:17:34.370+0000] {dag.py:3239} INFO - Sync 1 DAGs
[2025-09-03T18:17:34.389+0000] {logging_mixin.py:190} INFO - [2025-09-03T18:17:34.389+0000] {dag.py:4180} INFO - Setting next_dagrun for sales_data_etl to 2025-09-03 18:16:00+00:00, run_after=2025-09-03 18:17:00+00:00
[2025-09-03T18:17:34.405+0000] {processor.py:208} INFO - Processing /opt/airflow/dags/get_data_faker.py took 0.153 seconds
[2025-09-03T18:18:05.015+0000] {processor.py:186} INFO - Started process (PID=4887) to work on /opt/airflow/dags/get_data_faker.py
[2025-09-03T18:18:05.016+0000] {processor.py:914} INFO - Processing file /opt/airflow/dags/get_data_faker.py for tasks to queue
[2025-09-03T18:18:05.019+0000] {logging_mixin.py:190} INFO - [2025-09-03T18:18:05.019+0000] {dagbag.py:588} INFO - Filling up the DagBag from /opt/airflow/dags/get_data_faker.py
[2025-09-03T18:18:05.103+0000] {processor.py:925} INFO - DAG(s) 'sales_data_etl' retrieved from /opt/airflow/dags/get_data_faker.py
[2025-09-03T18:18:05.127+0000] {logging_mixin.py:190} INFO - [2025-09-03T18:18:05.126+0000] {dag.py:3239} INFO - Sync 1 DAGs
[2025-09-03T18:18:05.153+0000] {logging_mixin.py:190} INFO - [2025-09-03T18:18:05.152+0000] {dag.py:4180} INFO - Setting next_dagrun for sales_data_etl to 2025-09-03 18:17:00+00:00, run_after=2025-09-03 18:18:00+00:00
[2025-09-03T18:18:05.176+0000] {processor.py:208} INFO - Processing /opt/airflow/dags/get_data_faker.py took 0.167 seconds
[2025-09-03T18:18:35.818+0000] {processor.py:186} INFO - Started process (PID=4994) to work on /opt/airflow/dags/get_data_faker.py
[2025-09-03T18:18:35.819+0000] {processor.py:914} INFO - Processing file /opt/airflow/dags/get_data_faker.py for tasks to queue
[2025-09-03T18:18:35.822+0000] {logging_mixin.py:190} INFO - [2025-09-03T18:18:35.822+0000] {dagbag.py:588} INFO - Filling up the DagBag from /opt/airflow/dags/get_data_faker.py
[2025-09-03T18:18:35.904+0000] {processor.py:925} INFO - DAG(s) 'sales_data_etl' retrieved from /opt/airflow/dags/get_data_faker.py
[2025-09-03T18:18:35.930+0000] {logging_mixin.py:190} INFO - [2025-09-03T18:18:35.930+0000] {dag.py:3239} INFO - Sync 1 DAGs
[2025-09-03T18:18:35.950+0000] {logging_mixin.py:190} INFO - [2025-09-03T18:18:35.950+0000] {dag.py:4180} INFO - Setting next_dagrun for sales_data_etl to 2025-09-03 18:17:00+00:00, run_after=2025-09-03 18:18:00+00:00
[2025-09-03T18:18:35.964+0000] {processor.py:208} INFO - Processing /opt/airflow/dags/get_data_faker.py took 0.153 seconds
[2025-09-03T18:19:06.547+0000] {processor.py:186} INFO - Started process (PID=5101) to work on /opt/airflow/dags/get_data_faker.py
[2025-09-03T18:19:06.548+0000] {processor.py:914} INFO - Processing file /opt/airflow/dags/get_data_faker.py for tasks to queue
[2025-09-03T18:19:06.550+0000] {logging_mixin.py:190} INFO - [2025-09-03T18:19:06.549+0000] {dagbag.py:588} INFO - Filling up the DagBag from /opt/airflow/dags/get_data_faker.py
[2025-09-03T18:19:06.639+0000] {processor.py:925} INFO - DAG(s) 'sales_data_etl' retrieved from /opt/airflow/dags/get_data_faker.py
[2025-09-03T18:19:06.659+0000] {logging_mixin.py:190} INFO - [2025-09-03T18:19:06.658+0000] {dag.py:3239} INFO - Sync 1 DAGs
[2025-09-03T18:19:06.682+0000] {logging_mixin.py:190} INFO - [2025-09-03T18:19:06.682+0000] {dag.py:4180} INFO - Setting next_dagrun for sales_data_etl to 2025-09-03 18:18:00+00:00, run_after=2025-09-03 18:19:00+00:00
[2025-09-03T18:19:06.699+0000] {processor.py:208} INFO - Processing /opt/airflow/dags/get_data_faker.py took 0.157 seconds
[2025-09-03T18:19:37.357+0000] {processor.py:186} INFO - Started process (PID=5208) to work on /opt/airflow/dags/get_data_faker.py
[2025-09-03T18:19:37.358+0000] {processor.py:914} INFO - Processing file /opt/airflow/dags/get_data_faker.py for tasks to queue
[2025-09-03T18:19:37.360+0000] {logging_mixin.py:190} INFO - [2025-09-03T18:19:37.360+0000] {dagbag.py:588} INFO - Filling up the DagBag from /opt/airflow/dags/get_data_faker.py
[2025-09-03T18:19:37.436+0000] {processor.py:925} INFO - DAG(s) 'sales_data_etl' retrieved from /opt/airflow/dags/get_data_faker.py
[2025-09-03T18:19:37.464+0000] {logging_mixin.py:190} INFO - [2025-09-03T18:19:37.464+0000] {dag.py:3239} INFO - Sync 1 DAGs
[2025-09-03T18:19:37.485+0000] {logging_mixin.py:190} INFO - [2025-09-03T18:19:37.485+0000] {dag.py:4180} INFO - Setting next_dagrun for sales_data_etl to 2025-09-03 18:18:00+00:00, run_after=2025-09-03 18:19:00+00:00
[2025-09-03T18:19:37.500+0000] {processor.py:208} INFO - Processing /opt/airflow/dags/get_data_faker.py took 0.147 seconds
[2025-09-03T18:20:08.168+0000] {processor.py:186} INFO - Started process (PID=5315) to work on /opt/airflow/dags/get_data_faker.py
[2025-09-03T18:20:08.169+0000] {processor.py:914} INFO - Processing file /opt/airflow/dags/get_data_faker.py for tasks to queue
[2025-09-03T18:20:08.172+0000] {logging_mixin.py:190} INFO - [2025-09-03T18:20:08.172+0000] {dagbag.py:588} INFO - Filling up the DagBag from /opt/airflow/dags/get_data_faker.py
[2025-09-03T18:20:08.264+0000] {processor.py:925} INFO - DAG(s) 'sales_data_etl' retrieved from /opt/airflow/dags/get_data_faker.py
[2025-09-03T18:20:08.287+0000] {logging_mixin.py:190} INFO - [2025-09-03T18:20:08.287+0000] {dag.py:3239} INFO - Sync 1 DAGs
[2025-09-03T18:20:08.312+0000] {logging_mixin.py:190} INFO - [2025-09-03T18:20:08.312+0000] {dag.py:4180} INFO - Setting next_dagrun for sales_data_etl to 2025-09-03 18:19:00+00:00, run_after=2025-09-03 18:20:00+00:00
[2025-09-03T18:20:08.326+0000] {processor.py:208} INFO - Processing /opt/airflow/dags/get_data_faker.py took 0.166 seconds
[2025-09-03T18:20:38.882+0000] {processor.py:186} INFO - Started process (PID=5420) to work on /opt/airflow/dags/get_data_faker.py
[2025-09-03T18:20:38.883+0000] {processor.py:914} INFO - Processing file /opt/airflow/dags/get_data_faker.py for tasks to queue
[2025-09-03T18:20:38.888+0000] {logging_mixin.py:190} INFO - [2025-09-03T18:20:38.888+0000] {dagbag.py:588} INFO - Filling up the DagBag from /opt/airflow/dags/get_data_faker.py
[2025-09-03T18:20:38.965+0000] {processor.py:925} INFO - DAG(s) 'sales_data_etl' retrieved from /opt/airflow/dags/get_data_faker.py
[2025-09-03T18:20:38.995+0000] {logging_mixin.py:190} INFO - [2025-09-03T18:20:38.995+0000] {dag.py:3239} INFO - Sync 1 DAGs
[2025-09-03T18:20:39.025+0000] {logging_mixin.py:190} INFO - [2025-09-03T18:20:39.025+0000] {dag.py:4180} INFO - Setting next_dagrun for sales_data_etl to 2025-09-03 18:19:00+00:00, run_after=2025-09-03 18:20:00+00:00
[2025-09-03T18:20:39.050+0000] {processor.py:208} INFO - Processing /opt/airflow/dags/get_data_faker.py took 0.173 seconds
[2025-09-03T18:21:09.796+0000] {processor.py:186} INFO - Started process (PID=5528) to work on /opt/airflow/dags/get_data_faker.py
[2025-09-03T18:21:09.798+0000] {processor.py:914} INFO - Processing file /opt/airflow/dags/get_data_faker.py for tasks to queue
[2025-09-03T18:21:09.801+0000] {logging_mixin.py:190} INFO - [2025-09-03T18:21:09.801+0000] {dagbag.py:588} INFO - Filling up the DagBag from /opt/airflow/dags/get_data_faker.py
[2025-09-03T18:21:09.886+0000] {processor.py:925} INFO - DAG(s) 'sales_data_etl' retrieved from /opt/airflow/dags/get_data_faker.py
[2025-09-03T18:21:09.910+0000] {logging_mixin.py:190} INFO - [2025-09-03T18:21:09.910+0000] {dag.py:3239} INFO - Sync 1 DAGs
[2025-09-03T18:21:09.929+0000] {logging_mixin.py:190} INFO - [2025-09-03T18:21:09.929+0000] {dag.py:4180} INFO - Setting next_dagrun for sales_data_etl to 2025-09-03 18:20:00+00:00, run_after=2025-09-03 18:21:00+00:00
[2025-09-03T18:21:09.946+0000] {processor.py:208} INFO - Processing /opt/airflow/dags/get_data_faker.py took 0.158 seconds
[2025-09-03T18:21:40.576+0000] {processor.py:186} INFO - Started process (PID=5635) to work on /opt/airflow/dags/get_data_faker.py
[2025-09-03T18:21:40.577+0000] {processor.py:914} INFO - Processing file /opt/airflow/dags/get_data_faker.py for tasks to queue
[2025-09-03T18:21:40.579+0000] {logging_mixin.py:190} INFO - [2025-09-03T18:21:40.579+0000] {dagbag.py:588} INFO - Filling up the DagBag from /opt/airflow/dags/get_data_faker.py
[2025-09-03T18:21:40.659+0000] {processor.py:925} INFO - DAG(s) 'sales_data_etl' retrieved from /opt/airflow/dags/get_data_faker.py
[2025-09-03T18:21:40.689+0000] {logging_mixin.py:190} INFO - [2025-09-03T18:21:40.689+0000] {dag.py:3239} INFO - Sync 1 DAGs
[2025-09-03T18:21:40.708+0000] {logging_mixin.py:190} INFO - [2025-09-03T18:21:40.708+0000] {dag.py:4180} INFO - Setting next_dagrun for sales_data_etl to 2025-09-03 18:20:00+00:00, run_after=2025-09-03 18:21:00+00:00
[2025-09-03T18:21:40.723+0000] {processor.py:208} INFO - Processing /opt/airflow/dags/get_data_faker.py took 0.151 seconds
[2025-09-03T18:22:11.340+0000] {processor.py:186} INFO - Started process (PID=5740) to work on /opt/airflow/dags/get_data_faker.py
[2025-09-03T18:22:11.341+0000] {processor.py:914} INFO - Processing file /opt/airflow/dags/get_data_faker.py for tasks to queue
[2025-09-03T18:22:11.344+0000] {logging_mixin.py:190} INFO - [2025-09-03T18:22:11.344+0000] {dagbag.py:588} INFO - Filling up the DagBag from /opt/airflow/dags/get_data_faker.py
[2025-09-03T18:22:11.422+0000] {processor.py:925} INFO - DAG(s) 'sales_data_etl' retrieved from /opt/airflow/dags/get_data_faker.py
[2025-09-03T18:22:11.445+0000] {logging_mixin.py:190} INFO - [2025-09-03T18:22:11.445+0000] {dag.py:3239} INFO - Sync 1 DAGs
[2025-09-03T18:22:11.475+0000] {logging_mixin.py:190} INFO - [2025-09-03T18:22:11.475+0000] {dag.py:4180} INFO - Setting next_dagrun for sales_data_etl to 2025-09-03 18:21:00+00:00, run_after=2025-09-03 18:22:00+00:00
[2025-09-03T18:22:11.490+0000] {processor.py:208} INFO - Processing /opt/airflow/dags/get_data_faker.py took 0.159 seconds
[2025-09-03T18:22:42.559+0000] {processor.py:186} INFO - Started process (PID=5849) to work on /opt/airflow/dags/get_data_faker.py
[2025-09-03T18:22:42.561+0000] {processor.py:914} INFO - Processing file /opt/airflow/dags/get_data_faker.py for tasks to queue
[2025-09-03T18:22:42.564+0000] {logging_mixin.py:190} INFO - [2025-09-03T18:22:42.564+0000] {dagbag.py:588} INFO - Filling up the DagBag from /opt/airflow/dags/get_data_faker.py
[2025-09-03T18:22:42.718+0000] {processor.py:925} INFO - DAG(s) 'sales_data_etl' retrieved from /opt/airflow/dags/get_data_faker.py
[2025-09-03T18:22:42.736+0000] {logging_mixin.py:190} INFO - [2025-09-03T18:22:42.736+0000] {dag.py:3239} INFO - Sync 1 DAGs
[2025-09-03T18:22:42.760+0000] {logging_mixin.py:190} INFO - [2025-09-03T18:22:42.760+0000] {dag.py:4180} INFO - Setting next_dagrun for sales_data_etl to 2025-09-03 18:21:00+00:00, run_after=2025-09-03 18:22:00+00:00
[2025-09-03T18:22:42.776+0000] {processor.py:208} INFO - Processing /opt/airflow/dags/get_data_faker.py took 0.225 seconds
[2025-09-03T18:23:14.179+0000] {processor.py:186} INFO - Started process (PID=5954) to work on /opt/airflow/dags/get_data_faker.py
[2025-09-03T18:23:14.182+0000] {processor.py:914} INFO - Processing file /opt/airflow/dags/get_data_faker.py for tasks to queue
[2025-09-03T18:23:14.186+0000] {logging_mixin.py:190} INFO - [2025-09-03T18:23:14.185+0000] {dagbag.py:588} INFO - Filling up the DagBag from /opt/airflow/dags/get_data_faker.py
[2025-09-03T18:23:14.307+0000] {processor.py:925} INFO - DAG(s) 'sales_data_etl' retrieved from /opt/airflow/dags/get_data_faker.py
[2025-09-03T18:23:14.343+0000] {logging_mixin.py:190} INFO - [2025-09-03T18:23:14.342+0000] {dag.py:3239} INFO - Sync 1 DAGs
[2025-09-03T18:23:14.387+0000] {logging_mixin.py:190} INFO - [2025-09-03T18:23:14.386+0000] {dag.py:4180} INFO - Setting next_dagrun for sales_data_etl to 2025-09-03 18:22:00+00:00, run_after=2025-09-03 18:23:00+00:00
[2025-09-03T18:23:14.415+0000] {processor.py:208} INFO - Processing /opt/airflow/dags/get_data_faker.py took 0.245 seconds
[2025-09-03T18:23:44.625+0000] {processor.py:186} INFO - Started process (PID=6060) to work on /opt/airflow/dags/get_data_faker.py
[2025-09-03T18:23:44.626+0000] {processor.py:914} INFO - Processing file /opt/airflow/dags/get_data_faker.py for tasks to queue
[2025-09-03T18:23:44.630+0000] {logging_mixin.py:190} INFO - [2025-09-03T18:23:44.629+0000] {dagbag.py:588} INFO - Filling up the DagBag from /opt/airflow/dags/get_data_faker.py
[2025-09-03T18:23:44.748+0000] {processor.py:925} INFO - DAG(s) 'sales_data_etl' retrieved from /opt/airflow/dags/get_data_faker.py
[2025-09-03T18:23:44.776+0000] {logging_mixin.py:190} INFO - [2025-09-03T18:23:44.775+0000] {dag.py:3239} INFO - Sync 1 DAGs
[2025-09-03T18:23:44.811+0000] {logging_mixin.py:190} INFO - [2025-09-03T18:23:44.811+0000] {dag.py:4180} INFO - Setting next_dagrun for sales_data_etl to 2025-09-03 18:22:00+00:00, run_after=2025-09-03 18:23:00+00:00
[2025-09-03T18:23:44.835+0000] {processor.py:208} INFO - Processing /opt/airflow/dags/get_data_faker.py took 0.218 seconds
[2025-09-03T18:24:15.418+0000] {processor.py:186} INFO - Started process (PID=6173) to work on /opt/airflow/dags/get_data_faker.py
[2025-09-03T18:24:15.419+0000] {processor.py:914} INFO - Processing file /opt/airflow/dags/get_data_faker.py for tasks to queue
[2025-09-03T18:24:15.422+0000] {logging_mixin.py:190} INFO - [2025-09-03T18:24:15.421+0000] {dagbag.py:588} INFO - Filling up the DagBag from /opt/airflow/dags/get_data_faker.py
[2025-09-03T18:24:15.509+0000] {processor.py:925} INFO - DAG(s) 'sales_data_etl' retrieved from /opt/airflow/dags/get_data_faker.py
[2025-09-03T18:24:15.534+0000] {logging_mixin.py:190} INFO - [2025-09-03T18:24:15.533+0000] {dag.py:3239} INFO - Sync 1 DAGs
[2025-09-03T18:24:15.556+0000] {logging_mixin.py:190} INFO - [2025-09-03T18:24:15.556+0000] {dag.py:4180} INFO - Setting next_dagrun for sales_data_etl to 2025-09-03 18:23:00+00:00, run_after=2025-09-03 18:24:00+00:00
[2025-09-03T18:24:15.576+0000] {processor.py:208} INFO - Processing /opt/airflow/dags/get_data_faker.py took 0.165 seconds
[2025-09-03T18:24:45.620+0000] {processor.py:186} INFO - Started process (PID=6279) to work on /opt/airflow/dags/get_data_faker.py
[2025-09-03T18:24:45.621+0000] {processor.py:914} INFO - Processing file /opt/airflow/dags/get_data_faker.py for tasks to queue
[2025-09-03T18:24:45.623+0000] {logging_mixin.py:190} INFO - [2025-09-03T18:24:45.622+0000] {dagbag.py:588} INFO - Filling up the DagBag from /opt/airflow/dags/get_data_faker.py
[2025-09-03T18:24:45.694+0000] {processor.py:925} INFO - DAG(s) 'sales_data_etl' retrieved from /opt/airflow/dags/get_data_faker.py
[2025-09-03T18:24:45.716+0000] {logging_mixin.py:190} INFO - [2025-09-03T18:24:45.716+0000] {dag.py:3239} INFO - Sync 1 DAGs
[2025-09-03T18:24:45.735+0000] {logging_mixin.py:190} INFO - [2025-09-03T18:24:45.735+0000] {dag.py:4180} INFO - Setting next_dagrun for sales_data_etl to 2025-09-03 18:23:00+00:00, run_after=2025-09-03 18:24:00+00:00
[2025-09-03T18:24:45.751+0000] {processor.py:208} INFO - Processing /opt/airflow/dags/get_data_faker.py took 0.137 seconds
[2025-09-03T18:25:16.049+0000] {processor.py:186} INFO - Started process (PID=6379) to work on /opt/airflow/dags/get_data_faker.py
[2025-09-03T18:25:16.051+0000] {processor.py:914} INFO - Processing file /opt/airflow/dags/get_data_faker.py for tasks to queue
[2025-09-03T18:25:16.054+0000] {logging_mixin.py:190} INFO - [2025-09-03T18:25:16.054+0000] {dagbag.py:588} INFO - Filling up the DagBag from /opt/airflow/dags/get_data_faker.py
[2025-09-03T18:25:16.134+0000] {processor.py:925} INFO - DAG(s) 'sales_data_etl' retrieved from /opt/airflow/dags/get_data_faker.py
[2025-09-03T18:25:16.163+0000] {logging_mixin.py:190} INFO - [2025-09-03T18:25:16.163+0000] {dag.py:3239} INFO - Sync 1 DAGs
[2025-09-03T18:25:16.189+0000] {logging_mixin.py:190} INFO - [2025-09-03T18:25:16.189+0000] {dag.py:4180} INFO - Setting next_dagrun for sales_data_etl to 2025-09-03 18:24:00+00:00, run_after=2025-09-03 18:25:00+00:00
[2025-09-03T18:25:16.207+0000] {processor.py:208} INFO - Processing /opt/airflow/dags/get_data_faker.py took 0.166 seconds
[2025-09-03T18:25:46.421+0000] {processor.py:186} INFO - Started process (PID=6485) to work on /opt/airflow/dags/get_data_faker.py
[2025-09-03T18:25:46.422+0000] {processor.py:914} INFO - Processing file /opt/airflow/dags/get_data_faker.py for tasks to queue
[2025-09-03T18:25:46.425+0000] {logging_mixin.py:190} INFO - [2025-09-03T18:25:46.425+0000] {dagbag.py:588} INFO - Filling up the DagBag from /opt/airflow/dags/get_data_faker.py
[2025-09-03T18:25:46.533+0000] {processor.py:925} INFO - DAG(s) 'sales_data_etl' retrieved from /opt/airflow/dags/get_data_faker.py
[2025-09-03T18:25:46.671+0000] {logging_mixin.py:190} INFO - [2025-09-03T18:25:46.671+0000] {dag.py:3239} INFO - Sync 1 DAGs
[2025-09-03T18:25:46.696+0000] {logging_mixin.py:190} INFO - [2025-09-03T18:25:46.696+0000] {dag.py:4180} INFO - Setting next_dagrun for sales_data_etl to 2025-09-03 18:24:00+00:00, run_after=2025-09-03 18:25:00+00:00
[2025-09-03T18:25:46.711+0000] {processor.py:208} INFO - Processing /opt/airflow/dags/get_data_faker.py took 0.295 seconds
[2025-09-03T18:26:16.962+0000] {processor.py:186} INFO - Started process (PID=6592) to work on /opt/airflow/dags/get_data_faker.py
[2025-09-03T18:26:16.963+0000] {processor.py:914} INFO - Processing file /opt/airflow/dags/get_data_faker.py for tasks to queue
[2025-09-03T18:26:16.966+0000] {logging_mixin.py:190} INFO - [2025-09-03T18:26:16.965+0000] {dagbag.py:588} INFO - Filling up the DagBag from /opt/airflow/dags/get_data_faker.py
[2025-09-03T18:26:17.052+0000] {processor.py:925} INFO - DAG(s) 'sales_data_etl' retrieved from /opt/airflow/dags/get_data_faker.py
[2025-09-03T18:26:17.185+0000] {logging_mixin.py:190} INFO - [2025-09-03T18:26:17.185+0000] {dag.py:3239} INFO - Sync 1 DAGs
[2025-09-03T18:26:17.205+0000] {logging_mixin.py:190} INFO - [2025-09-03T18:26:17.205+0000] {dag.py:4180} INFO - Setting next_dagrun for sales_data_etl to 2025-09-03 18:25:00+00:00, run_after=2025-09-03 18:26:00+00:00
[2025-09-03T18:26:17.223+0000] {processor.py:208} INFO - Processing /opt/airflow/dags/get_data_faker.py took 0.267 seconds
[2025-09-03T18:26:47.655+0000] {processor.py:186} INFO - Started process (PID=6701) to work on /opt/airflow/dags/get_data_faker.py
[2025-09-03T18:26:47.656+0000] {processor.py:914} INFO - Processing file /opt/airflow/dags/get_data_faker.py for tasks to queue
[2025-09-03T18:26:47.659+0000] {logging_mixin.py:190} INFO - [2025-09-03T18:26:47.659+0000] {dagbag.py:588} INFO - Filling up the DagBag from /opt/airflow/dags/get_data_faker.py
[2025-09-03T18:26:47.737+0000] {processor.py:925} INFO - DAG(s) 'sales_data_etl' retrieved from /opt/airflow/dags/get_data_faker.py
[2025-09-03T18:26:47.760+0000] {logging_mixin.py:190} INFO - [2025-09-03T18:26:47.760+0000] {dag.py:3239} INFO - Sync 1 DAGs
[2025-09-03T18:26:47.781+0000] {logging_mixin.py:190} INFO - [2025-09-03T18:26:47.781+0000] {dag.py:4180} INFO - Setting next_dagrun for sales_data_etl to 2025-09-03 18:25:00+00:00, run_after=2025-09-03 18:26:00+00:00
[2025-09-03T18:26:47.801+0000] {processor.py:208} INFO - Processing /opt/airflow/dags/get_data_faker.py took 0.153 seconds
[2025-09-03T18:27:18.258+0000] {processor.py:186} INFO - Started process (PID=6806) to work on /opt/airflow/dags/get_data_faker.py
[2025-09-03T18:27:18.259+0000] {processor.py:914} INFO - Processing file /opt/airflow/dags/get_data_faker.py for tasks to queue
[2025-09-03T18:27:18.261+0000] {logging_mixin.py:190} INFO - [2025-09-03T18:27:18.260+0000] {dagbag.py:588} INFO - Filling up the DagBag from /opt/airflow/dags/get_data_faker.py
[2025-09-03T18:27:18.341+0000] {processor.py:925} INFO - DAG(s) 'sales_data_etl' retrieved from /opt/airflow/dags/get_data_faker.py
[2025-09-03T18:27:18.371+0000] {logging_mixin.py:190} INFO - [2025-09-03T18:27:18.370+0000] {dag.py:3239} INFO - Sync 1 DAGs
[2025-09-03T18:27:18.398+0000] {logging_mixin.py:190} INFO - [2025-09-03T18:27:18.398+0000] {dag.py:4180} INFO - Setting next_dagrun for sales_data_etl to 2025-09-03 18:26:00+00:00, run_after=2025-09-03 18:27:00+00:00
[2025-09-03T18:27:18.421+0000] {processor.py:208} INFO - Processing /opt/airflow/dags/get_data_faker.py took 0.170 seconds
[2025-09-03T18:27:48.970+0000] {processor.py:186} INFO - Started process (PID=6914) to work on /opt/airflow/dags/get_data_faker.py
[2025-09-03T18:27:48.971+0000] {processor.py:914} INFO - Processing file /opt/airflow/dags/get_data_faker.py for tasks to queue
[2025-09-03T18:27:48.975+0000] {logging_mixin.py:190} INFO - [2025-09-03T18:27:48.974+0000] {dagbag.py:588} INFO - Filling up the DagBag from /opt/airflow/dags/get_data_faker.py
[2025-09-03T18:27:49.059+0000] {processor.py:925} INFO - DAG(s) 'sales_data_etl' retrieved from /opt/airflow/dags/get_data_faker.py
[2025-09-03T18:27:49.083+0000] {logging_mixin.py:190} INFO - [2025-09-03T18:27:49.083+0000] {dag.py:3239} INFO - Sync 1 DAGs
[2025-09-03T18:27:49.104+0000] {logging_mixin.py:190} INFO - [2025-09-03T18:27:49.103+0000] {dag.py:4180} INFO - Setting next_dagrun for sales_data_etl to 2025-09-03 18:26:00+00:00, run_after=2025-09-03 18:27:00+00:00
[2025-09-03T18:27:49.119+0000] {processor.py:208} INFO - Processing /opt/airflow/dags/get_data_faker.py took 0.153 seconds
[2025-09-03T18:28:19.659+0000] {processor.py:186} INFO - Started process (PID=7021) to work on /opt/airflow/dags/get_data_faker.py
[2025-09-03T18:28:19.661+0000] {processor.py:914} INFO - Processing file /opt/airflow/dags/get_data_faker.py for tasks to queue
[2025-09-03T18:28:19.664+0000] {logging_mixin.py:190} INFO - [2025-09-03T18:28:19.664+0000] {dagbag.py:588} INFO - Filling up the DagBag from /opt/airflow/dags/get_data_faker.py
[2025-09-03T18:28:19.744+0000] {processor.py:925} INFO - DAG(s) 'sales_data_etl' retrieved from /opt/airflow/dags/get_data_faker.py
[2025-09-03T18:28:19.769+0000] {logging_mixin.py:190} INFO - [2025-09-03T18:28:19.769+0000] {dag.py:3239} INFO - Sync 1 DAGs
[2025-09-03T18:28:19.790+0000] {logging_mixin.py:190} INFO - [2025-09-03T18:28:19.790+0000] {dag.py:4180} INFO - Setting next_dagrun for sales_data_etl to 2025-09-03 18:27:00+00:00, run_after=2025-09-03 18:28:00+00:00
[2025-09-03T18:28:19.806+0000] {processor.py:208} INFO - Processing /opt/airflow/dags/get_data_faker.py took 0.152 seconds
[2025-09-03T18:28:50.430+0000] {processor.py:186} INFO - Started process (PID=7128) to work on /opt/airflow/dags/get_data_faker.py
[2025-09-03T18:28:50.431+0000] {processor.py:914} INFO - Processing file /opt/airflow/dags/get_data_faker.py for tasks to queue
[2025-09-03T18:28:50.433+0000] {logging_mixin.py:190} INFO - [2025-09-03T18:28:50.433+0000] {dagbag.py:588} INFO - Filling up the DagBag from /opt/airflow/dags/get_data_faker.py
[2025-09-03T18:28:50.522+0000] {processor.py:925} INFO - DAG(s) 'sales_data_etl' retrieved from /opt/airflow/dags/get_data_faker.py
[2025-09-03T18:28:50.543+0000] {logging_mixin.py:190} INFO - [2025-09-03T18:28:50.543+0000] {dag.py:3239} INFO - Sync 1 DAGs
[2025-09-03T18:28:50.566+0000] {logging_mixin.py:190} INFO - [2025-09-03T18:28:50.566+0000] {dag.py:4180} INFO - Setting next_dagrun for sales_data_etl to 2025-09-03 18:27:00+00:00, run_after=2025-09-03 18:28:00+00:00
[2025-09-03T18:28:50.580+0000] {processor.py:208} INFO - Processing /opt/airflow/dags/get_data_faker.py took 0.157 seconds
[2025-09-03T18:29:21.062+0000] {processor.py:186} INFO - Started process (PID=7235) to work on /opt/airflow/dags/get_data_faker.py
[2025-09-03T18:29:21.063+0000] {processor.py:914} INFO - Processing file /opt/airflow/dags/get_data_faker.py for tasks to queue
[2025-09-03T18:29:21.065+0000] {logging_mixin.py:190} INFO - [2025-09-03T18:29:21.065+0000] {dagbag.py:588} INFO - Filling up the DagBag from /opt/airflow/dags/get_data_faker.py
[2025-09-03T18:29:21.144+0000] {processor.py:925} INFO - DAG(s) 'sales_data_etl' retrieved from /opt/airflow/dags/get_data_faker.py
[2025-09-03T18:29:21.174+0000] {logging_mixin.py:190} INFO - [2025-09-03T18:29:21.173+0000] {dag.py:3239} INFO - Sync 1 DAGs
[2025-09-03T18:29:21.198+0000] {logging_mixin.py:190} INFO - [2025-09-03T18:29:21.198+0000] {dag.py:4180} INFO - Setting next_dagrun for sales_data_etl to 2025-09-03 18:28:00+00:00, run_after=2025-09-03 18:29:00+00:00
[2025-09-03T18:29:21.213+0000] {processor.py:208} INFO - Processing /opt/airflow/dags/get_data_faker.py took 0.156 seconds
[2025-09-03T18:29:51.657+0000] {processor.py:186} INFO - Started process (PID=7340) to work on /opt/airflow/dags/get_data_faker.py
[2025-09-03T18:29:51.658+0000] {processor.py:914} INFO - Processing file /opt/airflow/dags/get_data_faker.py for tasks to queue
[2025-09-03T18:29:51.661+0000] {logging_mixin.py:190} INFO - [2025-09-03T18:29:51.661+0000] {dagbag.py:588} INFO - Filling up the DagBag from /opt/airflow/dags/get_data_faker.py
[2025-09-03T18:29:51.748+0000] {processor.py:925} INFO - DAG(s) 'sales_data_etl' retrieved from /opt/airflow/dags/get_data_faker.py
[2025-09-03T18:29:51.778+0000] {logging_mixin.py:190} INFO - [2025-09-03T18:29:51.778+0000] {dag.py:3239} INFO - Sync 1 DAGs
[2025-09-03T18:29:51.814+0000] {logging_mixin.py:190} INFO - [2025-09-03T18:29:51.814+0000] {dag.py:4180} INFO - Setting next_dagrun for sales_data_etl to 2025-09-03 18:28:00+00:00, run_after=2025-09-03 18:29:00+00:00
[2025-09-03T18:29:51.838+0000] {processor.py:208} INFO - Processing /opt/airflow/dags/get_data_faker.py took 0.185 seconds
[2025-09-03T18:30:22.350+0000] {processor.py:186} INFO - Started process (PID=7447) to work on /opt/airflow/dags/get_data_faker.py
[2025-09-03T18:30:22.352+0000] {processor.py:914} INFO - Processing file /opt/airflow/dags/get_data_faker.py for tasks to queue
[2025-09-03T18:30:22.354+0000] {logging_mixin.py:190} INFO - [2025-09-03T18:30:22.354+0000] {dagbag.py:588} INFO - Filling up the DagBag from /opt/airflow/dags/get_data_faker.py
[2025-09-03T18:30:22.443+0000] {processor.py:925} INFO - DAG(s) 'sales_data_etl' retrieved from /opt/airflow/dags/get_data_faker.py
[2025-09-03T18:30:22.473+0000] {logging_mixin.py:190} INFO - [2025-09-03T18:30:22.472+0000] {dag.py:3239} INFO - Sync 1 DAGs
[2025-09-03T18:30:22.509+0000] {logging_mixin.py:190} INFO - [2025-09-03T18:30:22.508+0000] {dag.py:4180} INFO - Setting next_dagrun for sales_data_etl to 2025-09-03 18:29:00+00:00, run_after=2025-09-03 18:30:00+00:00
[2025-09-03T18:30:22.543+0000] {processor.py:208} INFO - Processing /opt/airflow/dags/get_data_faker.py took 0.200 seconds
[2025-09-03T18:30:53.255+0000] {processor.py:186} INFO - Started process (PID=7554) to work on /opt/airflow/dags/get_data_faker.py
[2025-09-03T18:30:53.257+0000] {processor.py:914} INFO - Processing file /opt/airflow/dags/get_data_faker.py for tasks to queue
[2025-09-03T18:30:53.260+0000] {logging_mixin.py:190} INFO - [2025-09-03T18:30:53.259+0000] {dagbag.py:588} INFO - Filling up the DagBag from /opt/airflow/dags/get_data_faker.py
[2025-09-03T18:30:53.351+0000] {processor.py:925} INFO - DAG(s) 'sales_data_etl' retrieved from /opt/airflow/dags/get_data_faker.py
[2025-09-03T18:30:53.379+0000] {logging_mixin.py:190} INFO - [2025-09-03T18:30:53.379+0000] {dag.py:3239} INFO - Sync 1 DAGs
[2025-09-03T18:30:53.406+0000] {logging_mixin.py:190} INFO - [2025-09-03T18:30:53.406+0000] {dag.py:4180} INFO - Setting next_dagrun for sales_data_etl to 2025-09-03 18:29:00+00:00, run_after=2025-09-03 18:30:00+00:00
[2025-09-03T18:30:53.425+0000] {processor.py:208} INFO - Processing /opt/airflow/dags/get_data_faker.py took 0.176 seconds
[2025-09-03T18:31:24.158+0000] {processor.py:186} INFO - Started process (PID=7663) to work on /opt/airflow/dags/get_data_faker.py
[2025-09-03T18:31:24.159+0000] {processor.py:914} INFO - Processing file /opt/airflow/dags/get_data_faker.py for tasks to queue
[2025-09-03T18:31:24.163+0000] {logging_mixin.py:190} INFO - [2025-09-03T18:31:24.163+0000] {dagbag.py:588} INFO - Filling up the DagBag from /opt/airflow/dags/get_data_faker.py
[2025-09-03T18:31:24.245+0000] {processor.py:925} INFO - DAG(s) 'sales_data_etl' retrieved from /opt/airflow/dags/get_data_faker.py
[2025-09-03T18:31:24.265+0000] {logging_mixin.py:190} INFO - [2025-09-03T18:31:24.265+0000] {dag.py:3239} INFO - Sync 1 DAGs
[2025-09-03T18:31:24.287+0000] {logging_mixin.py:190} INFO - [2025-09-03T18:31:24.287+0000] {dag.py:4180} INFO - Setting next_dagrun for sales_data_etl to 2025-09-03 18:30:00+00:00, run_after=2025-09-03 18:31:00+00:00
[2025-09-03T18:31:24.307+0000] {processor.py:208} INFO - Processing /opt/airflow/dags/get_data_faker.py took 0.154 seconds
[2025-09-03T18:31:54.993+0000] {processor.py:186} INFO - Started process (PID=7768) to work on /opt/airflow/dags/get_data_faker.py
[2025-09-03T18:31:54.995+0000] {processor.py:914} INFO - Processing file /opt/airflow/dags/get_data_faker.py for tasks to queue
[2025-09-03T18:31:54.998+0000] {logging_mixin.py:190} INFO - [2025-09-03T18:31:54.998+0000] {dagbag.py:588} INFO - Filling up the DagBag from /opt/airflow/dags/get_data_faker.py
[2025-09-03T18:31:55.087+0000] {processor.py:925} INFO - DAG(s) 'sales_data_etl' retrieved from /opt/airflow/dags/get_data_faker.py
[2025-09-03T18:31:55.116+0000] {logging_mixin.py:190} INFO - [2025-09-03T18:31:55.116+0000] {dag.py:3239} INFO - Sync 1 DAGs
[2025-09-03T18:31:55.144+0000] {logging_mixin.py:190} INFO - [2025-09-03T18:31:55.143+0000] {dag.py:4180} INFO - Setting next_dagrun for sales_data_etl to 2025-09-03 18:30:00+00:00, run_after=2025-09-03 18:31:00+00:00
[2025-09-03T18:31:55.165+0000] {processor.py:208} INFO - Processing /opt/airflow/dags/get_data_faker.py took 0.178 seconds
[2025-09-03T18:32:25.993+0000] {processor.py:186} INFO - Started process (PID=7875) to work on /opt/airflow/dags/get_data_faker.py
[2025-09-03T18:32:25.994+0000] {processor.py:914} INFO - Processing file /opt/airflow/dags/get_data_faker.py for tasks to queue
[2025-09-03T18:32:25.996+0000] {logging_mixin.py:190} INFO - [2025-09-03T18:32:25.996+0000] {dagbag.py:588} INFO - Filling up the DagBag from /opt/airflow/dags/get_data_faker.py
[2025-09-03T18:32:26.086+0000] {processor.py:925} INFO - DAG(s) 'sales_data_etl' retrieved from /opt/airflow/dags/get_data_faker.py
[2025-09-03T18:32:26.112+0000] {logging_mixin.py:190} INFO - [2025-09-03T18:32:26.112+0000] {dag.py:3239} INFO - Sync 1 DAGs
[2025-09-03T18:32:26.142+0000] {logging_mixin.py:190} INFO - [2025-09-03T18:32:26.142+0000] {dag.py:4180} INFO - Setting next_dagrun for sales_data_etl to 2025-09-03 18:31:00+00:00, run_after=2025-09-03 18:32:00+00:00
[2025-09-03T18:32:26.163+0000] {processor.py:208} INFO - Processing /opt/airflow/dags/get_data_faker.py took 0.179 seconds
[2025-09-03T18:32:56.799+0000] {processor.py:186} INFO - Started process (PID=7982) to work on /opt/airflow/dags/get_data_faker.py
[2025-09-03T18:32:56.800+0000] {processor.py:914} INFO - Processing file /opt/airflow/dags/get_data_faker.py for tasks to queue
[2025-09-03T18:32:56.802+0000] {logging_mixin.py:190} INFO - [2025-09-03T18:32:56.802+0000] {dagbag.py:588} INFO - Filling up the DagBag from /opt/airflow/dags/get_data_faker.py
[2025-09-03T18:32:56.895+0000] {processor.py:925} INFO - DAG(s) 'sales_data_etl' retrieved from /opt/airflow/dags/get_data_faker.py
[2025-09-03T18:32:56.919+0000] {logging_mixin.py:190} INFO - [2025-09-03T18:32:56.918+0000] {dag.py:3239} INFO - Sync 1 DAGs
[2025-09-03T18:32:56.954+0000] {logging_mixin.py:190} INFO - [2025-09-03T18:32:56.953+0000] {dag.py:4180} INFO - Setting next_dagrun for sales_data_etl to 2025-09-03 18:31:00+00:00, run_after=2025-09-03 18:32:00+00:00
[2025-09-03T18:32:56.981+0000] {processor.py:208} INFO - Processing /opt/airflow/dags/get_data_faker.py took 0.186 seconds
[2025-09-03T18:33:27.696+0000] {processor.py:186} INFO - Started process (PID=8091) to work on /opt/airflow/dags/get_data_faker.py
[2025-09-03T18:33:27.697+0000] {processor.py:914} INFO - Processing file /opt/airflow/dags/get_data_faker.py for tasks to queue
[2025-09-03T18:33:27.699+0000] {logging_mixin.py:190} INFO - [2025-09-03T18:33:27.699+0000] {dagbag.py:588} INFO - Filling up the DagBag from /opt/airflow/dags/get_data_faker.py
[2025-09-03T18:33:27.775+0000] {processor.py:925} INFO - DAG(s) 'sales_data_etl' retrieved from /opt/airflow/dags/get_data_faker.py
[2025-09-03T18:33:27.798+0000] {logging_mixin.py:190} INFO - [2025-09-03T18:33:27.797+0000] {dag.py:3239} INFO - Sync 1 DAGs
[2025-09-03T18:33:27.818+0000] {logging_mixin.py:190} INFO - [2025-09-03T18:33:27.818+0000] {dag.py:4180} INFO - Setting next_dagrun for sales_data_etl to 2025-09-03 18:32:00+00:00, run_after=2025-09-03 18:33:00+00:00
[2025-09-03T18:33:27.840+0000] {processor.py:208} INFO - Processing /opt/airflow/dags/get_data_faker.py took 0.149 seconds
[2025-09-03T18:33:58.614+0000] {processor.py:186} INFO - Started process (PID=8204) to work on /opt/airflow/dags/get_data_faker.py
[2025-09-03T18:33:58.615+0000] {processor.py:914} INFO - Processing file /opt/airflow/dags/get_data_faker.py for tasks to queue
[2025-09-03T18:33:58.618+0000] {logging_mixin.py:190} INFO - [2025-09-03T18:33:58.617+0000] {dagbag.py:588} INFO - Filling up the DagBag from /opt/airflow/dags/get_data_faker.py
[2025-09-03T18:33:58.697+0000] {processor.py:925} INFO - DAG(s) 'sales_data_etl' retrieved from /opt/airflow/dags/get_data_faker.py
[2025-09-03T18:33:58.722+0000] {logging_mixin.py:190} INFO - [2025-09-03T18:33:58.722+0000] {dag.py:3239} INFO - Sync 1 DAGs
[2025-09-03T18:33:58.744+0000] {logging_mixin.py:190} INFO - [2025-09-03T18:33:58.744+0000] {dag.py:4180} INFO - Setting next_dagrun for sales_data_etl to 2025-09-03 18:32:00+00:00, run_after=2025-09-03 18:33:00+00:00
[2025-09-03T18:33:58.761+0000] {processor.py:208} INFO - Processing /opt/airflow/dags/get_data_faker.py took 0.152 seconds
[2025-09-03T18:34:29.373+0000] {processor.py:186} INFO - Started process (PID=8308) to work on /opt/airflow/dags/get_data_faker.py
[2025-09-03T18:34:29.374+0000] {processor.py:914} INFO - Processing file /opt/airflow/dags/get_data_faker.py for tasks to queue
[2025-09-03T18:34:29.376+0000] {logging_mixin.py:190} INFO - [2025-09-03T18:34:29.376+0000] {dagbag.py:588} INFO - Filling up the DagBag from /opt/airflow/dags/get_data_faker.py
[2025-09-03T18:34:29.477+0000] {processor.py:925} INFO - DAG(s) 'sales_data_etl' retrieved from /opt/airflow/dags/get_data_faker.py
[2025-09-03T18:34:29.502+0000] {logging_mixin.py:190} INFO - [2025-09-03T18:34:29.502+0000] {dag.py:3239} INFO - Sync 1 DAGs
[2025-09-03T18:34:29.533+0000] {logging_mixin.py:190} INFO - [2025-09-03T18:34:29.533+0000] {dag.py:4180} INFO - Setting next_dagrun for sales_data_etl to 2025-09-03 18:33:00+00:00, run_after=2025-09-03 18:34:00+00:00
[2025-09-03T18:34:29.557+0000] {processor.py:208} INFO - Processing /opt/airflow/dags/get_data_faker.py took 0.193 seconds
[2025-09-03T18:35:00.294+0000] {processor.py:186} INFO - Started process (PID=8415) to work on /opt/airflow/dags/get_data_faker.py
[2025-09-03T18:35:00.294+0000] {processor.py:914} INFO - Processing file /opt/airflow/dags/get_data_faker.py for tasks to queue
[2025-09-03T18:35:00.297+0000] {logging_mixin.py:190} INFO - [2025-09-03T18:35:00.297+0000] {dagbag.py:588} INFO - Filling up the DagBag from /opt/airflow/dags/get_data_faker.py
[2025-09-03T18:35:00.391+0000] {processor.py:925} INFO - DAG(s) 'sales_data_etl' retrieved from /opt/airflow/dags/get_data_faker.py
[2025-09-03T18:35:00.420+0000] {logging_mixin.py:190} INFO - [2025-09-03T18:35:00.420+0000] {dag.py:3239} INFO - Sync 1 DAGs
[2025-09-03T18:35:00.454+0000] {logging_mixin.py:190} INFO - [2025-09-03T18:35:00.454+0000] {dag.py:4180} INFO - Setting next_dagrun for sales_data_etl to 2025-09-03 18:34:00+00:00, run_after=2025-09-03 18:35:00+00:00
[2025-09-03T18:35:00.479+0000] {processor.py:208} INFO - Processing /opt/airflow/dags/get_data_faker.py took 0.191 seconds
[2025-09-03T18:35:31.193+0000] {processor.py:186} INFO - Started process (PID=8524) to work on /opt/airflow/dags/get_data_faker.py
[2025-09-03T18:35:31.195+0000] {processor.py:914} INFO - Processing file /opt/airflow/dags/get_data_faker.py for tasks to queue
[2025-09-03T18:35:31.196+0000] {logging_mixin.py:190} INFO - [2025-09-03T18:35:31.196+0000] {dagbag.py:588} INFO - Filling up the DagBag from /opt/airflow/dags/get_data_faker.py
[2025-09-03T18:35:31.263+0000] {processor.py:925} INFO - DAG(s) 'sales_data_etl' retrieved from /opt/airflow/dags/get_data_faker.py
[2025-09-03T18:35:31.281+0000] {logging_mixin.py:190} INFO - [2025-09-03T18:35:31.281+0000] {dag.py:3239} INFO - Sync 1 DAGs
[2025-09-03T18:35:31.301+0000] {logging_mixin.py:190} INFO - [2025-09-03T18:35:31.301+0000] {dag.py:4180} INFO - Setting next_dagrun for sales_data_etl to 2025-09-03 18:34:00+00:00, run_after=2025-09-03 18:35:00+00:00
[2025-09-03T18:35:31.316+0000] {processor.py:208} INFO - Processing /opt/airflow/dags/get_data_faker.py took 0.127 seconds
[2025-09-03T18:36:02.184+0000] {processor.py:186} INFO - Started process (PID=8630) to work on /opt/airflow/dags/get_data_faker.py
[2025-09-03T18:36:02.185+0000] {processor.py:914} INFO - Processing file /opt/airflow/dags/get_data_faker.py for tasks to queue
[2025-09-03T18:36:02.187+0000] {logging_mixin.py:190} INFO - [2025-09-03T18:36:02.186+0000] {dagbag.py:588} INFO - Filling up the DagBag from /opt/airflow/dags/get_data_faker.py
[2025-09-03T18:36:02.254+0000] {processor.py:925} INFO - DAG(s) 'sales_data_etl' retrieved from /opt/airflow/dags/get_data_faker.py
[2025-09-03T18:36:02.271+0000] {logging_mixin.py:190} INFO - [2025-09-03T18:36:02.271+0000] {dag.py:3239} INFO - Sync 1 DAGs
[2025-09-03T18:36:02.290+0000] {logging_mixin.py:190} INFO - [2025-09-03T18:36:02.290+0000] {dag.py:4180} INFO - Setting next_dagrun for sales_data_etl to 2025-09-03 18:35:00+00:00, run_after=2025-09-03 18:36:00+00:00
[2025-09-03T18:36:02.304+0000] {processor.py:208} INFO - Processing /opt/airflow/dags/get_data_faker.py took 0.125 seconds
[2025-09-03T18:36:33.137+0000] {processor.py:186} INFO - Started process (PID=8735) to work on /opt/airflow/dags/get_data_faker.py
[2025-09-03T18:36:33.139+0000] {processor.py:914} INFO - Processing file /opt/airflow/dags/get_data_faker.py for tasks to queue
[2025-09-03T18:36:33.142+0000] {logging_mixin.py:190} INFO - [2025-09-03T18:36:33.141+0000] {dagbag.py:588} INFO - Filling up the DagBag from /opt/airflow/dags/get_data_faker.py
[2025-09-03T18:36:33.222+0000] {processor.py:925} INFO - DAG(s) 'sales_data_etl' retrieved from /opt/airflow/dags/get_data_faker.py
[2025-09-03T18:36:33.252+0000] {logging_mixin.py:190} INFO - [2025-09-03T18:36:33.251+0000] {dag.py:3239} INFO - Sync 1 DAGs
[2025-09-03T18:36:33.282+0000] {logging_mixin.py:190} INFO - [2025-09-03T18:36:33.282+0000] {dag.py:4180} INFO - Setting next_dagrun for sales_data_etl to 2025-09-03 18:35:00+00:00, run_after=2025-09-03 18:36:00+00:00
[2025-09-03T18:36:33.304+0000] {processor.py:208} INFO - Processing /opt/airflow/dags/get_data_faker.py took 0.175 seconds
[2025-09-03T18:37:04.177+0000] {processor.py:186} INFO - Started process (PID=8844) to work on /opt/airflow/dags/get_data_faker.py
[2025-09-03T18:37:04.178+0000] {processor.py:914} INFO - Processing file /opt/airflow/dags/get_data_faker.py for tasks to queue
[2025-09-03T18:37:04.181+0000] {logging_mixin.py:190} INFO - [2025-09-03T18:37:04.181+0000] {dagbag.py:588} INFO - Filling up the DagBag from /opt/airflow/dags/get_data_faker.py
[2025-09-03T18:37:04.301+0000] {processor.py:925} INFO - DAG(s) 'sales_data_etl' retrieved from /opt/airflow/dags/get_data_faker.py
[2025-09-03T18:37:04.329+0000] {logging_mixin.py:190} INFO - [2025-09-03T18:37:04.329+0000] {dag.py:3239} INFO - Sync 1 DAGs
[2025-09-03T18:37:04.358+0000] {logging_mixin.py:190} INFO - [2025-09-03T18:37:04.357+0000] {dag.py:4180} INFO - Setting next_dagrun for sales_data_etl to 2025-09-03 18:36:00+00:00, run_after=2025-09-03 18:37:00+00:00
[2025-09-03T18:37:04.379+0000] {processor.py:208} INFO - Processing /opt/airflow/dags/get_data_faker.py took 0.208 seconds
[2025-09-03T18:37:35.265+0000] {processor.py:186} INFO - Started process (PID=8951) to work on /opt/airflow/dags/get_data_faker.py
[2025-09-03T18:37:35.266+0000] {processor.py:914} INFO - Processing file /opt/airflow/dags/get_data_faker.py for tasks to queue
[2025-09-03T18:37:35.269+0000] {logging_mixin.py:190} INFO - [2025-09-03T18:37:35.269+0000] {dagbag.py:588} INFO - Filling up the DagBag from /opt/airflow/dags/get_data_faker.py
[2025-09-03T18:37:35.372+0000] {processor.py:925} INFO - DAG(s) 'sales_data_etl' retrieved from /opt/airflow/dags/get_data_faker.py
[2025-09-03T18:37:35.411+0000] {logging_mixin.py:190} INFO - [2025-09-03T18:37:35.410+0000] {dag.py:3239} INFO - Sync 1 DAGs
[2025-09-03T18:37:35.448+0000] {logging_mixin.py:190} INFO - [2025-09-03T18:37:35.447+0000] {dag.py:4180} INFO - Setting next_dagrun for sales_data_etl to 2025-09-03 18:36:00+00:00, run_after=2025-09-03 18:37:00+00:00
[2025-09-03T18:37:35.482+0000] {processor.py:208} INFO - Processing /opt/airflow/dags/get_data_faker.py took 0.225 seconds
[2025-09-03T18:38:06.311+0000] {processor.py:186} INFO - Started process (PID=9058) to work on /opt/airflow/dags/get_data_faker.py
[2025-09-03T18:38:06.311+0000] {processor.py:914} INFO - Processing file /opt/airflow/dags/get_data_faker.py for tasks to queue
[2025-09-03T18:38:06.315+0000] {logging_mixin.py:190} INFO - [2025-09-03T18:38:06.314+0000] {dagbag.py:588} INFO - Filling up the DagBag from /opt/airflow/dags/get_data_faker.py
[2025-09-03T18:38:06.389+0000] {processor.py:925} INFO - DAG(s) 'sales_data_etl' retrieved from /opt/airflow/dags/get_data_faker.py
[2025-09-03T18:38:06.417+0000] {logging_mixin.py:190} INFO - [2025-09-03T18:38:06.417+0000] {dag.py:3239} INFO - Sync 1 DAGs
[2025-09-03T18:38:06.441+0000] {logging_mixin.py:190} INFO - [2025-09-03T18:38:06.441+0000] {dag.py:4180} INFO - Setting next_dagrun for sales_data_etl to 2025-09-03 18:37:00+00:00, run_after=2025-09-03 18:38:00+00:00
[2025-09-03T18:38:06.458+0000] {processor.py:208} INFO - Processing /opt/airflow/dags/get_data_faker.py took 0.155 seconds
[2025-09-03T18:38:37.306+0000] {processor.py:186} INFO - Started process (PID=9165) to work on /opt/airflow/dags/get_data_faker.py
[2025-09-03T18:38:37.307+0000] {processor.py:914} INFO - Processing file /opt/airflow/dags/get_data_faker.py for tasks to queue
[2025-09-03T18:38:37.310+0000] {logging_mixin.py:190} INFO - [2025-09-03T18:38:37.310+0000] {dagbag.py:588} INFO - Filling up the DagBag from /opt/airflow/dags/get_data_faker.py
[2025-09-03T18:38:37.391+0000] {processor.py:925} INFO - DAG(s) 'sales_data_etl' retrieved from /opt/airflow/dags/get_data_faker.py
[2025-09-03T18:38:37.417+0000] {logging_mixin.py:190} INFO - [2025-09-03T18:38:37.416+0000] {dag.py:3239} INFO - Sync 1 DAGs
[2025-09-03T18:38:37.550+0000] {logging_mixin.py:190} INFO - [2025-09-03T18:38:37.550+0000] {dag.py:4180} INFO - Setting next_dagrun for sales_data_etl to 2025-09-03 18:37:00+00:00, run_after=2025-09-03 18:38:00+00:00
[2025-09-03T18:38:37.567+0000] {processor.py:208} INFO - Processing /opt/airflow/dags/get_data_faker.py took 0.266 seconds
[2025-09-03T18:39:08.047+0000] {processor.py:186} INFO - Started process (PID=9272) to work on /opt/airflow/dags/get_data_faker.py
[2025-09-03T18:39:08.049+0000] {processor.py:914} INFO - Processing file /opt/airflow/dags/get_data_faker.py for tasks to queue
[2025-09-03T18:39:08.051+0000] {logging_mixin.py:190} INFO - [2025-09-03T18:39:08.051+0000] {dagbag.py:588} INFO - Filling up the DagBag from /opt/airflow/dags/get_data_faker.py
[2025-09-03T18:39:08.131+0000] {processor.py:925} INFO - DAG(s) 'sales_data_etl' retrieved from /opt/airflow/dags/get_data_faker.py
[2025-09-03T18:39:08.156+0000] {logging_mixin.py:190} INFO - [2025-09-03T18:39:08.156+0000] {dag.py:3239} INFO - Sync 1 DAGs
[2025-09-03T18:39:08.285+0000] {logging_mixin.py:190} INFO - [2025-09-03T18:39:08.285+0000] {dag.py:4180} INFO - Setting next_dagrun for sales_data_etl to 2025-09-03 18:38:00+00:00, run_after=2025-09-03 18:39:00+00:00
[2025-09-03T18:39:08.307+0000] {processor.py:208} INFO - Processing /opt/airflow/dags/get_data_faker.py took 0.267 seconds
[2025-09-03T18:39:38.430+0000] {processor.py:186} INFO - Started process (PID=9384) to work on /opt/airflow/dags/get_data_faker.py
[2025-09-03T18:39:38.433+0000] {processor.py:914} INFO - Processing file /opt/airflow/dags/get_data_faker.py for tasks to queue
[2025-09-03T18:39:38.435+0000] {logging_mixin.py:190} INFO - [2025-09-03T18:39:38.435+0000] {dagbag.py:588} INFO - Filling up the DagBag from /opt/airflow/dags/get_data_faker.py
[2025-09-03T18:39:38.512+0000] {processor.py:925} INFO - DAG(s) 'sales_data_etl' retrieved from /opt/airflow/dags/get_data_faker.py
[2025-09-03T18:39:38.540+0000] {logging_mixin.py:190} INFO - [2025-09-03T18:39:38.539+0000] {dag.py:3239} INFO - Sync 1 DAGs
[2025-09-03T18:39:38.560+0000] {logging_mixin.py:190} INFO - [2025-09-03T18:39:38.560+0000] {dag.py:4180} INFO - Setting next_dagrun for sales_data_etl to 2025-09-03 18:38:00+00:00, run_after=2025-09-03 18:39:00+00:00
[2025-09-03T18:39:38.702+0000] {processor.py:208} INFO - Processing /opt/airflow/dags/get_data_faker.py took 0.277 seconds
[2025-09-03T18:40:09.255+0000] {processor.py:186} INFO - Started process (PID=9491) to work on /opt/airflow/dags/get_data_faker.py
[2025-09-03T18:40:09.256+0000] {processor.py:914} INFO - Processing file /opt/airflow/dags/get_data_faker.py for tasks to queue
[2025-09-03T18:40:09.259+0000] {logging_mixin.py:190} INFO - [2025-09-03T18:40:09.259+0000] {dagbag.py:588} INFO - Filling up the DagBag from /opt/airflow/dags/get_data_faker.py
[2025-09-03T18:40:09.325+0000] {processor.py:925} INFO - DAG(s) 'sales_data_etl' retrieved from /opt/airflow/dags/get_data_faker.py
[2025-09-03T18:40:09.346+0000] {logging_mixin.py:190} INFO - [2025-09-03T18:40:09.346+0000] {dag.py:3239} INFO - Sync 1 DAGs
[2025-09-03T18:40:09.365+0000] {logging_mixin.py:190} INFO - [2025-09-03T18:40:09.365+0000] {dag.py:4180} INFO - Setting next_dagrun for sales_data_etl to 2025-09-03 18:39:00+00:00, run_after=2025-09-03 18:40:00+00:00
[2025-09-03T18:40:09.381+0000] {processor.py:208} INFO - Processing /opt/airflow/dags/get_data_faker.py took 0.130 seconds
[2025-09-03T18:40:39.712+0000] {processor.py:186} INFO - Started process (PID=9591) to work on /opt/airflow/dags/get_data_faker.py
[2025-09-03T18:40:39.712+0000] {processor.py:914} INFO - Processing file /opt/airflow/dags/get_data_faker.py for tasks to queue
[2025-09-03T18:40:39.715+0000] {logging_mixin.py:190} INFO - [2025-09-03T18:40:39.715+0000] {dagbag.py:588} INFO - Filling up the DagBag from /opt/airflow/dags/get_data_faker.py
[2025-09-03T18:40:39.794+0000] {processor.py:925} INFO - DAG(s) 'sales_data_etl' retrieved from /opt/airflow/dags/get_data_faker.py
[2025-09-03T18:40:39.814+0000] {logging_mixin.py:190} INFO - [2025-09-03T18:40:39.814+0000] {dag.py:3239} INFO - Sync 1 DAGs
[2025-09-03T18:40:39.841+0000] {logging_mixin.py:190} INFO - [2025-09-03T18:40:39.840+0000] {dag.py:4180} INFO - Setting next_dagrun for sales_data_etl to 2025-09-03 18:39:00+00:00, run_after=2025-09-03 18:40:00+00:00
[2025-09-03T18:40:39.861+0000] {processor.py:208} INFO - Processing /opt/airflow/dags/get_data_faker.py took 0.154 seconds
[2025-09-03T18:41:10.445+0000] {processor.py:186} INFO - Started process (PID=9697) to work on /opt/airflow/dags/get_data_faker.py
[2025-09-03T18:41:10.446+0000] {processor.py:914} INFO - Processing file /opt/airflow/dags/get_data_faker.py for tasks to queue
[2025-09-03T18:41:10.448+0000] {logging_mixin.py:190} INFO - [2025-09-03T18:41:10.448+0000] {dagbag.py:588} INFO - Filling up the DagBag from /opt/airflow/dags/get_data_faker.py
[2025-09-03T18:41:10.538+0000] {processor.py:925} INFO - DAG(s) 'sales_data_etl' retrieved from /opt/airflow/dags/get_data_faker.py
[2025-09-03T18:41:10.568+0000] {logging_mixin.py:190} INFO - [2025-09-03T18:41:10.568+0000] {dag.py:3239} INFO - Sync 1 DAGs
[2025-09-03T18:41:10.604+0000] {logging_mixin.py:190} INFO - [2025-09-03T18:41:10.604+0000] {dag.py:4180} INFO - Setting next_dagrun for sales_data_etl to 2025-09-03 18:40:00+00:00, run_after=2025-09-03 18:41:00+00:00
[2025-09-03T18:41:10.626+0000] {processor.py:208} INFO - Processing /opt/airflow/dags/get_data_faker.py took 0.187 seconds
[2025-09-03T18:41:41.183+0000] {processor.py:186} INFO - Started process (PID=9804) to work on /opt/airflow/dags/get_data_faker.py
[2025-09-03T18:41:41.184+0000] {processor.py:914} INFO - Processing file /opt/airflow/dags/get_data_faker.py for tasks to queue
[2025-09-03T18:41:41.187+0000] {logging_mixin.py:190} INFO - [2025-09-03T18:41:41.186+0000] {dagbag.py:588} INFO - Filling up the DagBag from /opt/airflow/dags/get_data_faker.py
[2025-09-03T18:41:41.274+0000] {processor.py:925} INFO - DAG(s) 'sales_data_etl' retrieved from /opt/airflow/dags/get_data_faker.py
[2025-09-03T18:41:41.298+0000] {logging_mixin.py:190} INFO - [2025-09-03T18:41:41.298+0000] {dag.py:3239} INFO - Sync 1 DAGs
[2025-09-03T18:41:41.325+0000] {logging_mixin.py:190} INFO - [2025-09-03T18:41:41.325+0000] {dag.py:4180} INFO - Setting next_dagrun for sales_data_etl to 2025-09-03 18:40:00+00:00, run_after=2025-09-03 18:41:00+00:00
[2025-09-03T18:41:41.351+0000] {processor.py:208} INFO - Processing /opt/airflow/dags/get_data_faker.py took 0.173 seconds
[2025-09-03T18:42:11.873+0000] {processor.py:186} INFO - Started process (PID=9911) to work on /opt/airflow/dags/get_data_faker.py
[2025-09-03T18:42:11.874+0000] {processor.py:914} INFO - Processing file /opt/airflow/dags/get_data_faker.py for tasks to queue
[2025-09-03T18:42:11.877+0000] {logging_mixin.py:190} INFO - [2025-09-03T18:42:11.877+0000] {dagbag.py:588} INFO - Filling up the DagBag from /opt/airflow/dags/get_data_faker.py
[2025-09-03T18:42:11.977+0000] {processor.py:925} INFO - DAG(s) 'sales_data_etl' retrieved from /opt/airflow/dags/get_data_faker.py
[2025-09-03T18:42:12.006+0000] {logging_mixin.py:190} INFO - [2025-09-03T18:42:12.006+0000] {dag.py:3239} INFO - Sync 1 DAGs
[2025-09-03T18:42:12.029+0000] {logging_mixin.py:190} INFO - [2025-09-03T18:42:12.029+0000] {dag.py:4180} INFO - Setting next_dagrun for sales_data_etl to 2025-09-03 18:41:00+00:00, run_after=2025-09-03 18:42:00+00:00
[2025-09-03T18:42:12.046+0000] {processor.py:208} INFO - Processing /opt/airflow/dags/get_data_faker.py took 0.178 seconds
[2025-09-03T18:42:42.732+0000] {processor.py:186} INFO - Started process (PID=10020) to work on /opt/airflow/dags/get_data_faker.py
[2025-09-03T18:42:42.733+0000] {processor.py:914} INFO - Processing file /opt/airflow/dags/get_data_faker.py for tasks to queue
[2025-09-03T18:42:42.738+0000] {logging_mixin.py:190} INFO - [2025-09-03T18:42:42.737+0000] {dagbag.py:588} INFO - Filling up the DagBag from /opt/airflow/dags/get_data_faker.py
[2025-09-03T18:42:42.844+0000] {processor.py:925} INFO - DAG(s) 'sales_data_etl' retrieved from /opt/airflow/dags/get_data_faker.py
[2025-09-03T18:42:42.873+0000] {logging_mixin.py:190} INFO - [2025-09-03T18:42:42.873+0000] {dag.py:3239} INFO - Sync 1 DAGs
[2025-09-03T18:42:42.901+0000] {logging_mixin.py:190} INFO - [2025-09-03T18:42:42.900+0000] {dag.py:4180} INFO - Setting next_dagrun for sales_data_etl to 2025-09-03 18:41:00+00:00, run_after=2025-09-03 18:42:00+00:00
[2025-09-03T18:42:42.924+0000] {processor.py:208} INFO - Processing /opt/airflow/dags/get_data_faker.py took 0.202 seconds
[2025-09-03T18:43:13.628+0000] {processor.py:186} INFO - Started process (PID=10132) to work on /opt/airflow/dags/get_data_faker.py
[2025-09-03T18:43:13.630+0000] {processor.py:914} INFO - Processing file /opt/airflow/dags/get_data_faker.py for tasks to queue
[2025-09-03T18:43:13.631+0000] {logging_mixin.py:190} INFO - [2025-09-03T18:43:13.631+0000] {dagbag.py:588} INFO - Filling up the DagBag from /opt/airflow/dags/get_data_faker.py
[2025-09-03T18:43:13.698+0000] {processor.py:925} INFO - DAG(s) 'sales_data_etl' retrieved from /opt/airflow/dags/get_data_faker.py
[2025-09-03T18:43:13.716+0000] {logging_mixin.py:190} INFO - [2025-09-03T18:43:13.716+0000] {dag.py:3239} INFO - Sync 1 DAGs
[2025-09-03T18:43:13.735+0000] {logging_mixin.py:190} INFO - [2025-09-03T18:43:13.735+0000] {dag.py:4180} INFO - Setting next_dagrun for sales_data_etl to 2025-09-03 18:42:00+00:00, run_after=2025-09-03 18:43:00+00:00
[2025-09-03T18:43:13.752+0000] {processor.py:208} INFO - Processing /opt/airflow/dags/get_data_faker.py took 0.129 seconds
[2025-09-03T18:43:44.192+0000] {processor.py:186} INFO - Started process (PID=10234) to work on /opt/airflow/dags/get_data_faker.py
[2025-09-03T18:43:44.194+0000] {processor.py:914} INFO - Processing file /opt/airflow/dags/get_data_faker.py for tasks to queue
[2025-09-03T18:43:44.197+0000] {logging_mixin.py:190} INFO - [2025-09-03T18:43:44.196+0000] {dagbag.py:588} INFO - Filling up the DagBag from /opt/airflow/dags/get_data_faker.py
[2025-09-03T18:43:44.276+0000] {processor.py:925} INFO - DAG(s) 'sales_data_etl' retrieved from /opt/airflow/dags/get_data_faker.py
[2025-09-03T18:43:44.303+0000] {logging_mixin.py:190} INFO - [2025-09-03T18:43:44.303+0000] {dag.py:3239} INFO - Sync 1 DAGs
[2025-09-03T18:43:44.333+0000] {logging_mixin.py:190} INFO - [2025-09-03T18:43:44.332+0000] {dag.py:4180} INFO - Setting next_dagrun for sales_data_etl to 2025-09-03 18:42:00+00:00, run_after=2025-09-03 18:43:00+00:00
[2025-09-03T18:43:44.354+0000] {processor.py:208} INFO - Processing /opt/airflow/dags/get_data_faker.py took 0.167 seconds
[2025-09-03T18:44:15.114+0000] {processor.py:186} INFO - Started process (PID=10346) to work on /opt/airflow/dags/get_data_faker.py
[2025-09-03T18:44:15.115+0000] {processor.py:914} INFO - Processing file /opt/airflow/dags/get_data_faker.py for tasks to queue
[2025-09-03T18:44:15.117+0000] {logging_mixin.py:190} INFO - [2025-09-03T18:44:15.117+0000] {dagbag.py:588} INFO - Filling up the DagBag from /opt/airflow/dags/get_data_faker.py
[2025-09-03T18:44:15.191+0000] {processor.py:925} INFO - DAG(s) 'sales_data_etl' retrieved from /opt/airflow/dags/get_data_faker.py
[2025-09-03T18:44:15.212+0000] {logging_mixin.py:190} INFO - [2025-09-03T18:44:15.212+0000] {dag.py:3239} INFO - Sync 1 DAGs
[2025-09-03T18:44:15.238+0000] {logging_mixin.py:190} INFO - [2025-09-03T18:44:15.238+0000] {dag.py:4180} INFO - Setting next_dagrun for sales_data_etl to 2025-09-03 18:43:00+00:00, run_after=2025-09-03 18:44:00+00:00
[2025-09-03T18:44:15.254+0000] {processor.py:208} INFO - Processing /opt/airflow/dags/get_data_faker.py took 0.147 seconds
[2025-09-03T18:44:45.730+0000] {processor.py:186} INFO - Started process (PID=10445) to work on /opt/airflow/dags/get_data_faker.py
[2025-09-03T18:44:45.732+0000] {processor.py:914} INFO - Processing file /opt/airflow/dags/get_data_faker.py for tasks to queue
[2025-09-03T18:44:45.736+0000] {logging_mixin.py:190} INFO - [2025-09-03T18:44:45.735+0000] {dagbag.py:588} INFO - Filling up the DagBag from /opt/airflow/dags/get_data_faker.py
[2025-09-03T18:44:45.858+0000] {processor.py:925} INFO - DAG(s) 'sales_data_etl' retrieved from /opt/airflow/dags/get_data_faker.py
[2025-09-03T18:44:45.881+0000] {logging_mixin.py:190} INFO - [2025-09-03T18:44:45.881+0000] {dag.py:3239} INFO - Sync 1 DAGs
[2025-09-03T18:44:45.911+0000] {logging_mixin.py:190} INFO - [2025-09-03T18:44:45.911+0000] {dag.py:4180} INFO - Setting next_dagrun for sales_data_etl to 2025-09-03 18:43:00+00:00, run_after=2025-09-03 18:44:00+00:00
[2025-09-03T18:44:45.932+0000] {processor.py:208} INFO - Processing /opt/airflow/dags/get_data_faker.py took 0.211 seconds
[2025-09-03T18:45:16.481+0000] {processor.py:186} INFO - Started process (PID=10552) to work on /opt/airflow/dags/get_data_faker.py
[2025-09-03T18:45:16.482+0000] {processor.py:914} INFO - Processing file /opt/airflow/dags/get_data_faker.py for tasks to queue
[2025-09-03T18:45:16.486+0000] {logging_mixin.py:190} INFO - [2025-09-03T18:45:16.485+0000] {dagbag.py:588} INFO - Filling up the DagBag from /opt/airflow/dags/get_data_faker.py
[2025-09-03T18:45:16.587+0000] {processor.py:925} INFO - DAG(s) 'sales_data_etl' retrieved from /opt/airflow/dags/get_data_faker.py
[2025-09-03T18:45:16.624+0000] {logging_mixin.py:190} INFO - [2025-09-03T18:45:16.624+0000] {dag.py:3239} INFO - Sync 1 DAGs
[2025-09-03T18:45:16.669+0000] {logging_mixin.py:190} INFO - [2025-09-03T18:45:16.669+0000] {dag.py:4180} INFO - Setting next_dagrun for sales_data_etl to 2025-09-03 18:44:00+00:00, run_after=2025-09-03 18:45:00+00:00
[2025-09-03T18:45:16.697+0000] {processor.py:208} INFO - Processing /opt/airflow/dags/get_data_faker.py took 0.224 seconds
[2025-09-03T18:45:47.228+0000] {processor.py:186} INFO - Started process (PID=10659) to work on /opt/airflow/dags/get_data_faker.py
[2025-09-03T18:45:47.230+0000] {processor.py:914} INFO - Processing file /opt/airflow/dags/get_data_faker.py for tasks to queue
[2025-09-03T18:45:47.233+0000] {logging_mixin.py:190} INFO - [2025-09-03T18:45:47.232+0000] {dagbag.py:588} INFO - Filling up the DagBag from /opt/airflow/dags/get_data_faker.py
[2025-09-03T18:45:47.318+0000] {processor.py:925} INFO - DAG(s) 'sales_data_etl' retrieved from /opt/airflow/dags/get_data_faker.py
[2025-09-03T18:45:47.346+0000] {logging_mixin.py:190} INFO - [2025-09-03T18:45:47.346+0000] {dag.py:3239} INFO - Sync 1 DAGs
[2025-09-03T18:45:47.367+0000] {logging_mixin.py:190} INFO - [2025-09-03T18:45:47.367+0000] {dag.py:4180} INFO - Setting next_dagrun for sales_data_etl to 2025-09-03 18:44:00+00:00, run_after=2025-09-03 18:45:00+00:00
[2025-09-03T18:45:47.385+0000] {processor.py:208} INFO - Processing /opt/airflow/dags/get_data_faker.py took 0.163 seconds
[2025-09-03T18:46:17.912+0000] {processor.py:186} INFO - Started process (PID=10766) to work on /opt/airflow/dags/get_data_faker.py
[2025-09-03T18:46:17.914+0000] {processor.py:914} INFO - Processing file /opt/airflow/dags/get_data_faker.py for tasks to queue
[2025-09-03T18:46:17.917+0000] {logging_mixin.py:190} INFO - [2025-09-03T18:46:17.917+0000] {dagbag.py:588} INFO - Filling up the DagBag from /opt/airflow/dags/get_data_faker.py
[2025-09-03T18:46:18.028+0000] {processor.py:925} INFO - DAG(s) 'sales_data_etl' retrieved from /opt/airflow/dags/get_data_faker.py
[2025-09-03T18:46:18.055+0000] {logging_mixin.py:190} INFO - [2025-09-03T18:46:18.055+0000] {dag.py:3239} INFO - Sync 1 DAGs
[2025-09-03T18:46:18.088+0000] {logging_mixin.py:190} INFO - [2025-09-03T18:46:18.087+0000] {dag.py:4180} INFO - Setting next_dagrun for sales_data_etl to 2025-09-03 18:45:00+00:00, run_after=2025-09-03 18:46:00+00:00
[2025-09-03T18:46:18.113+0000] {processor.py:208} INFO - Processing /opt/airflow/dags/get_data_faker.py took 0.210 seconds
[2025-09-03T18:46:48.770+0000] {processor.py:186} INFO - Started process (PID=10875) to work on /opt/airflow/dags/get_data_faker.py
[2025-09-03T18:46:48.771+0000] {processor.py:914} INFO - Processing file /opt/airflow/dags/get_data_faker.py for tasks to queue
[2025-09-03T18:46:48.774+0000] {logging_mixin.py:190} INFO - [2025-09-03T18:46:48.774+0000] {dagbag.py:588} INFO - Filling up the DagBag from /opt/airflow/dags/get_data_faker.py
[2025-09-03T18:46:48.857+0000] {processor.py:925} INFO - DAG(s) 'sales_data_etl' retrieved from /opt/airflow/dags/get_data_faker.py
[2025-09-03T18:46:48.881+0000] {logging_mixin.py:190} INFO - [2025-09-03T18:46:48.881+0000] {dag.py:3239} INFO - Sync 1 DAGs
[2025-09-03T18:46:48.904+0000] {logging_mixin.py:190} INFO - [2025-09-03T18:46:48.904+0000] {dag.py:4180} INFO - Setting next_dagrun for sales_data_etl to 2025-09-03 18:45:00+00:00, run_after=2025-09-03 18:46:00+00:00
[2025-09-03T18:46:48.920+0000] {processor.py:208} INFO - Processing /opt/airflow/dags/get_data_faker.py took 0.158 seconds
[2025-09-03T18:47:19.444+0000] {processor.py:186} INFO - Started process (PID=10980) to work on /opt/airflow/dags/get_data_faker.py
[2025-09-03T18:47:19.445+0000] {processor.py:914} INFO - Processing file /opt/airflow/dags/get_data_faker.py for tasks to queue
[2025-09-03T18:47:19.449+0000] {logging_mixin.py:190} INFO - [2025-09-03T18:47:19.448+0000] {dagbag.py:588} INFO - Filling up the DagBag from /opt/airflow/dags/get_data_faker.py
[2025-09-03T18:47:19.533+0000] {processor.py:925} INFO - DAG(s) 'sales_data_etl' retrieved from /opt/airflow/dags/get_data_faker.py
[2025-09-03T18:47:19.565+0000] {logging_mixin.py:190} INFO - [2025-09-03T18:47:19.565+0000] {dag.py:3239} INFO - Sync 1 DAGs
[2025-09-03T18:47:19.592+0000] {logging_mixin.py:190} INFO - [2025-09-03T18:47:19.592+0000] {dag.py:4180} INFO - Setting next_dagrun for sales_data_etl to 2025-09-03 18:46:00+00:00, run_after=2025-09-03 18:47:00+00:00
[2025-09-03T18:47:19.615+0000] {processor.py:208} INFO - Processing /opt/airflow/dags/get_data_faker.py took 0.179 seconds
[2025-09-03T18:47:50.227+0000] {processor.py:186} INFO - Started process (PID=11087) to work on /opt/airflow/dags/get_data_faker.py
[2025-09-03T18:47:50.228+0000] {processor.py:914} INFO - Processing file /opt/airflow/dags/get_data_faker.py for tasks to queue
[2025-09-03T18:47:50.231+0000] {logging_mixin.py:190} INFO - [2025-09-03T18:47:50.231+0000] {dagbag.py:588} INFO - Filling up the DagBag from /opt/airflow/dags/get_data_faker.py
[2025-09-03T18:47:50.309+0000] {processor.py:925} INFO - DAG(s) 'sales_data_etl' retrieved from /opt/airflow/dags/get_data_faker.py
[2025-09-03T18:47:50.335+0000] {logging_mixin.py:190} INFO - [2025-09-03T18:47:50.335+0000] {dag.py:3239} INFO - Sync 1 DAGs
[2025-09-03T18:47:50.364+0000] {logging_mixin.py:190} INFO - [2025-09-03T18:47:50.364+0000] {dag.py:4180} INFO - Setting next_dagrun for sales_data_etl to 2025-09-03 18:46:00+00:00, run_after=2025-09-03 18:47:00+00:00
[2025-09-03T18:47:50.384+0000] {processor.py:208} INFO - Processing /opt/airflow/dags/get_data_faker.py took 0.163 seconds
[2025-09-03T18:48:21.059+0000] {processor.py:186} INFO - Started process (PID=11196) to work on /opt/airflow/dags/get_data_faker.py
[2025-09-03T18:48:21.061+0000] {processor.py:914} INFO - Processing file /opt/airflow/dags/get_data_faker.py for tasks to queue
[2025-09-03T18:48:21.063+0000] {logging_mixin.py:190} INFO - [2025-09-03T18:48:21.062+0000] {dagbag.py:588} INFO - Filling up the DagBag from /opt/airflow/dags/get_data_faker.py
[2025-09-03T18:48:21.159+0000] {processor.py:925} INFO - DAG(s) 'sales_data_etl' retrieved from /opt/airflow/dags/get_data_faker.py
[2025-09-03T18:48:21.190+0000] {logging_mixin.py:190} INFO - [2025-09-03T18:48:21.190+0000] {dag.py:3239} INFO - Sync 1 DAGs
[2025-09-03T18:48:21.210+0000] {logging_mixin.py:190} INFO - [2025-09-03T18:48:21.210+0000] {dag.py:4180} INFO - Setting next_dagrun for sales_data_etl to 2025-09-03 18:47:00+00:00, run_after=2025-09-03 18:48:00+00:00
[2025-09-03T18:48:21.228+0000] {processor.py:208} INFO - Processing /opt/airflow/dags/get_data_faker.py took 0.177 seconds
[2025-09-03T18:48:51.994+0000] {processor.py:186} INFO - Started process (PID=11301) to work on /opt/airflow/dags/get_data_faker.py
[2025-09-03T18:48:51.995+0000] {processor.py:914} INFO - Processing file /opt/airflow/dags/get_data_faker.py for tasks to queue
[2025-09-03T18:48:51.997+0000] {logging_mixin.py:190} INFO - [2025-09-03T18:48:51.997+0000] {dagbag.py:588} INFO - Filling up the DagBag from /opt/airflow/dags/get_data_faker.py
[2025-09-03T18:48:52.088+0000] {processor.py:925} INFO - DAG(s) 'sales_data_etl' retrieved from /opt/airflow/dags/get_data_faker.py
[2025-09-03T18:48:52.121+0000] {logging_mixin.py:190} INFO - [2025-09-03T18:48:52.121+0000] {dag.py:3239} INFO - Sync 1 DAGs
[2025-09-03T18:48:52.155+0000] {logging_mixin.py:190} INFO - [2025-09-03T18:48:52.155+0000] {dag.py:4180} INFO - Setting next_dagrun for sales_data_etl to 2025-09-03 18:47:00+00:00, run_after=2025-09-03 18:48:00+00:00
[2025-09-03T18:48:52.178+0000] {processor.py:208} INFO - Processing /opt/airflow/dags/get_data_faker.py took 0.184 seconds
[2025-09-03T18:49:23.246+0000] {processor.py:186} INFO - Started process (PID=11410) to work on /opt/airflow/dags/get_data_faker.py
[2025-09-03T18:49:23.247+0000] {processor.py:914} INFO - Processing file /opt/airflow/dags/get_data_faker.py for tasks to queue
[2025-09-03T18:49:23.251+0000] {logging_mixin.py:190} INFO - [2025-09-03T18:49:23.250+0000] {dagbag.py:588} INFO - Filling up the DagBag from /opt/airflow/dags/get_data_faker.py
[2025-09-03T18:49:23.330+0000] {processor.py:925} INFO - DAG(s) 'sales_data_etl' retrieved from /opt/airflow/dags/get_data_faker.py
[2025-09-03T18:49:23.361+0000] {logging_mixin.py:190} INFO - [2025-09-03T18:49:23.361+0000] {dag.py:3239} INFO - Sync 1 DAGs
[2025-09-03T18:49:23.393+0000] {logging_mixin.py:190} INFO - [2025-09-03T18:49:23.393+0000] {dag.py:4180} INFO - Setting next_dagrun for sales_data_etl to 2025-09-03 18:48:00+00:00, run_after=2025-09-03 18:49:00+00:00
[2025-09-03T18:49:23.407+0000] {processor.py:208} INFO - Processing /opt/airflow/dags/get_data_faker.py took 0.167 seconds
[2025-09-03T18:49:53.850+0000] {processor.py:186} INFO - Started process (PID=11517) to work on /opt/airflow/dags/get_data_faker.py
[2025-09-03T18:49:53.852+0000] {processor.py:914} INFO - Processing file /opt/airflow/dags/get_data_faker.py for tasks to queue
[2025-09-03T18:49:53.854+0000] {logging_mixin.py:190} INFO - [2025-09-03T18:49:53.854+0000] {dagbag.py:588} INFO - Filling up the DagBag from /opt/airflow/dags/get_data_faker.py
[2025-09-03T18:49:53.968+0000] {processor.py:925} INFO - DAG(s) 'sales_data_etl' retrieved from /opt/airflow/dags/get_data_faker.py
[2025-09-03T18:49:53.992+0000] {logging_mixin.py:190} INFO - [2025-09-03T18:49:53.992+0000] {dag.py:3239} INFO - Sync 1 DAGs
[2025-09-03T18:49:54.028+0000] {logging_mixin.py:190} INFO - [2025-09-03T18:49:54.027+0000] {dag.py:4180} INFO - Setting next_dagrun for sales_data_etl to 2025-09-03 18:48:00+00:00, run_after=2025-09-03 18:49:00+00:00
[2025-09-03T18:49:54.049+0000] {processor.py:208} INFO - Processing /opt/airflow/dags/get_data_faker.py took 0.206 seconds
[2025-09-03T18:50:24.222+0000] {processor.py:186} INFO - Started process (PID=11627) to work on /opt/airflow/dags/get_data_faker.py
[2025-09-03T18:50:24.223+0000] {processor.py:914} INFO - Processing file /opt/airflow/dags/get_data_faker.py for tasks to queue
[2025-09-03T18:50:24.225+0000] {logging_mixin.py:190} INFO - [2025-09-03T18:50:24.224+0000] {dagbag.py:588} INFO - Filling up the DagBag from /opt/airflow/dags/get_data_faker.py
[2025-09-03T18:50:24.322+0000] {processor.py:925} INFO - DAG(s) 'sales_data_etl' retrieved from /opt/airflow/dags/get_data_faker.py
[2025-09-03T18:50:24.343+0000] {logging_mixin.py:190} INFO - [2025-09-03T18:50:24.343+0000] {dag.py:3239} INFO - Sync 1 DAGs
[2025-09-03T18:50:24.369+0000] {logging_mixin.py:190} INFO - [2025-09-03T18:50:24.369+0000] {dag.py:4180} INFO - Setting next_dagrun for sales_data_etl to 2025-09-03 18:49:00+00:00, run_after=2025-09-03 18:50:00+00:00
[2025-09-03T18:50:24.383+0000] {processor.py:208} INFO - Processing /opt/airflow/dags/get_data_faker.py took 0.167 seconds
[2025-09-03T18:50:55.898+0000] {processor.py:186} INFO - Started process (PID=11729) to work on /opt/airflow/dags/get_data_faker.py
[2025-09-03T18:50:55.900+0000] {processor.py:914} INFO - Processing file /opt/airflow/dags/get_data_faker.py for tasks to queue
[2025-09-03T18:50:55.904+0000] {logging_mixin.py:190} INFO - [2025-09-03T18:50:55.903+0000] {dagbag.py:588} INFO - Filling up the DagBag from /opt/airflow/dags/get_data_faker.py
[2025-09-03T18:50:56.099+0000] {processor.py:925} INFO - DAG(s) 'sales_data_etl' retrieved from /opt/airflow/dags/get_data_faker.py
[2025-09-03T18:50:56.134+0000] {logging_mixin.py:190} INFO - [2025-09-03T18:50:56.134+0000] {dag.py:3239} INFO - Sync 1 DAGs
[2025-09-03T18:50:56.179+0000] {logging_mixin.py:190} INFO - [2025-09-03T18:50:56.179+0000] {dag.py:4180} INFO - Setting next_dagrun for sales_data_etl to 2025-09-03 18:49:00+00:00, run_after=2025-09-03 18:50:00+00:00
[2025-09-03T18:50:56.209+0000] {processor.py:208} INFO - Processing /opt/airflow/dags/get_data_faker.py took 0.320 seconds
[2025-09-03T18:51:27.028+0000] {processor.py:186} INFO - Started process (PID=11836) to work on /opt/airflow/dags/get_data_faker.py
[2025-09-03T18:51:27.029+0000] {processor.py:914} INFO - Processing file /opt/airflow/dags/get_data_faker.py for tasks to queue
[2025-09-03T18:51:27.033+0000] {logging_mixin.py:190} INFO - [2025-09-03T18:51:27.032+0000] {dagbag.py:588} INFO - Filling up the DagBag from /opt/airflow/dags/get_data_faker.py
[2025-09-03T18:51:27.157+0000] {processor.py:925} INFO - DAG(s) 'sales_data_etl' retrieved from /opt/airflow/dags/get_data_faker.py
[2025-09-03T18:51:27.192+0000] {logging_mixin.py:190} INFO - [2025-09-03T18:51:27.191+0000] {dag.py:3239} INFO - Sync 1 DAGs
[2025-09-03T18:51:27.230+0000] {logging_mixin.py:190} INFO - [2025-09-03T18:51:27.230+0000] {dag.py:4180} INFO - Setting next_dagrun for sales_data_etl to 2025-09-03 18:50:00+00:00, run_after=2025-09-03 18:51:00+00:00
[2025-09-03T18:51:27.265+0000] {processor.py:208} INFO - Processing /opt/airflow/dags/get_data_faker.py took 0.246 seconds
[2025-09-03T18:56:00.233+0000] {processor.py:186} INFO - Started process (PID=278) to work on /opt/airflow/dags/get_data_faker.py
[2025-09-03T18:56:00.234+0000] {processor.py:914} INFO - Processing file /opt/airflow/dags/get_data_faker.py for tasks to queue
[2025-09-03T18:56:00.238+0000] {logging_mixin.py:190} INFO - [2025-09-03T18:56:00.237+0000] {dagbag.py:588} INFO - Filling up the DagBag from /opt/airflow/dags/get_data_faker.py
[2025-09-03T18:56:00.497+0000] {processor.py:925} INFO - DAG(s) 'sales_data_etl' retrieved from /opt/airflow/dags/get_data_faker.py
[2025-09-03T18:56:00.524+0000] {logging_mixin.py:190} INFO - [2025-09-03T18:56:00.524+0000] {dag.py:3239} INFO - Sync 1 DAGs
[2025-09-03T18:56:00.555+0000] {logging_mixin.py:190} INFO - [2025-09-03T18:56:00.555+0000] {dag.py:4180} INFO - Setting next_dagrun for sales_data_etl to 2025-09-03 18:55:00+00:00, run_after=2025-09-03 18:56:00+00:00
[2025-09-03T18:56:00.573+0000] {processor.py:208} INFO - Processing /opt/airflow/dags/get_data_faker.py took 0.344 seconds
[2025-09-03T18:57:22.924+0000] {processor.py:186} INFO - Started process (PID=281) to work on /opt/airflow/dags/get_data_faker.py
[2025-09-03T18:57:22.925+0000] {processor.py:914} INFO - Processing file /opt/airflow/dags/get_data_faker.py for tasks to queue
[2025-09-03T18:57:22.928+0000] {logging_mixin.py:190} INFO - [2025-09-03T18:57:22.928+0000] {dagbag.py:588} INFO - Filling up the DagBag from /opt/airflow/dags/get_data_faker.py
[2025-09-03T18:57:23.072+0000] {processor.py:925} INFO - DAG(s) 'sales_data_etl' retrieved from /opt/airflow/dags/get_data_faker.py
[2025-09-03T18:57:23.101+0000] {logging_mixin.py:190} INFO - [2025-09-03T18:57:23.100+0000] {dag.py:3239} INFO - Sync 1 DAGs
[2025-09-03T18:57:23.135+0000] {logging_mixin.py:190} INFO - [2025-09-03T18:57:23.135+0000] {dag.py:4180} INFO - Setting next_dagrun for sales_data_etl to 2025-09-03 18:56:00+00:00, run_after=2025-09-03 18:57:00+00:00
[2025-09-03T18:57:23.157+0000] {processor.py:208} INFO - Processing /opt/airflow/dags/get_data_faker.py took 0.238 seconds
[2025-09-03T18:57:53.270+0000] {processor.py:186} INFO - Started process (PID=399) to work on /opt/airflow/dags/get_data_faker.py
[2025-09-03T18:57:53.271+0000] {processor.py:914} INFO - Processing file /opt/airflow/dags/get_data_faker.py for tasks to queue
[2025-09-03T18:57:53.273+0000] {logging_mixin.py:190} INFO - [2025-09-03T18:57:53.272+0000] {dagbag.py:588} INFO - Filling up the DagBag from /opt/airflow/dags/get_data_faker.py
[2025-09-03T18:57:53.343+0000] {processor.py:925} INFO - DAG(s) 'sales_data_etl' retrieved from /opt/airflow/dags/get_data_faker.py
[2025-09-03T18:57:53.365+0000] {logging_mixin.py:190} INFO - [2025-09-03T18:57:53.365+0000] {dag.py:3239} INFO - Sync 1 DAGs
[2025-09-03T18:57:53.394+0000] {logging_mixin.py:190} INFO - [2025-09-03T18:57:53.394+0000] {dag.py:4180} INFO - Setting next_dagrun for sales_data_etl to 2025-09-03 18:56:00+00:00, run_after=2025-09-03 18:57:00+00:00
[2025-09-03T18:57:53.412+0000] {processor.py:208} INFO - Processing /opt/airflow/dags/get_data_faker.py took 0.149 seconds
[2025-09-03T18:58:24.202+0000] {processor.py:186} INFO - Started process (PID=499) to work on /opt/airflow/dags/get_data_faker.py
[2025-09-03T18:58:24.203+0000] {processor.py:914} INFO - Processing file /opt/airflow/dags/get_data_faker.py for tasks to queue
[2025-09-03T18:58:24.205+0000] {logging_mixin.py:190} INFO - [2025-09-03T18:58:24.205+0000] {dagbag.py:588} INFO - Filling up the DagBag from /opt/airflow/dags/get_data_faker.py
[2025-09-03T18:58:24.325+0000] {processor.py:925} INFO - DAG(s) 'sales_data_etl' retrieved from /opt/airflow/dags/get_data_faker.py
[2025-09-03T18:58:24.353+0000] {logging_mixin.py:190} INFO - [2025-09-03T18:58:24.353+0000] {dag.py:3239} INFO - Sync 1 DAGs
[2025-09-03T18:58:24.386+0000] {logging_mixin.py:190} INFO - [2025-09-03T18:58:24.386+0000] {dag.py:4180} INFO - Setting next_dagrun for sales_data_etl to 2025-09-03 18:57:00+00:00, run_after=2025-09-03 18:58:00+00:00
[2025-09-03T18:58:24.411+0000] {processor.py:208} INFO - Processing /opt/airflow/dags/get_data_faker.py took 0.216 seconds
[2025-09-03T18:58:55.050+0000] {processor.py:186} INFO - Started process (PID=606) to work on /opt/airflow/dags/get_data_faker.py
[2025-09-03T18:58:55.052+0000] {processor.py:914} INFO - Processing file /opt/airflow/dags/get_data_faker.py for tasks to queue
[2025-09-03T18:58:55.055+0000] {logging_mixin.py:190} INFO - [2025-09-03T18:58:55.054+0000] {dagbag.py:588} INFO - Filling up the DagBag from /opt/airflow/dags/get_data_faker.py
[2025-09-03T18:58:55.152+0000] {processor.py:925} INFO - DAG(s) 'sales_data_etl' retrieved from /opt/airflow/dags/get_data_faker.py
[2025-09-03T18:58:55.183+0000] {logging_mixin.py:190} INFO - [2025-09-03T18:58:55.183+0000] {dag.py:3239} INFO - Sync 1 DAGs
[2025-09-03T18:58:55.344+0000] {logging_mixin.py:190} INFO - [2025-09-03T18:58:55.344+0000] {dag.py:4180} INFO - Setting next_dagrun for sales_data_etl to 2025-09-03 18:57:00+00:00, run_after=2025-09-03 18:58:00+00:00
[2025-09-03T18:58:55.361+0000] {processor.py:208} INFO - Processing /opt/airflow/dags/get_data_faker.py took 0.318 seconds
[2025-09-03T18:59:26.133+0000] {processor.py:186} INFO - Started process (PID=713) to work on /opt/airflow/dags/get_data_faker.py
[2025-09-03T18:59:26.134+0000] {processor.py:914} INFO - Processing file /opt/airflow/dags/get_data_faker.py for tasks to queue
[2025-09-03T18:59:26.137+0000] {logging_mixin.py:190} INFO - [2025-09-03T18:59:26.136+0000] {dagbag.py:588} INFO - Filling up the DagBag from /opt/airflow/dags/get_data_faker.py
[2025-09-03T18:59:26.211+0000] {processor.py:925} INFO - DAG(s) 'sales_data_etl' retrieved from /opt/airflow/dags/get_data_faker.py
[2025-09-03T18:59:26.235+0000] {logging_mixin.py:190} INFO - [2025-09-03T18:59:26.235+0000] {dag.py:3239} INFO - Sync 1 DAGs
[2025-09-03T18:59:26.268+0000] {logging_mixin.py:190} INFO - [2025-09-03T18:59:26.268+0000] {dag.py:4180} INFO - Setting next_dagrun for sales_data_etl to 2025-09-03 18:58:00+00:00, run_after=2025-09-03 18:59:00+00:00
[2025-09-03T18:59:26.395+0000] {processor.py:208} INFO - Processing /opt/airflow/dags/get_data_faker.py took 0.268 seconds
[2025-09-03T18:59:57.282+0000] {processor.py:186} INFO - Started process (PID=820) to work on /opt/airflow/dags/get_data_faker.py
[2025-09-03T18:59:57.283+0000] {processor.py:914} INFO - Processing file /opt/airflow/dags/get_data_faker.py for tasks to queue
[2025-09-03T18:59:57.286+0000] {logging_mixin.py:190} INFO - [2025-09-03T18:59:57.285+0000] {dagbag.py:588} INFO - Filling up the DagBag from /opt/airflow/dags/get_data_faker.py
[2025-09-03T18:59:57.391+0000] {processor.py:925} INFO - DAG(s) 'sales_data_etl' retrieved from /opt/airflow/dags/get_data_faker.py
[2025-09-03T18:59:57.424+0000] {logging_mixin.py:190} INFO - [2025-09-03T18:59:57.423+0000] {dag.py:3239} INFO - Sync 1 DAGs
[2025-09-03T18:59:57.453+0000] {logging_mixin.py:190} INFO - [2025-09-03T18:59:57.452+0000] {dag.py:4180} INFO - Setting next_dagrun for sales_data_etl to 2025-09-03 18:58:00+00:00, run_after=2025-09-03 18:59:00+00:00
[2025-09-03T18:59:57.472+0000] {processor.py:208} INFO - Processing /opt/airflow/dags/get_data_faker.py took 0.196 seconds
[2025-09-03T19:00:28.354+0000] {processor.py:186} INFO - Started process (PID=927) to work on /opt/airflow/dags/get_data_faker.py
[2025-09-03T19:00:28.354+0000] {processor.py:914} INFO - Processing file /opt/airflow/dags/get_data_faker.py for tasks to queue
[2025-09-03T19:00:28.357+0000] {logging_mixin.py:190} INFO - [2025-09-03T19:00:28.357+0000] {dagbag.py:588} INFO - Filling up the DagBag from /opt/airflow/dags/get_data_faker.py
[2025-09-03T19:00:28.438+0000] {processor.py:925} INFO - DAG(s) 'sales_data_etl' retrieved from /opt/airflow/dags/get_data_faker.py
[2025-09-03T19:00:28.461+0000] {logging_mixin.py:190} INFO - [2025-09-03T19:00:28.461+0000] {dag.py:3239} INFO - Sync 1 DAGs
[2025-09-03T19:00:28.493+0000] {logging_mixin.py:190} INFO - [2025-09-03T19:00:28.493+0000] {dag.py:4180} INFO - Setting next_dagrun for sales_data_etl to 2025-09-03 18:59:00+00:00, run_after=2025-09-03 19:00:00+00:00
[2025-09-03T19:00:28.516+0000] {processor.py:208} INFO - Processing /opt/airflow/dags/get_data_faker.py took 0.167 seconds
[2025-09-03T19:00:59.080+0000] {processor.py:186} INFO - Started process (PID=1034) to work on /opt/airflow/dags/get_data_faker.py
[2025-09-03T19:00:59.080+0000] {processor.py:914} INFO - Processing file /opt/airflow/dags/get_data_faker.py for tasks to queue
[2025-09-03T19:00:59.082+0000] {logging_mixin.py:190} INFO - [2025-09-03T19:00:59.082+0000] {dagbag.py:588} INFO - Filling up the DagBag from /opt/airflow/dags/get_data_faker.py
[2025-09-03T19:00:59.173+0000] {processor.py:925} INFO - DAG(s) 'sales_data_etl' retrieved from /opt/airflow/dags/get_data_faker.py
[2025-09-03T19:00:59.194+0000] {logging_mixin.py:190} INFO - [2025-09-03T19:00:59.194+0000] {dag.py:3239} INFO - Sync 1 DAGs
[2025-09-03T19:00:59.222+0000] {logging_mixin.py:190} INFO - [2025-09-03T19:00:59.222+0000] {dag.py:4180} INFO - Setting next_dagrun for sales_data_etl to 2025-09-03 18:59:00+00:00, run_after=2025-09-03 19:00:00+00:00
[2025-09-03T19:00:59.244+0000] {processor.py:208} INFO - Processing /opt/airflow/dags/get_data_faker.py took 0.169 seconds
[2025-09-03T19:01:29.653+0000] {processor.py:186} INFO - Started process (PID=1140) to work on /opt/airflow/dags/get_data_faker.py
[2025-09-03T19:01:29.654+0000] {processor.py:914} INFO - Processing file /opt/airflow/dags/get_data_faker.py for tasks to queue
[2025-09-03T19:01:29.656+0000] {logging_mixin.py:190} INFO - [2025-09-03T19:01:29.655+0000] {dagbag.py:588} INFO - Filling up the DagBag from /opt/airflow/dags/get_data_faker.py
[2025-09-03T19:01:29.730+0000] {processor.py:925} INFO - DAG(s) 'sales_data_etl' retrieved from /opt/airflow/dags/get_data_faker.py
[2025-09-03T19:01:29.752+0000] {logging_mixin.py:190} INFO - [2025-09-03T19:01:29.751+0000] {dag.py:3239} INFO - Sync 1 DAGs
[2025-09-03T19:01:29.779+0000] {logging_mixin.py:190} INFO - [2025-09-03T19:01:29.779+0000] {dag.py:4180} INFO - Setting next_dagrun for sales_data_etl to 2025-09-03 19:00:00+00:00, run_after=2025-09-03 19:01:00+00:00
[2025-09-03T19:01:29.799+0000] {processor.py:208} INFO - Processing /opt/airflow/dags/get_data_faker.py took 0.151 seconds
[2025-09-03T19:02:00.413+0000] {processor.py:186} INFO - Started process (PID=1247) to work on /opt/airflow/dags/get_data_faker.py
[2025-09-03T19:02:00.414+0000] {processor.py:914} INFO - Processing file /opt/airflow/dags/get_data_faker.py for tasks to queue
[2025-09-03T19:02:00.417+0000] {logging_mixin.py:190} INFO - [2025-09-03T19:02:00.417+0000] {dagbag.py:588} INFO - Filling up the DagBag from /opt/airflow/dags/get_data_faker.py
[2025-09-03T19:02:00.497+0000] {processor.py:925} INFO - DAG(s) 'sales_data_etl' retrieved from /opt/airflow/dags/get_data_faker.py
[2025-09-03T19:02:00.520+0000] {logging_mixin.py:190} INFO - [2025-09-03T19:02:00.519+0000] {dag.py:3239} INFO - Sync 1 DAGs
[2025-09-03T19:02:00.551+0000] {logging_mixin.py:190} INFO - [2025-09-03T19:02:00.551+0000] {dag.py:4180} INFO - Setting next_dagrun for sales_data_etl to 2025-09-03 19:01:00+00:00, run_after=2025-09-03 19:02:00+00:00
[2025-09-03T19:02:00.571+0000] {processor.py:208} INFO - Processing /opt/airflow/dags/get_data_faker.py took 0.165 seconds
[2025-09-03T19:02:31.407+0000] {processor.py:186} INFO - Started process (PID=1356) to work on /opt/airflow/dags/get_data_faker.py
[2025-09-03T19:02:31.408+0000] {processor.py:914} INFO - Processing file /opt/airflow/dags/get_data_faker.py for tasks to queue
[2025-09-03T19:02:31.411+0000] {logging_mixin.py:190} INFO - [2025-09-03T19:02:31.410+0000] {dagbag.py:588} INFO - Filling up the DagBag from /opt/airflow/dags/get_data_faker.py
[2025-09-03T19:02:31.488+0000] {processor.py:925} INFO - DAG(s) 'sales_data_etl' retrieved from /opt/airflow/dags/get_data_faker.py
[2025-09-03T19:02:31.514+0000] {logging_mixin.py:190} INFO - [2025-09-03T19:02:31.514+0000] {dag.py:3239} INFO - Sync 1 DAGs
[2025-09-03T19:02:31.534+0000] {logging_mixin.py:190} INFO - [2025-09-03T19:02:31.534+0000] {dag.py:4180} INFO - Setting next_dagrun for sales_data_etl to 2025-09-03 19:01:00+00:00, run_after=2025-09-03 19:02:00+00:00
[2025-09-03T19:02:31.548+0000] {processor.py:208} INFO - Processing /opt/airflow/dags/get_data_faker.py took 0.146 seconds
[2025-09-03T19:03:02.054+0000] {processor.py:186} INFO - Started process (PID=1466) to work on /opt/airflow/dags/get_data_faker.py
[2025-09-03T19:03:02.055+0000] {processor.py:914} INFO - Processing file /opt/airflow/dags/get_data_faker.py for tasks to queue
[2025-09-03T19:03:02.057+0000] {logging_mixin.py:190} INFO - [2025-09-03T19:03:02.057+0000] {dagbag.py:588} INFO - Filling up the DagBag from /opt/airflow/dags/get_data_faker.py
[2025-09-03T19:03:02.133+0000] {processor.py:925} INFO - DAG(s) 'sales_data_etl' retrieved from /opt/airflow/dags/get_data_faker.py
[2025-09-03T19:03:02.151+0000] {logging_mixin.py:190} INFO - [2025-09-03T19:03:02.151+0000] {dag.py:3239} INFO - Sync 1 DAGs
[2025-09-03T19:03:02.169+0000] {logging_mixin.py:190} INFO - [2025-09-03T19:03:02.169+0000] {dag.py:4180} INFO - Setting next_dagrun for sales_data_etl to 2025-09-03 19:02:00+00:00, run_after=2025-09-03 19:03:00+00:00
[2025-09-03T19:03:02.182+0000] {processor.py:208} INFO - Processing /opt/airflow/dags/get_data_faker.py took 0.136 seconds
[2025-09-03T19:03:32.490+0000] {processor.py:186} INFO - Started process (PID=1568) to work on /opt/airflow/dags/get_data_faker.py
[2025-09-03T19:03:32.491+0000] {processor.py:914} INFO - Processing file /opt/airflow/dags/get_data_faker.py for tasks to queue
[2025-09-03T19:03:32.492+0000] {logging_mixin.py:190} INFO - [2025-09-03T19:03:32.492+0000] {dagbag.py:588} INFO - Filling up the DagBag from /opt/airflow/dags/get_data_faker.py
[2025-09-03T19:03:32.574+0000] {processor.py:925} INFO - DAG(s) 'sales_data_etl' retrieved from /opt/airflow/dags/get_data_faker.py
[2025-09-03T19:03:32.600+0000] {logging_mixin.py:190} INFO - [2025-09-03T19:03:32.600+0000] {dag.py:3239} INFO - Sync 1 DAGs
[2025-09-03T19:03:32.638+0000] {logging_mixin.py:190} INFO - [2025-09-03T19:03:32.638+0000] {dag.py:4180} INFO - Setting next_dagrun for sales_data_etl to 2025-09-03 19:02:00+00:00, run_after=2025-09-03 19:03:00+00:00
[2025-09-03T19:03:32.656+0000] {processor.py:208} INFO - Processing /opt/airflow/dags/get_data_faker.py took 0.171 seconds
[2025-09-03T19:04:03.406+0000] {processor.py:186} INFO - Started process (PID=1677) to work on /opt/airflow/dags/get_data_faker.py
[2025-09-03T19:04:03.407+0000] {processor.py:914} INFO - Processing file /opt/airflow/dags/get_data_faker.py for tasks to queue
[2025-09-03T19:04:03.411+0000] {logging_mixin.py:190} INFO - [2025-09-03T19:04:03.411+0000] {dagbag.py:588} INFO - Filling up the DagBag from /opt/airflow/dags/get_data_faker.py
[2025-09-03T19:04:03.501+0000] {processor.py:925} INFO - DAG(s) 'sales_data_etl' retrieved from /opt/airflow/dags/get_data_faker.py
[2025-09-03T19:04:03.529+0000] {logging_mixin.py:190} INFO - [2025-09-03T19:04:03.529+0000] {dag.py:3239} INFO - Sync 1 DAGs
[2025-09-03T19:04:03.553+0000] {logging_mixin.py:190} INFO - [2025-09-03T19:04:03.552+0000] {dag.py:4180} INFO - Setting next_dagrun for sales_data_etl to 2025-09-03 19:03:00+00:00, run_after=2025-09-03 19:04:00+00:00
[2025-09-03T19:04:03.569+0000] {processor.py:208} INFO - Processing /opt/airflow/dags/get_data_faker.py took 0.168 seconds
[2025-09-03T19:04:34.202+0000] {processor.py:186} INFO - Started process (PID=1789) to work on /opt/airflow/dags/get_data_faker.py
[2025-09-03T19:04:34.203+0000] {processor.py:914} INFO - Processing file /opt/airflow/dags/get_data_faker.py for tasks to queue
[2025-09-03T19:04:34.206+0000] {logging_mixin.py:190} INFO - [2025-09-03T19:04:34.205+0000] {dagbag.py:588} INFO - Filling up the DagBag from /opt/airflow/dags/get_data_faker.py
[2025-09-03T19:04:34.286+0000] {processor.py:925} INFO - DAG(s) 'sales_data_etl' retrieved from /opt/airflow/dags/get_data_faker.py
[2025-09-03T19:04:34.313+0000] {logging_mixin.py:190} INFO - [2025-09-03T19:04:34.313+0000] {dag.py:3239} INFO - Sync 1 DAGs
[2025-09-03T19:04:34.335+0000] {logging_mixin.py:190} INFO - [2025-09-03T19:04:34.335+0000] {dag.py:4180} INFO - Setting next_dagrun for sales_data_etl to 2025-09-03 19:03:00+00:00, run_after=2025-09-03 19:04:00+00:00
[2025-09-03T19:04:34.354+0000] {processor.py:208} INFO - Processing /opt/airflow/dags/get_data_faker.py took 0.157 seconds
[2025-09-03T19:05:04.730+0000] {processor.py:186} INFO - Started process (PID=1889) to work on /opt/airflow/dags/get_data_faker.py
[2025-09-03T19:05:04.731+0000] {processor.py:914} INFO - Processing file /opt/airflow/dags/get_data_faker.py for tasks to queue
[2025-09-03T19:05:04.734+0000] {logging_mixin.py:190} INFO - [2025-09-03T19:05:04.733+0000] {dagbag.py:588} INFO - Filling up the DagBag from /opt/airflow/dags/get_data_faker.py
[2025-09-03T19:05:04.828+0000] {processor.py:925} INFO - DAG(s) 'sales_data_etl' retrieved from /opt/airflow/dags/get_data_faker.py
[2025-09-03T19:05:04.851+0000] {logging_mixin.py:190} INFO - [2025-09-03T19:05:04.850+0000] {dag.py:3239} INFO - Sync 1 DAGs
[2025-09-03T19:05:04.885+0000] {logging_mixin.py:190} INFO - [2025-09-03T19:05:04.885+0000] {dag.py:4180} INFO - Setting next_dagrun for sales_data_etl to 2025-09-03 19:04:00+00:00, run_after=2025-09-03 19:05:00+00:00
[2025-09-03T19:05:04.907+0000] {processor.py:208} INFO - Processing /opt/airflow/dags/get_data_faker.py took 0.182 seconds
[2025-09-03T19:05:35.450+0000] {processor.py:186} INFO - Started process (PID=1996) to work on /opt/airflow/dags/get_data_faker.py
[2025-09-03T19:05:35.451+0000] {processor.py:914} INFO - Processing file /opt/airflow/dags/get_data_faker.py for tasks to queue
[2025-09-03T19:05:35.454+0000] {logging_mixin.py:190} INFO - [2025-09-03T19:05:35.454+0000] {dagbag.py:588} INFO - Filling up the DagBag from /opt/airflow/dags/get_data_faker.py
[2025-09-03T19:05:35.537+0000] {processor.py:925} INFO - DAG(s) 'sales_data_etl' retrieved from /opt/airflow/dags/get_data_faker.py
[2025-09-03T19:05:35.562+0000] {logging_mixin.py:190} INFO - [2025-09-03T19:05:35.562+0000] {dag.py:3239} INFO - Sync 1 DAGs
[2025-09-03T19:05:35.590+0000] {logging_mixin.py:190} INFO - [2025-09-03T19:05:35.590+0000] {dag.py:4180} INFO - Setting next_dagrun for sales_data_etl to 2025-09-03 19:04:00+00:00, run_after=2025-09-03 19:05:00+00:00
[2025-09-03T19:05:35.609+0000] {processor.py:208} INFO - Processing /opt/airflow/dags/get_data_faker.py took 0.165 seconds
[2025-09-03T19:06:06.134+0000] {processor.py:186} INFO - Started process (PID=2105) to work on /opt/airflow/dags/get_data_faker.py
[2025-09-03T19:06:06.134+0000] {processor.py:914} INFO - Processing file /opt/airflow/dags/get_data_faker.py for tasks to queue
[2025-09-03T19:06:06.139+0000] {logging_mixin.py:190} INFO - [2025-09-03T19:06:06.138+0000] {dagbag.py:588} INFO - Filling up the DagBag from /opt/airflow/dags/get_data_faker.py
[2025-09-03T19:06:06.221+0000] {processor.py:925} INFO - DAG(s) 'sales_data_etl' retrieved from /opt/airflow/dags/get_data_faker.py
[2025-09-03T19:06:06.243+0000] {logging_mixin.py:190} INFO - [2025-09-03T19:06:06.243+0000] {dag.py:3239} INFO - Sync 1 DAGs
[2025-09-03T19:06:06.264+0000] {logging_mixin.py:190} INFO - [2025-09-03T19:06:06.264+0000] {dag.py:4180} INFO - Setting next_dagrun for sales_data_etl to 2025-09-03 19:05:00+00:00, run_after=2025-09-03 19:06:00+00:00
[2025-09-03T19:06:06.280+0000] {processor.py:208} INFO - Processing /opt/airflow/dags/get_data_faker.py took 0.151 seconds
[2025-09-03T19:06:36.764+0000] {processor.py:186} INFO - Started process (PID=2209) to work on /opt/airflow/dags/get_data_faker.py
[2025-09-03T19:06:36.765+0000] {processor.py:914} INFO - Processing file /opt/airflow/dags/get_data_faker.py for tasks to queue
[2025-09-03T19:06:36.767+0000] {logging_mixin.py:190} INFO - [2025-09-03T19:06:36.767+0000] {dagbag.py:588} INFO - Filling up the DagBag from /opt/airflow/dags/get_data_faker.py
[2025-09-03T19:06:36.853+0000] {processor.py:925} INFO - DAG(s) 'sales_data_etl' retrieved from /opt/airflow/dags/get_data_faker.py
[2025-09-03T19:06:36.876+0000] {logging_mixin.py:190} INFO - [2025-09-03T19:06:36.876+0000] {dag.py:3239} INFO - Sync 1 DAGs
[2025-09-03T19:06:36.913+0000] {logging_mixin.py:190} INFO - [2025-09-03T19:06:36.912+0000] {dag.py:4180} INFO - Setting next_dagrun for sales_data_etl to 2025-09-03 19:05:00+00:00, run_after=2025-09-03 19:06:00+00:00
[2025-09-03T19:06:36.943+0000] {processor.py:208} INFO - Processing /opt/airflow/dags/get_data_faker.py took 0.184 seconds
[2025-09-03T19:07:07.581+0000] {processor.py:186} INFO - Started process (PID=2318) to work on /opt/airflow/dags/get_data_faker.py
[2025-09-03T19:07:07.582+0000] {processor.py:914} INFO - Processing file /opt/airflow/dags/get_data_faker.py for tasks to queue
[2025-09-03T19:07:07.584+0000] {logging_mixin.py:190} INFO - [2025-09-03T19:07:07.583+0000] {dagbag.py:588} INFO - Filling up the DagBag from /opt/airflow/dags/get_data_faker.py
[2025-09-03T19:07:07.662+0000] {processor.py:925} INFO - DAG(s) 'sales_data_etl' retrieved from /opt/airflow/dags/get_data_faker.py
[2025-09-03T19:07:07.684+0000] {logging_mixin.py:190} INFO - [2025-09-03T19:07:07.684+0000] {dag.py:3239} INFO - Sync 1 DAGs
[2025-09-03T19:07:07.703+0000] {logging_mixin.py:190} INFO - [2025-09-03T19:07:07.703+0000] {dag.py:4180} INFO - Setting next_dagrun for sales_data_etl to 2025-09-03 19:06:00+00:00, run_after=2025-09-03 19:07:00+00:00
[2025-09-03T19:07:07.719+0000] {processor.py:208} INFO - Processing /opt/airflow/dags/get_data_faker.py took 0.144 seconds
[2025-09-03T19:07:38.603+0000] {processor.py:186} INFO - Started process (PID=2430) to work on /opt/airflow/dags/get_data_faker.py
[2025-09-03T19:07:38.604+0000] {processor.py:914} INFO - Processing file /opt/airflow/dags/get_data_faker.py for tasks to queue
[2025-09-03T19:07:38.605+0000] {logging_mixin.py:190} INFO - [2025-09-03T19:07:38.605+0000] {dagbag.py:588} INFO - Filling up the DagBag from /opt/airflow/dags/get_data_faker.py
[2025-09-03T19:07:38.672+0000] {processor.py:925} INFO - DAG(s) 'sales_data_etl' retrieved from /opt/airflow/dags/get_data_faker.py
[2025-09-03T19:07:38.690+0000] {logging_mixin.py:190} INFO - [2025-09-03T19:07:38.690+0000] {dag.py:3239} INFO - Sync 1 DAGs
[2025-09-03T19:07:38.709+0000] {logging_mixin.py:190} INFO - [2025-09-03T19:07:38.709+0000] {dag.py:4180} INFO - Setting next_dagrun for sales_data_etl to 2025-09-03 19:06:00+00:00, run_after=2025-09-03 19:07:00+00:00
[2025-09-03T19:07:38.730+0000] {processor.py:208} INFO - Processing /opt/airflow/dags/get_data_faker.py took 0.132 seconds
[2025-09-03T19:08:09.128+0000] {processor.py:186} INFO - Started process (PID=2532) to work on /opt/airflow/dags/get_data_faker.py
[2025-09-03T19:08:09.130+0000] {processor.py:914} INFO - Processing file /opt/airflow/dags/get_data_faker.py for tasks to queue
[2025-09-03T19:08:09.133+0000] {logging_mixin.py:190} INFO - [2025-09-03T19:08:09.132+0000] {dagbag.py:588} INFO - Filling up the DagBag from /opt/airflow/dags/get_data_faker.py
[2025-09-03T19:08:09.211+0000] {processor.py:925} INFO - DAG(s) 'sales_data_etl' retrieved from /opt/airflow/dags/get_data_faker.py
[2025-09-03T19:08:09.237+0000] {logging_mixin.py:190} INFO - [2025-09-03T19:08:09.237+0000] {dag.py:3239} INFO - Sync 1 DAGs
[2025-09-03T19:08:09.262+0000] {logging_mixin.py:190} INFO - [2025-09-03T19:08:09.262+0000] {dag.py:4180} INFO - Setting next_dagrun for sales_data_etl to 2025-09-03 19:07:00+00:00, run_after=2025-09-03 19:08:00+00:00
[2025-09-03T19:08:09.278+0000] {processor.py:208} INFO - Processing /opt/airflow/dags/get_data_faker.py took 0.154 seconds
[2025-09-03T19:08:40.221+0000] {processor.py:186} INFO - Started process (PID=2644) to work on /opt/airflow/dags/get_data_faker.py
[2025-09-03T19:08:40.222+0000] {processor.py:914} INFO - Processing file /opt/airflow/dags/get_data_faker.py for tasks to queue
[2025-09-03T19:08:40.225+0000] {logging_mixin.py:190} INFO - [2025-09-03T19:08:40.225+0000] {dagbag.py:588} INFO - Filling up the DagBag from /opt/airflow/dags/get_data_faker.py
[2025-09-03T19:08:40.293+0000] {processor.py:925} INFO - DAG(s) 'sales_data_etl' retrieved from /opt/airflow/dags/get_data_faker.py
[2025-09-03T19:08:40.313+0000] {logging_mixin.py:190} INFO - [2025-09-03T19:08:40.312+0000] {dag.py:3239} INFO - Sync 1 DAGs
[2025-09-03T19:08:40.340+0000] {logging_mixin.py:190} INFO - [2025-09-03T19:08:40.340+0000] {dag.py:4180} INFO - Setting next_dagrun for sales_data_etl to 2025-09-03 19:07:00+00:00, run_after=2025-09-03 19:08:00+00:00
[2025-09-03T19:08:40.356+0000] {processor.py:208} INFO - Processing /opt/airflow/dags/get_data_faker.py took 0.140 seconds
[2025-09-03T19:09:10.834+0000] {processor.py:186} INFO - Started process (PID=2744) to work on /opt/airflow/dags/get_data_faker.py
[2025-09-03T19:09:10.835+0000] {processor.py:914} INFO - Processing file /opt/airflow/dags/get_data_faker.py for tasks to queue
[2025-09-03T19:09:10.838+0000] {logging_mixin.py:190} INFO - [2025-09-03T19:09:10.837+0000] {dagbag.py:588} INFO - Filling up the DagBag from /opt/airflow/dags/get_data_faker.py
[2025-09-03T19:09:10.923+0000] {processor.py:925} INFO - DAG(s) 'sales_data_etl' retrieved from /opt/airflow/dags/get_data_faker.py
[2025-09-03T19:09:10.947+0000] {logging_mixin.py:190} INFO - [2025-09-03T19:09:10.947+0000] {dag.py:3239} INFO - Sync 1 DAGs
[2025-09-03T19:09:10.985+0000] {logging_mixin.py:190} INFO - [2025-09-03T19:09:10.985+0000] {dag.py:4180} INFO - Setting next_dagrun for sales_data_etl to 2025-09-03 19:08:00+00:00, run_after=2025-09-03 19:09:00+00:00
[2025-09-03T19:09:11.004+0000] {processor.py:208} INFO - Processing /opt/airflow/dags/get_data_faker.py took 0.176 seconds
[2025-09-03T19:09:41.687+0000] {processor.py:186} INFO - Started process (PID=2851) to work on /opt/airflow/dags/get_data_faker.py
[2025-09-03T19:09:41.688+0000] {processor.py:914} INFO - Processing file /opt/airflow/dags/get_data_faker.py for tasks to queue
[2025-09-03T19:09:41.691+0000] {logging_mixin.py:190} INFO - [2025-09-03T19:09:41.691+0000] {dagbag.py:588} INFO - Filling up the DagBag from /opt/airflow/dags/get_data_faker.py
[2025-09-03T19:09:41.766+0000] {processor.py:925} INFO - DAG(s) 'sales_data_etl' retrieved from /opt/airflow/dags/get_data_faker.py
[2025-09-03T19:09:41.793+0000] {logging_mixin.py:190} INFO - [2025-09-03T19:09:41.793+0000] {dag.py:3239} INFO - Sync 1 DAGs
[2025-09-03T19:09:41.820+0000] {logging_mixin.py:190} INFO - [2025-09-03T19:09:41.820+0000] {dag.py:4180} INFO - Setting next_dagrun for sales_data_etl to 2025-09-03 19:08:00+00:00, run_after=2025-09-03 19:09:00+00:00
[2025-09-03T19:09:41.840+0000] {processor.py:208} INFO - Processing /opt/airflow/dags/get_data_faker.py took 0.161 seconds
[2025-09-03T19:10:12.583+0000] {processor.py:186} INFO - Started process (PID=2960) to work on /opt/airflow/dags/get_data_faker.py
[2025-09-03T19:10:12.584+0000] {processor.py:914} INFO - Processing file /opt/airflow/dags/get_data_faker.py for tasks to queue
[2025-09-03T19:10:12.586+0000] {logging_mixin.py:190} INFO - [2025-09-03T19:10:12.586+0000] {dagbag.py:588} INFO - Filling up the DagBag from /opt/airflow/dags/get_data_faker.py
[2025-09-03T19:10:12.657+0000] {processor.py:925} INFO - DAG(s) 'sales_data_etl' retrieved from /opt/airflow/dags/get_data_faker.py
[2025-09-03T19:10:12.684+0000] {logging_mixin.py:190} INFO - [2025-09-03T19:10:12.684+0000] {dag.py:3239} INFO - Sync 1 DAGs
[2025-09-03T19:10:12.714+0000] {logging_mixin.py:190} INFO - [2025-09-03T19:10:12.714+0000] {dag.py:4180} INFO - Setting next_dagrun for sales_data_etl to 2025-09-03 19:09:00+00:00, run_after=2025-09-03 19:10:00+00:00
[2025-09-03T19:10:12.730+0000] {processor.py:208} INFO - Processing /opt/airflow/dags/get_data_faker.py took 0.152 seconds
[2025-09-03T19:10:43.424+0000] {processor.py:186} INFO - Started process (PID=3065) to work on /opt/airflow/dags/get_data_faker.py
[2025-09-03T19:10:43.425+0000] {processor.py:914} INFO - Processing file /opt/airflow/dags/get_data_faker.py for tasks to queue
[2025-09-03T19:10:43.429+0000] {logging_mixin.py:190} INFO - [2025-09-03T19:10:43.428+0000] {dagbag.py:588} INFO - Filling up the DagBag from /opt/airflow/dags/get_data_faker.py
[2025-09-03T19:10:43.540+0000] {processor.py:925} INFO - DAG(s) 'sales_data_etl' retrieved from /opt/airflow/dags/get_data_faker.py
[2025-09-03T19:10:43.563+0000] {logging_mixin.py:190} INFO - [2025-09-03T19:10:43.563+0000] {dag.py:3239} INFO - Sync 1 DAGs
[2025-09-03T19:10:43.589+0000] {logging_mixin.py:190} INFO - [2025-09-03T19:10:43.589+0000] {dag.py:4180} INFO - Setting next_dagrun for sales_data_etl to 2025-09-03 19:09:00+00:00, run_after=2025-09-03 19:10:00+00:00
[2025-09-03T19:10:43.610+0000] {processor.py:208} INFO - Processing /opt/airflow/dags/get_data_faker.py took 0.193 seconds
[2025-09-03T19:11:14.404+0000] {processor.py:186} INFO - Started process (PID=3172) to work on /opt/airflow/dags/get_data_faker.py
[2025-09-03T19:11:14.405+0000] {processor.py:914} INFO - Processing file /opt/airflow/dags/get_data_faker.py for tasks to queue
[2025-09-03T19:11:14.407+0000] {logging_mixin.py:190} INFO - [2025-09-03T19:11:14.407+0000] {dagbag.py:588} INFO - Filling up the DagBag from /opt/airflow/dags/get_data_faker.py
[2025-09-03T19:11:14.481+0000] {processor.py:925} INFO - DAG(s) 'sales_data_etl' retrieved from /opt/airflow/dags/get_data_faker.py
[2025-09-03T19:11:14.507+0000] {logging_mixin.py:190} INFO - [2025-09-03T19:11:14.506+0000] {dag.py:3239} INFO - Sync 1 DAGs
[2025-09-03T19:11:14.546+0000] {logging_mixin.py:190} INFO - [2025-09-03T19:11:14.546+0000] {dag.py:4180} INFO - Setting next_dagrun for sales_data_etl to 2025-09-03 19:10:00+00:00, run_after=2025-09-03 19:11:00+00:00
[2025-09-03T19:11:14.561+0000] {processor.py:208} INFO - Processing /opt/airflow/dags/get_data_faker.py took 0.161 seconds
[2025-09-03T19:11:45.679+0000] {processor.py:186} INFO - Started process (PID=3279) to work on /opt/airflow/dags/get_data_faker.py
[2025-09-03T19:11:45.680+0000] {processor.py:914} INFO - Processing file /opt/airflow/dags/get_data_faker.py for tasks to queue
[2025-09-03T19:11:45.683+0000] {logging_mixin.py:190} INFO - [2025-09-03T19:11:45.683+0000] {dagbag.py:588} INFO - Filling up the DagBag from /opt/airflow/dags/get_data_faker.py
[2025-09-03T19:11:45.820+0000] {processor.py:925} INFO - DAG(s) 'sales_data_etl' retrieved from /opt/airflow/dags/get_data_faker.py
[2025-09-03T19:11:45.850+0000] {logging_mixin.py:190} INFO - [2025-09-03T19:11:45.849+0000] {dag.py:3239} INFO - Sync 1 DAGs
[2025-09-03T19:11:45.884+0000] {logging_mixin.py:190} INFO - [2025-09-03T19:11:45.884+0000] {dag.py:4180} INFO - Setting next_dagrun for sales_data_etl to 2025-09-03 19:10:00+00:00, run_after=2025-09-03 19:11:00+00:00
[2025-09-03T19:11:45.907+0000] {processor.py:208} INFO - Processing /opt/airflow/dags/get_data_faker.py took 0.233 seconds
[2025-09-03T19:12:16.889+0000] {processor.py:186} INFO - Started process (PID=3386) to work on /opt/airflow/dags/get_data_faker.py
[2025-09-03T19:12:16.890+0000] {processor.py:914} INFO - Processing file /opt/airflow/dags/get_data_faker.py for tasks to queue
[2025-09-03T19:12:16.893+0000] {logging_mixin.py:190} INFO - [2025-09-03T19:12:16.892+0000] {dagbag.py:588} INFO - Filling up the DagBag from /opt/airflow/dags/get_data_faker.py
[2025-09-03T19:12:17.007+0000] {processor.py:925} INFO - DAG(s) 'sales_data_etl' retrieved from /opt/airflow/dags/get_data_faker.py
[2025-09-03T19:12:17.034+0000] {logging_mixin.py:190} INFO - [2025-09-03T19:12:17.033+0000] {dag.py:3239} INFO - Sync 1 DAGs
[2025-09-03T19:12:17.070+0000] {logging_mixin.py:190} INFO - [2025-09-03T19:12:17.070+0000] {dag.py:4180} INFO - Setting next_dagrun for sales_data_etl to 2025-09-03 19:11:00+00:00, run_after=2025-09-03 19:12:00+00:00
[2025-09-03T19:12:17.092+0000] {processor.py:208} INFO - Processing /opt/airflow/dags/get_data_faker.py took 0.209 seconds
[2025-09-03T19:12:47.856+0000] {processor.py:186} INFO - Started process (PID=3493) to work on /opt/airflow/dags/get_data_faker.py
[2025-09-03T19:12:47.857+0000] {processor.py:914} INFO - Processing file /opt/airflow/dags/get_data_faker.py for tasks to queue
[2025-09-03T19:12:47.859+0000] {logging_mixin.py:190} INFO - [2025-09-03T19:12:47.858+0000] {dagbag.py:588} INFO - Filling up the DagBag from /opt/airflow/dags/get_data_faker.py
[2025-09-03T19:12:47.942+0000] {processor.py:925} INFO - DAG(s) 'sales_data_etl' retrieved from /opt/airflow/dags/get_data_faker.py
[2025-09-03T19:12:47.966+0000] {logging_mixin.py:190} INFO - [2025-09-03T19:12:47.965+0000] {dag.py:3239} INFO - Sync 1 DAGs
[2025-09-03T19:12:47.995+0000] {logging_mixin.py:190} INFO - [2025-09-03T19:12:47.995+0000] {dag.py:4180} INFO - Setting next_dagrun for sales_data_etl to 2025-09-03 19:11:00+00:00, run_after=2025-09-03 19:12:00+00:00
[2025-09-03T19:12:48.160+0000] {processor.py:208} INFO - Processing /opt/airflow/dags/get_data_faker.py took 0.310 seconds
[2025-09-03T19:13:18.879+0000] {processor.py:186} INFO - Started process (PID=3602) to work on /opt/airflow/dags/get_data_faker.py
[2025-09-03T19:13:18.880+0000] {processor.py:914} INFO - Processing file /opt/airflow/dags/get_data_faker.py for tasks to queue
[2025-09-03T19:13:18.883+0000] {logging_mixin.py:190} INFO - [2025-09-03T19:13:18.883+0000] {dagbag.py:588} INFO - Filling up the DagBag from /opt/airflow/dags/get_data_faker.py
[2025-09-03T19:13:18.976+0000] {processor.py:925} INFO - DAG(s) 'sales_data_etl' retrieved from /opt/airflow/dags/get_data_faker.py
[2025-09-03T19:13:18.999+0000] {logging_mixin.py:190} INFO - [2025-09-03T19:13:18.999+0000] {dag.py:3239} INFO - Sync 1 DAGs
[2025-09-03T19:13:19.018+0000] {logging_mixin.py:190} INFO - [2025-09-03T19:13:19.018+0000] {dag.py:4180} INFO - Setting next_dagrun for sales_data_etl to 2025-09-03 19:12:00+00:00, run_after=2025-09-03 19:13:00+00:00
[2025-09-03T19:13:19.034+0000] {processor.py:208} INFO - Processing /opt/airflow/dags/get_data_faker.py took 0.160 seconds
[2025-09-03T19:13:49.686+0000] {processor.py:186} INFO - Started process (PID=3707) to work on /opt/airflow/dags/get_data_faker.py
[2025-09-03T19:13:49.687+0000] {processor.py:914} INFO - Processing file /opt/airflow/dags/get_data_faker.py for tasks to queue
[2025-09-03T19:13:49.690+0000] {logging_mixin.py:190} INFO - [2025-09-03T19:13:49.689+0000] {dagbag.py:588} INFO - Filling up the DagBag from /opt/airflow/dags/get_data_faker.py
[2025-09-03T19:13:49.771+0000] {processor.py:925} INFO - DAG(s) 'sales_data_etl' retrieved from /opt/airflow/dags/get_data_faker.py
[2025-09-03T19:13:49.791+0000] {logging_mixin.py:190} INFO - [2025-09-03T19:13:49.791+0000] {dag.py:3239} INFO - Sync 1 DAGs
[2025-09-03T19:13:49.818+0000] {logging_mixin.py:190} INFO - [2025-09-03T19:13:49.818+0000] {dag.py:4180} INFO - Setting next_dagrun for sales_data_etl to 2025-09-03 19:12:00+00:00, run_after=2025-09-03 19:13:00+00:00
[2025-09-03T19:13:49.840+0000] {processor.py:208} INFO - Processing /opt/airflow/dags/get_data_faker.py took 0.161 seconds
[2025-09-03T19:14:20.306+0000] {processor.py:186} INFO - Started process (PID=3814) to work on /opt/airflow/dags/get_data_faker.py
[2025-09-03T19:14:20.307+0000] {processor.py:914} INFO - Processing file /opt/airflow/dags/get_data_faker.py for tasks to queue
[2025-09-03T19:14:20.310+0000] {logging_mixin.py:190} INFO - [2025-09-03T19:14:20.309+0000] {dagbag.py:588} INFO - Filling up the DagBag from /opt/airflow/dags/get_data_faker.py
[2025-09-03T19:14:20.392+0000] {processor.py:925} INFO - DAG(s) 'sales_data_etl' retrieved from /opt/airflow/dags/get_data_faker.py
[2025-09-03T19:14:20.415+0000] {logging_mixin.py:190} INFO - [2025-09-03T19:14:20.415+0000] {dag.py:3239} INFO - Sync 1 DAGs
[2025-09-03T19:14:20.439+0000] {logging_mixin.py:190} INFO - [2025-09-03T19:14:20.438+0000] {dag.py:4180} INFO - Setting next_dagrun for sales_data_etl to 2025-09-03 19:13:00+00:00, run_after=2025-09-03 19:14:00+00:00
[2025-09-03T19:14:20.459+0000] {processor.py:208} INFO - Processing /opt/airflow/dags/get_data_faker.py took 0.160 seconds
[2025-09-03T19:14:50.761+0000] {processor.py:186} INFO - Started process (PID=3921) to work on /opt/airflow/dags/get_data_faker.py
[2025-09-03T19:14:50.764+0000] {processor.py:914} INFO - Processing file /opt/airflow/dags/get_data_faker.py for tasks to queue
[2025-09-03T19:14:50.767+0000] {logging_mixin.py:190} INFO - [2025-09-03T19:14:50.766+0000] {dagbag.py:588} INFO - Filling up the DagBag from /opt/airflow/dags/get_data_faker.py
[2025-09-03T19:14:50.839+0000] {processor.py:925} INFO - DAG(s) 'sales_data_etl' retrieved from /opt/airflow/dags/get_data_faker.py
[2025-09-03T19:14:50.867+0000] {logging_mixin.py:190} INFO - [2025-09-03T19:14:50.866+0000] {dag.py:3239} INFO - Sync 1 DAGs
[2025-09-03T19:14:50.897+0000] {logging_mixin.py:190} INFO - [2025-09-03T19:14:50.897+0000] {dag.py:4180} INFO - Setting next_dagrun for sales_data_etl to 2025-09-03 19:13:00+00:00, run_after=2025-09-03 19:14:00+00:00
[2025-09-03T19:14:50.920+0000] {processor.py:208} INFO - Processing /opt/airflow/dags/get_data_faker.py took 0.164 seconds
[2025-09-03T19:15:21.377+0000] {processor.py:186} INFO - Started process (PID=4028) to work on /opt/airflow/dags/get_data_faker.py
[2025-09-03T19:15:21.379+0000] {processor.py:914} INFO - Processing file /opt/airflow/dags/get_data_faker.py for tasks to queue
[2025-09-03T19:15:21.381+0000] {logging_mixin.py:190} INFO - [2025-09-03T19:15:21.381+0000] {dagbag.py:588} INFO - Filling up the DagBag from /opt/airflow/dags/get_data_faker.py
[2025-09-03T19:15:21.466+0000] {processor.py:925} INFO - DAG(s) 'sales_data_etl' retrieved from /opt/airflow/dags/get_data_faker.py
[2025-09-03T19:15:21.489+0000] {logging_mixin.py:190} INFO - [2025-09-03T19:15:21.489+0000] {dag.py:3239} INFO - Sync 1 DAGs
[2025-09-03T19:15:21.517+0000] {logging_mixin.py:190} INFO - [2025-09-03T19:15:21.517+0000] {dag.py:4180} INFO - Setting next_dagrun for sales_data_etl to 2025-09-03 19:14:00+00:00, run_after=2025-09-03 19:15:00+00:00
[2025-09-03T19:15:21.534+0000] {processor.py:208} INFO - Processing /opt/airflow/dags/get_data_faker.py took 0.165 seconds
[2025-09-03T19:15:51.997+0000] {processor.py:186} INFO - Started process (PID=4135) to work on /opt/airflow/dags/get_data_faker.py
[2025-09-03T19:15:51.998+0000] {processor.py:914} INFO - Processing file /opt/airflow/dags/get_data_faker.py for tasks to queue
[2025-09-03T19:15:52.000+0000] {logging_mixin.py:190} INFO - [2025-09-03T19:15:51.999+0000] {dagbag.py:588} INFO - Filling up the DagBag from /opt/airflow/dags/get_data_faker.py
[2025-09-03T19:15:52.088+0000] {processor.py:925} INFO - DAG(s) 'sales_data_etl' retrieved from /opt/airflow/dags/get_data_faker.py
[2025-09-03T19:15:52.118+0000] {logging_mixin.py:190} INFO - [2025-09-03T19:15:52.118+0000] {dag.py:3239} INFO - Sync 1 DAGs
[2025-09-03T19:15:52.150+0000] {logging_mixin.py:190} INFO - [2025-09-03T19:15:52.150+0000] {dag.py:4180} INFO - Setting next_dagrun for sales_data_etl to 2025-09-03 19:14:00+00:00, run_after=2025-09-03 19:15:00+00:00
[2025-09-03T19:15:52.176+0000] {processor.py:208} INFO - Processing /opt/airflow/dags/get_data_faker.py took 0.184 seconds
[2025-09-03T19:16:22.714+0000] {processor.py:186} INFO - Started process (PID=4242) to work on /opt/airflow/dags/get_data_faker.py
[2025-09-03T19:16:22.714+0000] {processor.py:914} INFO - Processing file /opt/airflow/dags/get_data_faker.py for tasks to queue
[2025-09-03T19:16:22.717+0000] {logging_mixin.py:190} INFO - [2025-09-03T19:16:22.716+0000] {dagbag.py:588} INFO - Filling up the DagBag from /opt/airflow/dags/get_data_faker.py
[2025-09-03T19:16:22.803+0000] {processor.py:925} INFO - DAG(s) 'sales_data_etl' retrieved from /opt/airflow/dags/get_data_faker.py
[2025-09-03T19:16:22.826+0000] {logging_mixin.py:190} INFO - [2025-09-03T19:16:22.825+0000] {dag.py:3239} INFO - Sync 1 DAGs
[2025-09-03T19:16:22.845+0000] {logging_mixin.py:190} INFO - [2025-09-03T19:16:22.845+0000] {dag.py:4180} INFO - Setting next_dagrun for sales_data_etl to 2025-09-03 19:15:00+00:00, run_after=2025-09-03 19:16:00+00:00
[2025-09-03T19:16:22.861+0000] {processor.py:208} INFO - Processing /opt/airflow/dags/get_data_faker.py took 0.152 seconds
[2025-09-03T19:16:53.434+0000] {processor.py:186} INFO - Started process (PID=4349) to work on /opt/airflow/dags/get_data_faker.py
[2025-09-03T19:16:53.435+0000] {processor.py:914} INFO - Processing file /opt/airflow/dags/get_data_faker.py for tasks to queue
[2025-09-03T19:16:53.438+0000] {logging_mixin.py:190} INFO - [2025-09-03T19:16:53.438+0000] {dagbag.py:588} INFO - Filling up the DagBag from /opt/airflow/dags/get_data_faker.py
[2025-09-03T19:16:53.529+0000] {processor.py:925} INFO - DAG(s) 'sales_data_etl' retrieved from /opt/airflow/dags/get_data_faker.py
[2025-09-03T19:16:53.558+0000] {logging_mixin.py:190} INFO - [2025-09-03T19:16:53.558+0000] {dag.py:3239} INFO - Sync 1 DAGs
[2025-09-03T19:16:53.591+0000] {logging_mixin.py:190} INFO - [2025-09-03T19:16:53.591+0000] {dag.py:4180} INFO - Setting next_dagrun for sales_data_etl to 2025-09-03 19:15:00+00:00, run_after=2025-09-03 19:16:00+00:00
[2025-09-03T19:16:53.609+0000] {processor.py:208} INFO - Processing /opt/airflow/dags/get_data_faker.py took 0.180 seconds
[2025-09-03T19:17:24.322+0000] {processor.py:186} INFO - Started process (PID=4458) to work on /opt/airflow/dags/get_data_faker.py
[2025-09-03T19:17:24.324+0000] {processor.py:914} INFO - Processing file /opt/airflow/dags/get_data_faker.py for tasks to queue
[2025-09-03T19:17:24.325+0000] {logging_mixin.py:190} INFO - [2025-09-03T19:17:24.325+0000] {dagbag.py:588} INFO - Filling up the DagBag from /opt/airflow/dags/get_data_faker.py
[2025-09-03T19:17:24.404+0000] {processor.py:925} INFO - DAG(s) 'sales_data_etl' retrieved from /opt/airflow/dags/get_data_faker.py
[2025-09-03T19:17:24.430+0000] {logging_mixin.py:190} INFO - [2025-09-03T19:17:24.430+0000] {dag.py:3239} INFO - Sync 1 DAGs
[2025-09-03T19:17:24.455+0000] {logging_mixin.py:190} INFO - [2025-09-03T19:17:24.455+0000] {dag.py:4180} INFO - Setting next_dagrun for sales_data_etl to 2025-09-03 19:16:00+00:00, run_after=2025-09-03 19:17:00+00:00
[2025-09-03T19:17:24.473+0000] {processor.py:208} INFO - Processing /opt/airflow/dags/get_data_faker.py took 0.158 seconds
[2025-09-03T19:17:54.868+0000] {processor.py:186} INFO - Started process (PID=4563) to work on /opt/airflow/dags/get_data_faker.py
[2025-09-03T19:17:54.869+0000] {processor.py:914} INFO - Processing file /opt/airflow/dags/get_data_faker.py for tasks to queue
[2025-09-03T19:17:54.872+0000] {logging_mixin.py:190} INFO - [2025-09-03T19:17:54.871+0000] {dagbag.py:588} INFO - Filling up the DagBag from /opt/airflow/dags/get_data_faker.py
[2025-09-03T19:17:54.955+0000] {processor.py:925} INFO - DAG(s) 'sales_data_etl' retrieved from /opt/airflow/dags/get_data_faker.py
[2025-09-03T19:17:54.975+0000] {logging_mixin.py:190} INFO - [2025-09-03T19:17:54.975+0000] {dag.py:3239} INFO - Sync 1 DAGs
[2025-09-03T19:17:55.002+0000] {logging_mixin.py:190} INFO - [2025-09-03T19:17:55.002+0000] {dag.py:4180} INFO - Setting next_dagrun for sales_data_etl to 2025-09-03 19:16:00+00:00, run_after=2025-09-03 19:17:00+00:00
[2025-09-03T19:17:55.027+0000] {processor.py:208} INFO - Processing /opt/airflow/dags/get_data_faker.py took 0.164 seconds
[2025-09-03T19:18:25.577+0000] {processor.py:186} INFO - Started process (PID=4676) to work on /opt/airflow/dags/get_data_faker.py
[2025-09-03T19:18:25.578+0000] {processor.py:914} INFO - Processing file /opt/airflow/dags/get_data_faker.py for tasks to queue
[2025-09-03T19:18:25.581+0000] {logging_mixin.py:190} INFO - [2025-09-03T19:18:25.580+0000] {dagbag.py:588} INFO - Filling up the DagBag from /opt/airflow/dags/get_data_faker.py
[2025-09-03T19:18:25.660+0000] {processor.py:925} INFO - DAG(s) 'sales_data_etl' retrieved from /opt/airflow/dags/get_data_faker.py
[2025-09-03T19:18:25.684+0000] {logging_mixin.py:190} INFO - [2025-09-03T19:18:25.684+0000] {dag.py:3239} INFO - Sync 1 DAGs
[2025-09-03T19:18:25.709+0000] {logging_mixin.py:190} INFO - [2025-09-03T19:18:25.709+0000] {dag.py:4180} INFO - Setting next_dagrun for sales_data_etl to 2025-09-03 19:17:00+00:00, run_after=2025-09-03 19:18:00+00:00
[2025-09-03T19:18:25.727+0000] {processor.py:208} INFO - Processing /opt/airflow/dags/get_data_faker.py took 0.158 seconds
[2025-09-03T19:18:56.346+0000] {processor.py:186} INFO - Started process (PID=4783) to work on /opt/airflow/dags/get_data_faker.py
[2025-09-03T19:18:56.347+0000] {processor.py:914} INFO - Processing file /opt/airflow/dags/get_data_faker.py for tasks to queue
[2025-09-03T19:18:56.350+0000] {logging_mixin.py:190} INFO - [2025-09-03T19:18:56.349+0000] {dagbag.py:588} INFO - Filling up the DagBag from /opt/airflow/dags/get_data_faker.py
[2025-09-03T19:18:56.433+0000] {processor.py:925} INFO - DAG(s) 'sales_data_etl' retrieved from /opt/airflow/dags/get_data_faker.py
[2025-09-03T19:18:56.461+0000] {logging_mixin.py:190} INFO - [2025-09-03T19:18:56.461+0000] {dag.py:3239} INFO - Sync 1 DAGs
[2025-09-03T19:18:56.494+0000] {logging_mixin.py:190} INFO - [2025-09-03T19:18:56.494+0000] {dag.py:4180} INFO - Setting next_dagrun for sales_data_etl to 2025-09-03 19:17:00+00:00, run_after=2025-09-03 19:18:00+00:00
[2025-09-03T19:18:56.514+0000] {processor.py:208} INFO - Processing /opt/airflow/dags/get_data_faker.py took 0.176 seconds
[2025-09-03T19:19:27.060+0000] {processor.py:186} INFO - Started process (PID=4890) to work on /opt/airflow/dags/get_data_faker.py
[2025-09-03T19:19:27.061+0000] {processor.py:914} INFO - Processing file /opt/airflow/dags/get_data_faker.py for tasks to queue
[2025-09-03T19:19:27.064+0000] {logging_mixin.py:190} INFO - [2025-09-03T19:19:27.064+0000] {dagbag.py:588} INFO - Filling up the DagBag from /opt/airflow/dags/get_data_faker.py
[2025-09-03T19:19:27.156+0000] {processor.py:925} INFO - DAG(s) 'sales_data_etl' retrieved from /opt/airflow/dags/get_data_faker.py
[2025-09-03T19:19:27.184+0000] {logging_mixin.py:190} INFO - [2025-09-03T19:19:27.184+0000] {dag.py:3239} INFO - Sync 1 DAGs
[2025-09-03T19:19:27.211+0000] {logging_mixin.py:190} INFO - [2025-09-03T19:19:27.211+0000] {dag.py:4180} INFO - Setting next_dagrun for sales_data_etl to 2025-09-03 19:18:00+00:00, run_after=2025-09-03 19:19:00+00:00
[2025-09-03T19:19:27.231+0000] {processor.py:208} INFO - Processing /opt/airflow/dags/get_data_faker.py took 0.176 seconds
[2025-09-03T19:19:57.584+0000] {processor.py:186} INFO - Started process (PID=4996) to work on /opt/airflow/dags/get_data_faker.py
[2025-09-03T19:19:57.585+0000] {processor.py:914} INFO - Processing file /opt/airflow/dags/get_data_faker.py for tasks to queue
[2025-09-03T19:19:57.588+0000] {logging_mixin.py:190} INFO - [2025-09-03T19:19:57.587+0000] {dagbag.py:588} INFO - Filling up the DagBag from /opt/airflow/dags/get_data_faker.py
[2025-09-03T19:19:57.665+0000] {processor.py:925} INFO - DAG(s) 'sales_data_etl' retrieved from /opt/airflow/dags/get_data_faker.py
[2025-09-03T19:19:57.690+0000] {logging_mixin.py:190} INFO - [2025-09-03T19:19:57.690+0000] {dag.py:3239} INFO - Sync 1 DAGs
[2025-09-03T19:19:57.718+0000] {logging_mixin.py:190} INFO - [2025-09-03T19:19:57.718+0000] {dag.py:4180} INFO - Setting next_dagrun for sales_data_etl to 2025-09-03 19:18:00+00:00, run_after=2025-09-03 19:19:00+00:00
[2025-09-03T19:19:57.735+0000] {processor.py:208} INFO - Processing /opt/airflow/dags/get_data_faker.py took 0.157 seconds
[2025-09-03T19:20:28.347+0000] {processor.py:186} INFO - Started process (PID=5103) to work on /opt/airflow/dags/get_data_faker.py
[2025-09-03T19:20:28.348+0000] {processor.py:914} INFO - Processing file /opt/airflow/dags/get_data_faker.py for tasks to queue
[2025-09-03T19:20:28.351+0000] {logging_mixin.py:190} INFO - [2025-09-03T19:20:28.350+0000] {dagbag.py:588} INFO - Filling up the DagBag from /opt/airflow/dags/get_data_faker.py
[2025-09-03T19:20:28.455+0000] {processor.py:925} INFO - DAG(s) 'sales_data_etl' retrieved from /opt/airflow/dags/get_data_faker.py
[2025-09-03T19:20:28.478+0000] {logging_mixin.py:190} INFO - [2025-09-03T19:20:28.478+0000] {dag.py:3239} INFO - Sync 1 DAGs
[2025-09-03T19:20:28.505+0000] {logging_mixin.py:190} INFO - [2025-09-03T19:20:28.505+0000] {dag.py:4180} INFO - Setting next_dagrun for sales_data_etl to 2025-09-03 19:19:00+00:00, run_after=2025-09-03 19:20:00+00:00
[2025-09-03T19:20:28.520+0000] {processor.py:208} INFO - Processing /opt/airflow/dags/get_data_faker.py took 0.182 seconds
[2025-09-03T19:20:59.043+0000] {processor.py:186} INFO - Started process (PID=5209) to work on /opt/airflow/dags/get_data_faker.py
[2025-09-03T19:20:59.044+0000] {processor.py:914} INFO - Processing file /opt/airflow/dags/get_data_faker.py for tasks to queue
[2025-09-03T19:20:59.046+0000] {logging_mixin.py:190} INFO - [2025-09-03T19:20:59.046+0000] {dagbag.py:588} INFO - Filling up the DagBag from /opt/airflow/dags/get_data_faker.py
[2025-09-03T19:20:59.135+0000] {processor.py:925} INFO - DAG(s) 'sales_data_etl' retrieved from /opt/airflow/dags/get_data_faker.py
[2025-09-03T19:20:59.166+0000] {logging_mixin.py:190} INFO - [2025-09-03T19:20:59.166+0000] {dag.py:3239} INFO - Sync 1 DAGs
[2025-09-03T19:20:59.196+0000] {logging_mixin.py:190} INFO - [2025-09-03T19:20:59.196+0000] {dag.py:4180} INFO - Setting next_dagrun for sales_data_etl to 2025-09-03 19:19:00+00:00, run_after=2025-09-03 19:20:00+00:00
[2025-09-03T19:20:59.221+0000] {processor.py:208} INFO - Processing /opt/airflow/dags/get_data_faker.py took 0.187 seconds
[2025-09-03T19:21:29.740+0000] {processor.py:186} INFO - Started process (PID=5316) to work on /opt/airflow/dags/get_data_faker.py
[2025-09-03T19:21:29.741+0000] {processor.py:914} INFO - Processing file /opt/airflow/dags/get_data_faker.py for tasks to queue
[2025-09-03T19:21:29.743+0000] {logging_mixin.py:190} INFO - [2025-09-03T19:21:29.743+0000] {dagbag.py:588} INFO - Filling up the DagBag from /opt/airflow/dags/get_data_faker.py
[2025-09-03T19:21:29.873+0000] {processor.py:925} INFO - DAG(s) 'sales_data_etl' retrieved from /opt/airflow/dags/get_data_faker.py
[2025-09-03T19:21:29.900+0000] {logging_mixin.py:190} INFO - [2025-09-03T19:21:29.899+0000] {dag.py:3239} INFO - Sync 1 DAGs
[2025-09-03T19:21:29.931+0000] {logging_mixin.py:190} INFO - [2025-09-03T19:21:29.931+0000] {dag.py:4180} INFO - Setting next_dagrun for sales_data_etl to 2025-09-03 19:20:00+00:00, run_after=2025-09-03 19:21:00+00:00
[2025-09-03T19:21:29.954+0000] {processor.py:208} INFO - Processing /opt/airflow/dags/get_data_faker.py took 0.221 seconds
[2025-09-03T19:22:00.522+0000] {processor.py:186} INFO - Started process (PID=5423) to work on /opt/airflow/dags/get_data_faker.py
[2025-09-03T19:22:00.523+0000] {processor.py:914} INFO - Processing file /opt/airflow/dags/get_data_faker.py for tasks to queue
[2025-09-03T19:22:00.526+0000] {logging_mixin.py:190} INFO - [2025-09-03T19:22:00.526+0000] {dagbag.py:588} INFO - Filling up the DagBag from /opt/airflow/dags/get_data_faker.py
[2025-09-03T19:22:00.613+0000] {processor.py:925} INFO - DAG(s) 'sales_data_etl' retrieved from /opt/airflow/dags/get_data_faker.py
[2025-09-03T19:22:00.644+0000] {logging_mixin.py:190} INFO - [2025-09-03T19:22:00.644+0000] {dag.py:3239} INFO - Sync 1 DAGs
[2025-09-03T19:22:00.671+0000] {logging_mixin.py:190} INFO - [2025-09-03T19:22:00.671+0000] {dag.py:4180} INFO - Setting next_dagrun for sales_data_etl to 2025-09-03 19:21:00+00:00, run_after=2025-09-03 19:22:00+00:00
[2025-09-03T19:22:00.689+0000] {processor.py:208} INFO - Processing /opt/airflow/dags/get_data_faker.py took 0.172 seconds
[2025-09-03T19:22:31.530+0000] {processor.py:186} INFO - Started process (PID=5530) to work on /opt/airflow/dags/get_data_faker.py
[2025-09-03T19:22:31.531+0000] {processor.py:914} INFO - Processing file /opt/airflow/dags/get_data_faker.py for tasks to queue
[2025-09-03T19:22:31.535+0000] {logging_mixin.py:190} INFO - [2025-09-03T19:22:31.534+0000] {dagbag.py:588} INFO - Filling up the DagBag from /opt/airflow/dags/get_data_faker.py
[2025-09-03T19:22:31.622+0000] {processor.py:925} INFO - DAG(s) 'sales_data_etl' retrieved from /opt/airflow/dags/get_data_faker.py
[2025-09-03T19:22:31.646+0000] {logging_mixin.py:190} INFO - [2025-09-03T19:22:31.646+0000] {dag.py:3239} INFO - Sync 1 DAGs
[2025-09-03T19:22:31.677+0000] {logging_mixin.py:190} INFO - [2025-09-03T19:22:31.677+0000] {dag.py:4180} INFO - Setting next_dagrun for sales_data_etl to 2025-09-03 19:21:00+00:00, run_after=2025-09-03 19:22:00+00:00
[2025-09-03T19:22:31.693+0000] {processor.py:208} INFO - Processing /opt/airflow/dags/get_data_faker.py took 0.172 seconds
[2025-09-03T19:23:02.290+0000] {processor.py:186} INFO - Started process (PID=5637) to work on /opt/airflow/dags/get_data_faker.py
[2025-09-03T19:23:02.291+0000] {processor.py:914} INFO - Processing file /opt/airflow/dags/get_data_faker.py for tasks to queue
[2025-09-03T19:23:02.295+0000] {logging_mixin.py:190} INFO - [2025-09-03T19:23:02.294+0000] {dagbag.py:588} INFO - Filling up the DagBag from /opt/airflow/dags/get_data_faker.py
[2025-09-03T19:23:02.383+0000] {processor.py:925} INFO - DAG(s) 'sales_data_etl' retrieved from /opt/airflow/dags/get_data_faker.py
[2025-09-03T19:23:02.409+0000] {logging_mixin.py:190} INFO - [2025-09-03T19:23:02.409+0000] {dag.py:3239} INFO - Sync 1 DAGs
[2025-09-03T19:23:02.446+0000] {logging_mixin.py:190} INFO - [2025-09-03T19:23:02.445+0000] {dag.py:4180} INFO - Setting next_dagrun for sales_data_etl to 2025-09-03 19:22:00+00:00, run_after=2025-09-03 19:23:00+00:00
[2025-09-03T19:23:02.474+0000] {processor.py:208} INFO - Processing /opt/airflow/dags/get_data_faker.py took 0.190 seconds
[2025-09-03T19:23:33.227+0000] {processor.py:186} INFO - Started process (PID=5744) to work on /opt/airflow/dags/get_data_faker.py
[2025-09-03T19:23:33.228+0000] {processor.py:914} INFO - Processing file /opt/airflow/dags/get_data_faker.py for tasks to queue
[2025-09-03T19:23:33.230+0000] {logging_mixin.py:190} INFO - [2025-09-03T19:23:33.229+0000] {dagbag.py:588} INFO - Filling up the DagBag from /opt/airflow/dags/get_data_faker.py
[2025-09-03T19:23:33.322+0000] {processor.py:925} INFO - DAG(s) 'sales_data_etl' retrieved from /opt/airflow/dags/get_data_faker.py
[2025-09-03T19:23:33.347+0000] {logging_mixin.py:190} INFO - [2025-09-03T19:23:33.347+0000] {dag.py:3239} INFO - Sync 1 DAGs
[2025-09-03T19:23:33.377+0000] {logging_mixin.py:190} INFO - [2025-09-03T19:23:33.377+0000] {dag.py:4180} INFO - Setting next_dagrun for sales_data_etl to 2025-09-03 19:22:00+00:00, run_after=2025-09-03 19:23:00+00:00
[2025-09-03T19:23:33.392+0000] {processor.py:208} INFO - Processing /opt/airflow/dags/get_data_faker.py took 0.174 seconds
[2025-09-03T19:24:04.146+0000] {processor.py:186} INFO - Started process (PID=5851) to work on /opt/airflow/dags/get_data_faker.py
[2025-09-03T19:24:04.147+0000] {processor.py:914} INFO - Processing file /opt/airflow/dags/get_data_faker.py for tasks to queue
[2025-09-03T19:24:04.149+0000] {logging_mixin.py:190} INFO - [2025-09-03T19:24:04.149+0000] {dagbag.py:588} INFO - Filling up the DagBag from /opt/airflow/dags/get_data_faker.py
[2025-09-03T19:24:04.236+0000] {processor.py:925} INFO - DAG(s) 'sales_data_etl' retrieved from /opt/airflow/dags/get_data_faker.py
[2025-09-03T19:24:04.261+0000] {logging_mixin.py:190} INFO - [2025-09-03T19:24:04.261+0000] {dag.py:3239} INFO - Sync 1 DAGs
[2025-09-03T19:24:04.288+0000] {logging_mixin.py:190} INFO - [2025-09-03T19:24:04.287+0000] {dag.py:4180} INFO - Setting next_dagrun for sales_data_etl to 2025-09-03 19:23:00+00:00, run_after=2025-09-03 19:24:00+00:00
[2025-09-03T19:24:04.303+0000] {processor.py:208} INFO - Processing /opt/airflow/dags/get_data_faker.py took 0.165 seconds
[2025-09-03T19:24:35.064+0000] {processor.py:186} INFO - Started process (PID=5960) to work on /opt/airflow/dags/get_data_faker.py
[2025-09-03T19:24:35.065+0000] {processor.py:914} INFO - Processing file /opt/airflow/dags/get_data_faker.py for tasks to queue
[2025-09-03T19:24:35.067+0000] {logging_mixin.py:190} INFO - [2025-09-03T19:24:35.067+0000] {dagbag.py:588} INFO - Filling up the DagBag from /opt/airflow/dags/get_data_faker.py
[2025-09-03T19:24:35.157+0000] {processor.py:925} INFO - DAG(s) 'sales_data_etl' retrieved from /opt/airflow/dags/get_data_faker.py
[2025-09-03T19:24:35.187+0000] {logging_mixin.py:190} INFO - [2025-09-03T19:24:35.187+0000] {dag.py:3239} INFO - Sync 1 DAGs
[2025-09-03T19:24:35.217+0000] {logging_mixin.py:190} INFO - [2025-09-03T19:24:35.217+0000] {dag.py:4180} INFO - Setting next_dagrun for sales_data_etl to 2025-09-03 19:23:00+00:00, run_after=2025-09-03 19:24:00+00:00
[2025-09-03T19:24:35.244+0000] {processor.py:208} INFO - Processing /opt/airflow/dags/get_data_faker.py took 0.185 seconds
[2025-09-03T19:25:05.902+0000] {processor.py:186} INFO - Started process (PID=6065) to work on /opt/airflow/dags/get_data_faker.py
[2025-09-03T19:25:05.903+0000] {processor.py:914} INFO - Processing file /opt/airflow/dags/get_data_faker.py for tasks to queue
[2025-09-03T19:25:05.905+0000] {logging_mixin.py:190} INFO - [2025-09-03T19:25:05.904+0000] {dagbag.py:588} INFO - Filling up the DagBag from /opt/airflow/dags/get_data_faker.py
[2025-09-03T19:25:06.005+0000] {processor.py:925} INFO - DAG(s) 'sales_data_etl' retrieved from /opt/airflow/dags/get_data_faker.py
[2025-09-03T19:25:06.035+0000] {logging_mixin.py:190} INFO - [2025-09-03T19:25:06.035+0000] {dag.py:3239} INFO - Sync 1 DAGs
[2025-09-03T19:25:06.064+0000] {logging_mixin.py:190} INFO - [2025-09-03T19:25:06.064+0000] {dag.py:4180} INFO - Setting next_dagrun for sales_data_etl to 2025-09-03 19:24:00+00:00, run_after=2025-09-03 19:25:00+00:00
[2025-09-03T19:25:06.085+0000] {processor.py:208} INFO - Processing /opt/airflow/dags/get_data_faker.py took 0.191 seconds
[2025-09-03T19:25:36.936+0000] {processor.py:186} INFO - Started process (PID=6171) to work on /opt/airflow/dags/get_data_faker.py
[2025-09-03T19:25:36.937+0000] {processor.py:914} INFO - Processing file /opt/airflow/dags/get_data_faker.py for tasks to queue
[2025-09-03T19:25:36.939+0000] {logging_mixin.py:190} INFO - [2025-09-03T19:25:36.939+0000] {dagbag.py:588} INFO - Filling up the DagBag from /opt/airflow/dags/get_data_faker.py
[2025-09-03T19:25:37.021+0000] {processor.py:925} INFO - DAG(s) 'sales_data_etl' retrieved from /opt/airflow/dags/get_data_faker.py
[2025-09-03T19:25:37.050+0000] {logging_mixin.py:190} INFO - [2025-09-03T19:25:37.049+0000] {dag.py:3239} INFO - Sync 1 DAGs
[2025-09-03T19:25:37.079+0000] {logging_mixin.py:190} INFO - [2025-09-03T19:25:37.079+0000] {dag.py:4180} INFO - Setting next_dagrun for sales_data_etl to 2025-09-03 19:24:00+00:00, run_after=2025-09-03 19:25:00+00:00
[2025-09-03T19:25:37.100+0000] {processor.py:208} INFO - Processing /opt/airflow/dags/get_data_faker.py took 0.171 seconds
[2025-09-03T19:26:07.920+0000] {processor.py:186} INFO - Started process (PID=6278) to work on /opt/airflow/dags/get_data_faker.py
[2025-09-03T19:26:07.921+0000] {processor.py:914} INFO - Processing file /opt/airflow/dags/get_data_faker.py for tasks to queue
[2025-09-03T19:26:07.923+0000] {logging_mixin.py:190} INFO - [2025-09-03T19:26:07.923+0000] {dagbag.py:588} INFO - Filling up the DagBag from /opt/airflow/dags/get_data_faker.py
[2025-09-03T19:26:08.003+0000] {processor.py:925} INFO - DAG(s) 'sales_data_etl' retrieved from /opt/airflow/dags/get_data_faker.py
[2025-09-03T19:26:08.028+0000] {logging_mixin.py:190} INFO - [2025-09-03T19:26:08.028+0000] {dag.py:3239} INFO - Sync 1 DAGs
[2025-09-03T19:26:08.062+0000] {logging_mixin.py:190} INFO - [2025-09-03T19:26:08.062+0000] {dag.py:4180} INFO - Setting next_dagrun for sales_data_etl to 2025-09-03 19:25:00+00:00, run_after=2025-09-03 19:26:00+00:00
[2025-09-03T19:26:08.084+0000] {processor.py:208} INFO - Processing /opt/airflow/dags/get_data_faker.py took 0.170 seconds
[2025-09-03T19:26:38.830+0000] {processor.py:186} INFO - Started process (PID=6385) to work on /opt/airflow/dags/get_data_faker.py
[2025-09-03T19:26:38.831+0000] {processor.py:914} INFO - Processing file /opt/airflow/dags/get_data_faker.py for tasks to queue
[2025-09-03T19:26:38.833+0000] {logging_mixin.py:190} INFO - [2025-09-03T19:26:38.832+0000] {dagbag.py:588} INFO - Filling up the DagBag from /opt/airflow/dags/get_data_faker.py
[2025-09-03T19:26:39.046+0000] {processor.py:925} INFO - DAG(s) 'sales_data_etl' retrieved from /opt/airflow/dags/get_data_faker.py
[2025-09-03T19:26:39.069+0000] {logging_mixin.py:190} INFO - [2025-09-03T19:26:39.069+0000] {dag.py:3239} INFO - Sync 1 DAGs
[2025-09-03T19:26:39.091+0000] {logging_mixin.py:190} INFO - [2025-09-03T19:26:39.091+0000] {dag.py:4180} INFO - Setting next_dagrun for sales_data_etl to 2025-09-03 19:25:00+00:00, run_after=2025-09-03 19:26:00+00:00
[2025-09-03T19:26:39.110+0000] {processor.py:208} INFO - Processing /opt/airflow/dags/get_data_faker.py took 0.286 seconds
[2025-09-03T19:27:09.887+0000] {processor.py:186} INFO - Started process (PID=6492) to work on /opt/airflow/dags/get_data_faker.py
[2025-09-03T19:27:09.889+0000] {processor.py:914} INFO - Processing file /opt/airflow/dags/get_data_faker.py for tasks to queue
[2025-09-03T19:27:09.892+0000] {logging_mixin.py:190} INFO - [2025-09-03T19:27:09.892+0000] {dagbag.py:588} INFO - Filling up the DagBag from /opt/airflow/dags/get_data_faker.py
[2025-09-03T19:27:09.984+0000] {processor.py:925} INFO - DAG(s) 'sales_data_etl' retrieved from /opt/airflow/dags/get_data_faker.py
[2025-09-03T19:27:10.007+0000] {logging_mixin.py:190} INFO - [2025-09-03T19:27:10.007+0000] {dag.py:3239} INFO - Sync 1 DAGs
[2025-09-03T19:27:10.038+0000] {logging_mixin.py:190} INFO - [2025-09-03T19:27:10.038+0000] {dag.py:4180} INFO - Setting next_dagrun for sales_data_etl to 2025-09-03 19:26:00+00:00, run_after=2025-09-03 19:27:00+00:00
[2025-09-03T19:27:10.053+0000] {processor.py:208} INFO - Processing /opt/airflow/dags/get_data_faker.py took 0.171 seconds
[2025-09-03T19:27:40.538+0000] {processor.py:186} INFO - Started process (PID=6599) to work on /opt/airflow/dags/get_data_faker.py
[2025-09-03T19:27:40.539+0000] {processor.py:914} INFO - Processing file /opt/airflow/dags/get_data_faker.py for tasks to queue
[2025-09-03T19:27:40.543+0000] {logging_mixin.py:190} INFO - [2025-09-03T19:27:40.543+0000] {dagbag.py:588} INFO - Filling up the DagBag from /opt/airflow/dags/get_data_faker.py
[2025-09-03T19:27:40.634+0000] {processor.py:925} INFO - DAG(s) 'sales_data_etl' retrieved from /opt/airflow/dags/get_data_faker.py
[2025-09-03T19:27:40.664+0000] {logging_mixin.py:190} INFO - [2025-09-03T19:27:40.664+0000] {dag.py:3239} INFO - Sync 1 DAGs
[2025-09-03T19:27:40.700+0000] {logging_mixin.py:190} INFO - [2025-09-03T19:27:40.699+0000] {dag.py:4180} INFO - Setting next_dagrun for sales_data_etl to 2025-09-03 19:26:00+00:00, run_after=2025-09-03 19:27:00+00:00
[2025-09-03T19:27:40.718+0000] {processor.py:208} INFO - Processing /opt/airflow/dags/get_data_faker.py took 0.185 seconds
[2025-09-03T19:28:11.141+0000] {processor.py:186} INFO - Started process (PID=6706) to work on /opt/airflow/dags/get_data_faker.py
[2025-09-03T19:28:11.142+0000] {processor.py:914} INFO - Processing file /opt/airflow/dags/get_data_faker.py for tasks to queue
[2025-09-03T19:28:11.145+0000] {logging_mixin.py:190} INFO - [2025-09-03T19:28:11.145+0000] {dagbag.py:588} INFO - Filling up the DagBag from /opt/airflow/dags/get_data_faker.py
[2025-09-03T19:28:11.229+0000] {processor.py:925} INFO - DAG(s) 'sales_data_etl' retrieved from /opt/airflow/dags/get_data_faker.py
[2025-09-03T19:28:11.258+0000] {logging_mixin.py:190} INFO - [2025-09-03T19:28:11.258+0000] {dag.py:3239} INFO - Sync 1 DAGs
[2025-09-03T19:28:11.296+0000] {logging_mixin.py:190} INFO - [2025-09-03T19:28:11.296+0000] {dag.py:4180} INFO - Setting next_dagrun for sales_data_etl to 2025-09-03 19:27:00+00:00, run_after=2025-09-03 19:28:00+00:00
[2025-09-03T19:28:11.315+0000] {processor.py:208} INFO - Processing /opt/airflow/dags/get_data_faker.py took 0.178 seconds
[2025-09-03T19:28:41.796+0000] {processor.py:186} INFO - Started process (PID=6813) to work on /opt/airflow/dags/get_data_faker.py
[2025-09-03T19:28:41.797+0000] {processor.py:914} INFO - Processing file /opt/airflow/dags/get_data_faker.py for tasks to queue
[2025-09-03T19:28:41.799+0000] {logging_mixin.py:190} INFO - [2025-09-03T19:28:41.799+0000] {dagbag.py:588} INFO - Filling up the DagBag from /opt/airflow/dags/get_data_faker.py
[2025-09-03T19:28:41.890+0000] {processor.py:925} INFO - DAG(s) 'sales_data_etl' retrieved from /opt/airflow/dags/get_data_faker.py
[2025-09-03T19:28:41.912+0000] {logging_mixin.py:190} INFO - [2025-09-03T19:28:41.912+0000] {dag.py:3239} INFO - Sync 1 DAGs
[2025-09-03T19:28:41.936+0000] {logging_mixin.py:190} INFO - [2025-09-03T19:28:41.936+0000] {dag.py:4180} INFO - Setting next_dagrun for sales_data_etl to 2025-09-03 19:27:00+00:00, run_after=2025-09-03 19:28:00+00:00
[2025-09-03T19:28:41.954+0000] {processor.py:208} INFO - Processing /opt/airflow/dags/get_data_faker.py took 0.165 seconds
[2025-09-03T19:29:12.335+0000] {processor.py:186} INFO - Started process (PID=6919) to work on /opt/airflow/dags/get_data_faker.py
[2025-09-03T19:29:12.336+0000] {processor.py:914} INFO - Processing file /opt/airflow/dags/get_data_faker.py for tasks to queue
[2025-09-03T19:29:12.338+0000] {logging_mixin.py:190} INFO - [2025-09-03T19:29:12.338+0000] {dagbag.py:588} INFO - Filling up the DagBag from /opt/airflow/dags/get_data_faker.py
[2025-09-03T19:29:12.414+0000] {processor.py:925} INFO - DAG(s) 'sales_data_etl' retrieved from /opt/airflow/dags/get_data_faker.py
[2025-09-03T19:29:12.439+0000] {logging_mixin.py:190} INFO - [2025-09-03T19:29:12.439+0000] {dag.py:3239} INFO - Sync 1 DAGs
[2025-09-03T19:29:12.475+0000] {logging_mixin.py:190} INFO - [2025-09-03T19:29:12.475+0000] {dag.py:4180} INFO - Setting next_dagrun for sales_data_etl to 2025-09-03 19:28:00+00:00, run_after=2025-09-03 19:29:00+00:00
[2025-09-03T19:29:12.510+0000] {processor.py:208} INFO - Processing /opt/airflow/dags/get_data_faker.py took 0.181 seconds
[2025-09-03T19:29:42.983+0000] {processor.py:186} INFO - Started process (PID=7026) to work on /opt/airflow/dags/get_data_faker.py
[2025-09-03T19:29:42.984+0000] {processor.py:914} INFO - Processing file /opt/airflow/dags/get_data_faker.py for tasks to queue
[2025-09-03T19:29:42.987+0000] {logging_mixin.py:190} INFO - [2025-09-03T19:29:42.986+0000] {dagbag.py:588} INFO - Filling up the DagBag from /opt/airflow/dags/get_data_faker.py
[2025-09-03T19:29:43.066+0000] {processor.py:925} INFO - DAG(s) 'sales_data_etl' retrieved from /opt/airflow/dags/get_data_faker.py
[2025-09-03T19:29:43.089+0000] {logging_mixin.py:190} INFO - [2025-09-03T19:29:43.089+0000] {dag.py:3239} INFO - Sync 1 DAGs
[2025-09-03T19:29:43.116+0000] {logging_mixin.py:190} INFO - [2025-09-03T19:29:43.116+0000] {dag.py:4180} INFO - Setting next_dagrun for sales_data_etl to 2025-09-03 19:28:00+00:00, run_after=2025-09-03 19:29:00+00:00
[2025-09-03T19:29:43.139+0000] {processor.py:208} INFO - Processing /opt/airflow/dags/get_data_faker.py took 0.161 seconds
[2025-09-03T19:30:13.611+0000] {processor.py:186} INFO - Started process (PID=7132) to work on /opt/airflow/dags/get_data_faker.py
[2025-09-03T19:30:13.613+0000] {processor.py:914} INFO - Processing file /opt/airflow/dags/get_data_faker.py for tasks to queue
[2025-09-03T19:30:13.615+0000] {logging_mixin.py:190} INFO - [2025-09-03T19:30:13.615+0000] {dagbag.py:588} INFO - Filling up the DagBag from /opt/airflow/dags/get_data_faker.py
[2025-09-03T19:30:13.703+0000] {processor.py:925} INFO - DAG(s) 'sales_data_etl' retrieved from /opt/airflow/dags/get_data_faker.py
[2025-09-03T19:30:13.724+0000] {logging_mixin.py:190} INFO - [2025-09-03T19:30:13.724+0000] {dag.py:3239} INFO - Sync 1 DAGs
[2025-09-03T19:30:13.750+0000] {logging_mixin.py:190} INFO - [2025-09-03T19:30:13.750+0000] {dag.py:4180} INFO - Setting next_dagrun for sales_data_etl to 2025-09-03 19:29:00+00:00, run_after=2025-09-03 19:30:00+00:00
[2025-09-03T19:30:13.774+0000] {processor.py:208} INFO - Processing /opt/airflow/dags/get_data_faker.py took 0.170 seconds
[2025-09-03T19:30:44.409+0000] {processor.py:186} INFO - Started process (PID=7239) to work on /opt/airflow/dags/get_data_faker.py
[2025-09-03T19:30:44.410+0000] {processor.py:914} INFO - Processing file /opt/airflow/dags/get_data_faker.py for tasks to queue
[2025-09-03T19:30:44.413+0000] {logging_mixin.py:190} INFO - [2025-09-03T19:30:44.413+0000] {dagbag.py:588} INFO - Filling up the DagBag from /opt/airflow/dags/get_data_faker.py
[2025-09-03T19:30:44.495+0000] {processor.py:925} INFO - DAG(s) 'sales_data_etl' retrieved from /opt/airflow/dags/get_data_faker.py
[2025-09-03T19:30:44.517+0000] {logging_mixin.py:190} INFO - [2025-09-03T19:30:44.517+0000] {dag.py:3239} INFO - Sync 1 DAGs
[2025-09-03T19:30:44.542+0000] {logging_mixin.py:190} INFO - [2025-09-03T19:30:44.542+0000] {dag.py:4180} INFO - Setting next_dagrun for sales_data_etl to 2025-09-03 19:29:00+00:00, run_after=2025-09-03 19:30:00+00:00
[2025-09-03T19:30:44.562+0000] {processor.py:208} INFO - Processing /opt/airflow/dags/get_data_faker.py took 0.158 seconds
[2025-09-03T19:31:15.160+0000] {processor.py:186} INFO - Started process (PID=7346) to work on /opt/airflow/dags/get_data_faker.py
[2025-09-03T19:31:15.161+0000] {processor.py:914} INFO - Processing file /opt/airflow/dags/get_data_faker.py for tasks to queue
[2025-09-03T19:31:15.163+0000] {logging_mixin.py:190} INFO - [2025-09-03T19:31:15.163+0000] {dagbag.py:588} INFO - Filling up the DagBag from /opt/airflow/dags/get_data_faker.py
[2025-09-03T19:31:15.274+0000] {processor.py:925} INFO - DAG(s) 'sales_data_etl' retrieved from /opt/airflow/dags/get_data_faker.py
[2025-09-03T19:31:15.309+0000] {logging_mixin.py:190} INFO - [2025-09-03T19:31:15.309+0000] {dag.py:3239} INFO - Sync 1 DAGs
[2025-09-03T19:31:15.348+0000] {logging_mixin.py:190} INFO - [2025-09-03T19:31:15.348+0000] {dag.py:4180} INFO - Setting next_dagrun for sales_data_etl to 2025-09-03 19:30:00+00:00, run_after=2025-09-03 19:31:00+00:00
[2025-09-03T19:31:15.371+0000] {processor.py:208} INFO - Processing /opt/airflow/dags/get_data_faker.py took 0.219 seconds
[2025-09-03T19:31:45.886+0000] {processor.py:186} INFO - Started process (PID=7453) to work on /opt/airflow/dags/get_data_faker.py
[2025-09-03T19:31:45.887+0000] {processor.py:914} INFO - Processing file /opt/airflow/dags/get_data_faker.py for tasks to queue
[2025-09-03T19:31:45.889+0000] {logging_mixin.py:190} INFO - [2025-09-03T19:31:45.889+0000] {dagbag.py:588} INFO - Filling up the DagBag from /opt/airflow/dags/get_data_faker.py
[2025-09-03T19:31:45.986+0000] {processor.py:925} INFO - DAG(s) 'sales_data_etl' retrieved from /opt/airflow/dags/get_data_faker.py
[2025-09-03T19:31:46.008+0000] {logging_mixin.py:190} INFO - [2025-09-03T19:31:46.008+0000] {dag.py:3239} INFO - Sync 1 DAGs
[2025-09-03T19:31:46.038+0000] {logging_mixin.py:190} INFO - [2025-09-03T19:31:46.038+0000] {dag.py:4180} INFO - Setting next_dagrun for sales_data_etl to 2025-09-03 19:30:00+00:00, run_after=2025-09-03 19:31:00+00:00
[2025-09-03T19:31:46.057+0000] {processor.py:208} INFO - Processing /opt/airflow/dags/get_data_faker.py took 0.179 seconds
[2025-09-03T19:32:16.436+0000] {processor.py:186} INFO - Started process (PID=7560) to work on /opt/airflow/dags/get_data_faker.py
[2025-09-03T19:32:16.437+0000] {processor.py:914} INFO - Processing file /opt/airflow/dags/get_data_faker.py for tasks to queue
[2025-09-03T19:32:16.441+0000] {logging_mixin.py:190} INFO - [2025-09-03T19:32:16.441+0000] {dagbag.py:588} INFO - Filling up the DagBag from /opt/airflow/dags/get_data_faker.py
[2025-09-03T19:32:16.522+0000] {processor.py:925} INFO - DAG(s) 'sales_data_etl' retrieved from /opt/airflow/dags/get_data_faker.py
[2025-09-03T19:32:16.547+0000] {logging_mixin.py:190} INFO - [2025-09-03T19:32:16.547+0000] {dag.py:3239} INFO - Sync 1 DAGs
[2025-09-03T19:32:16.576+0000] {logging_mixin.py:190} INFO - [2025-09-03T19:32:16.576+0000] {dag.py:4180} INFO - Setting next_dagrun for sales_data_etl to 2025-09-03 19:31:00+00:00, run_after=2025-09-03 19:32:00+00:00
[2025-09-03T19:32:16.597+0000] {processor.py:208} INFO - Processing /opt/airflow/dags/get_data_faker.py took 0.168 seconds
[2025-09-03T19:32:47.273+0000] {processor.py:186} INFO - Started process (PID=7667) to work on /opt/airflow/dags/get_data_faker.py
[2025-09-03T19:32:47.274+0000] {processor.py:914} INFO - Processing file /opt/airflow/dags/get_data_faker.py for tasks to queue
[2025-09-03T19:32:47.277+0000] {logging_mixin.py:190} INFO - [2025-09-03T19:32:47.276+0000] {dagbag.py:588} INFO - Filling up the DagBag from /opt/airflow/dags/get_data_faker.py
[2025-09-03T19:32:47.357+0000] {processor.py:925} INFO - DAG(s) 'sales_data_etl' retrieved from /opt/airflow/dags/get_data_faker.py
[2025-09-03T19:32:47.386+0000] {logging_mixin.py:190} INFO - [2025-09-03T19:32:47.385+0000] {dag.py:3239} INFO - Sync 1 DAGs
[2025-09-03T19:32:47.415+0000] {logging_mixin.py:190} INFO - [2025-09-03T19:32:47.415+0000] {dag.py:4180} INFO - Setting next_dagrun for sales_data_etl to 2025-09-03 19:31:00+00:00, run_after=2025-09-03 19:32:00+00:00
[2025-09-03T19:32:47.437+0000] {processor.py:208} INFO - Processing /opt/airflow/dags/get_data_faker.py took 0.169 seconds
[2025-09-03T19:33:17.882+0000] {processor.py:186} INFO - Started process (PID=7774) to work on /opt/airflow/dags/get_data_faker.py
[2025-09-03T19:33:17.883+0000] {processor.py:914} INFO - Processing file /opt/airflow/dags/get_data_faker.py for tasks to queue
[2025-09-03T19:33:17.885+0000] {logging_mixin.py:190} INFO - [2025-09-03T19:33:17.884+0000] {dagbag.py:588} INFO - Filling up the DagBag from /opt/airflow/dags/get_data_faker.py
[2025-09-03T19:33:17.970+0000] {processor.py:925} INFO - DAG(s) 'sales_data_etl' retrieved from /opt/airflow/dags/get_data_faker.py
[2025-09-03T19:33:17.995+0000] {logging_mixin.py:190} INFO - [2025-09-03T19:33:17.994+0000] {dag.py:3239} INFO - Sync 1 DAGs
[2025-09-03T19:33:18.021+0000] {logging_mixin.py:190} INFO - [2025-09-03T19:33:18.020+0000] {dag.py:4180} INFO - Setting next_dagrun for sales_data_etl to 2025-09-03 19:32:00+00:00, run_after=2025-09-03 19:33:00+00:00
[2025-09-03T19:33:18.042+0000] {processor.py:208} INFO - Processing /opt/airflow/dags/get_data_faker.py took 0.164 seconds
[2025-09-03T19:33:48.431+0000] {processor.py:186} INFO - Started process (PID=7881) to work on /opt/airflow/dags/get_data_faker.py
[2025-09-03T19:33:48.432+0000] {processor.py:914} INFO - Processing file /opt/airflow/dags/get_data_faker.py for tasks to queue
[2025-09-03T19:33:48.435+0000] {logging_mixin.py:190} INFO - [2025-09-03T19:33:48.435+0000] {dagbag.py:588} INFO - Filling up the DagBag from /opt/airflow/dags/get_data_faker.py
[2025-09-03T19:33:48.510+0000] {processor.py:925} INFO - DAG(s) 'sales_data_etl' retrieved from /opt/airflow/dags/get_data_faker.py
[2025-09-03T19:33:48.534+0000] {logging_mixin.py:190} INFO - [2025-09-03T19:33:48.534+0000] {dag.py:3239} INFO - Sync 1 DAGs
[2025-09-03T19:33:48.563+0000] {logging_mixin.py:190} INFO - [2025-09-03T19:33:48.563+0000] {dag.py:4180} INFO - Setting next_dagrun for sales_data_etl to 2025-09-03 19:32:00+00:00, run_after=2025-09-03 19:33:00+00:00
[2025-09-03T19:33:48.583+0000] {processor.py:208} INFO - Processing /opt/airflow/dags/get_data_faker.py took 0.157 seconds
[2025-09-03T19:34:18.988+0000] {processor.py:186} INFO - Started process (PID=7988) to work on /opt/airflow/dags/get_data_faker.py
[2025-09-03T19:34:18.989+0000] {processor.py:914} INFO - Processing file /opt/airflow/dags/get_data_faker.py for tasks to queue
[2025-09-03T19:34:18.992+0000] {logging_mixin.py:190} INFO - [2025-09-03T19:34:18.991+0000] {dagbag.py:588} INFO - Filling up the DagBag from /opt/airflow/dags/get_data_faker.py
[2025-09-03T19:34:19.069+0000] {processor.py:925} INFO - DAG(s) 'sales_data_etl' retrieved from /opt/airflow/dags/get_data_faker.py
[2025-09-03T19:34:19.092+0000] {logging_mixin.py:190} INFO - [2025-09-03T19:34:19.091+0000] {dag.py:3239} INFO - Sync 1 DAGs
[2025-09-03T19:34:19.119+0000] {logging_mixin.py:190} INFO - [2025-09-03T19:34:19.119+0000] {dag.py:4180} INFO - Setting next_dagrun for sales_data_etl to 2025-09-03 19:33:00+00:00, run_after=2025-09-03 19:34:00+00:00
[2025-09-03T19:34:19.138+0000] {processor.py:208} INFO - Processing /opt/airflow/dags/get_data_faker.py took 0.157 seconds
[2025-09-03T19:34:49.719+0000] {processor.py:186} INFO - Started process (PID=8094) to work on /opt/airflow/dags/get_data_faker.py
[2025-09-03T19:34:49.720+0000] {processor.py:914} INFO - Processing file /opt/airflow/dags/get_data_faker.py for tasks to queue
[2025-09-03T19:34:49.723+0000] {logging_mixin.py:190} INFO - [2025-09-03T19:34:49.723+0000] {dagbag.py:588} INFO - Filling up the DagBag from /opt/airflow/dags/get_data_faker.py
[2025-09-03T19:34:49.812+0000] {processor.py:925} INFO - DAG(s) 'sales_data_etl' retrieved from /opt/airflow/dags/get_data_faker.py
[2025-09-03T19:34:49.841+0000] {logging_mixin.py:190} INFO - [2025-09-03T19:34:49.841+0000] {dag.py:3239} INFO - Sync 1 DAGs
[2025-09-03T19:34:49.873+0000] {logging_mixin.py:190} INFO - [2025-09-03T19:34:49.872+0000] {dag.py:4180} INFO - Setting next_dagrun for sales_data_etl to 2025-09-03 19:33:00+00:00, run_after=2025-09-03 19:34:00+00:00
[2025-09-03T19:34:49.896+0000] {processor.py:208} INFO - Processing /opt/airflow/dags/get_data_faker.py took 0.182 seconds
[2025-09-03T19:35:20.365+0000] {processor.py:186} INFO - Started process (PID=8201) to work on /opt/airflow/dags/get_data_faker.py
[2025-09-03T19:35:20.367+0000] {processor.py:914} INFO - Processing file /opt/airflow/dags/get_data_faker.py for tasks to queue
[2025-09-03T19:35:20.369+0000] {logging_mixin.py:190} INFO - [2025-09-03T19:35:20.369+0000] {dagbag.py:588} INFO - Filling up the DagBag from /opt/airflow/dags/get_data_faker.py
[2025-09-03T19:35:20.463+0000] {processor.py:925} INFO - DAG(s) 'sales_data_etl' retrieved from /opt/airflow/dags/get_data_faker.py
[2025-09-03T19:35:20.489+0000] {logging_mixin.py:190} INFO - [2025-09-03T19:35:20.488+0000] {dag.py:3239} INFO - Sync 1 DAGs
[2025-09-03T19:35:20.520+0000] {logging_mixin.py:190} INFO - [2025-09-03T19:35:20.519+0000] {dag.py:4180} INFO - Setting next_dagrun for sales_data_etl to 2025-09-03 19:34:00+00:00, run_after=2025-09-03 19:35:00+00:00
[2025-09-03T19:35:20.546+0000] {processor.py:208} INFO - Processing /opt/airflow/dags/get_data_faker.py took 0.189 seconds
[2025-09-03T19:35:51.406+0000] {processor.py:186} INFO - Started process (PID=8308) to work on /opt/airflow/dags/get_data_faker.py
[2025-09-03T19:35:51.407+0000] {processor.py:914} INFO - Processing file /opt/airflow/dags/get_data_faker.py for tasks to queue
[2025-09-03T19:35:51.409+0000] {logging_mixin.py:190} INFO - [2025-09-03T19:35:51.409+0000] {dagbag.py:588} INFO - Filling up the DagBag from /opt/airflow/dags/get_data_faker.py
[2025-09-03T19:35:51.502+0000] {processor.py:925} INFO - DAG(s) 'sales_data_etl' retrieved from /opt/airflow/dags/get_data_faker.py
[2025-09-03T19:35:51.526+0000] {logging_mixin.py:190} INFO - [2025-09-03T19:35:51.526+0000] {dag.py:3239} INFO - Sync 1 DAGs
[2025-09-03T19:35:51.557+0000] {logging_mixin.py:190} INFO - [2025-09-03T19:35:51.557+0000] {dag.py:4180} INFO - Setting next_dagrun for sales_data_etl to 2025-09-03 19:34:00+00:00, run_after=2025-09-03 19:35:00+00:00
[2025-09-03T19:35:51.580+0000] {processor.py:208} INFO - Processing /opt/airflow/dags/get_data_faker.py took 0.179 seconds
[2025-09-03T19:36:22.163+0000] {processor.py:186} INFO - Started process (PID=8415) to work on /opt/airflow/dags/get_data_faker.py
[2025-09-03T19:36:22.164+0000] {processor.py:914} INFO - Processing file /opt/airflow/dags/get_data_faker.py for tasks to queue
[2025-09-03T19:36:22.167+0000] {logging_mixin.py:190} INFO - [2025-09-03T19:36:22.167+0000] {dagbag.py:588} INFO - Filling up the DagBag from /opt/airflow/dags/get_data_faker.py
[2025-09-03T19:36:22.253+0000] {processor.py:925} INFO - DAG(s) 'sales_data_etl' retrieved from /opt/airflow/dags/get_data_faker.py
[2025-09-03T19:36:22.280+0000] {logging_mixin.py:190} INFO - [2025-09-03T19:36:22.279+0000] {dag.py:3239} INFO - Sync 1 DAGs
[2025-09-03T19:36:22.308+0000] {logging_mixin.py:190} INFO - [2025-09-03T19:36:22.307+0000] {dag.py:4180} INFO - Setting next_dagrun for sales_data_etl to 2025-09-03 19:35:00+00:00, run_after=2025-09-03 19:36:00+00:00
[2025-09-03T19:36:22.330+0000] {processor.py:208} INFO - Processing /opt/airflow/dags/get_data_faker.py took 0.173 seconds
[2025-09-03T19:36:53.025+0000] {processor.py:186} INFO - Started process (PID=8522) to work on /opt/airflow/dags/get_data_faker.py
[2025-09-03T19:36:53.026+0000] {processor.py:914} INFO - Processing file /opt/airflow/dags/get_data_faker.py for tasks to queue
[2025-09-03T19:36:53.028+0000] {logging_mixin.py:190} INFO - [2025-09-03T19:36:53.028+0000] {dagbag.py:588} INFO - Filling up the DagBag from /opt/airflow/dags/get_data_faker.py
[2025-09-03T19:36:53.109+0000] {processor.py:925} INFO - DAG(s) 'sales_data_etl' retrieved from /opt/airflow/dags/get_data_faker.py
[2025-09-03T19:36:53.131+0000] {logging_mixin.py:190} INFO - [2025-09-03T19:36:53.131+0000] {dag.py:3239} INFO - Sync 1 DAGs
[2025-09-03T19:36:53.160+0000] {logging_mixin.py:190} INFO - [2025-09-03T19:36:53.160+0000] {dag.py:4180} INFO - Setting next_dagrun for sales_data_etl to 2025-09-03 19:35:00+00:00, run_after=2025-09-03 19:36:00+00:00
[2025-09-03T19:36:53.184+0000] {processor.py:208} INFO - Processing /opt/airflow/dags/get_data_faker.py took 0.163 seconds
[2025-09-03T19:37:24.155+0000] {processor.py:186} INFO - Started process (PID=8629) to work on /opt/airflow/dags/get_data_faker.py
[2025-09-03T19:37:24.157+0000] {processor.py:914} INFO - Processing file /opt/airflow/dags/get_data_faker.py for tasks to queue
[2025-09-03T19:37:24.160+0000] {logging_mixin.py:190} INFO - [2025-09-03T19:37:24.159+0000] {dagbag.py:588} INFO - Filling up the DagBag from /opt/airflow/dags/get_data_faker.py
[2025-09-03T19:37:24.247+0000] {processor.py:925} INFO - DAG(s) 'sales_data_etl' retrieved from /opt/airflow/dags/get_data_faker.py
[2025-09-03T19:37:24.273+0000] {logging_mixin.py:190} INFO - [2025-09-03T19:37:24.273+0000] {dag.py:3239} INFO - Sync 1 DAGs
[2025-09-03T19:37:24.307+0000] {logging_mixin.py:190} INFO - [2025-09-03T19:37:24.307+0000] {dag.py:4180} INFO - Setting next_dagrun for sales_data_etl to 2025-09-03 19:36:00+00:00, run_after=2025-09-03 19:37:00+00:00
[2025-09-03T19:37:24.329+0000] {processor.py:208} INFO - Processing /opt/airflow/dags/get_data_faker.py took 0.181 seconds
[2025-09-03T19:37:54.380+0000] {processor.py:186} INFO - Started process (PID=8732) to work on /opt/airflow/dags/get_data_faker.py
[2025-09-03T19:37:54.381+0000] {processor.py:914} INFO - Processing file /opt/airflow/dags/get_data_faker.py for tasks to queue
[2025-09-03T19:37:54.384+0000] {logging_mixin.py:190} INFO - [2025-09-03T19:37:54.384+0000] {dagbag.py:588} INFO - Filling up the DagBag from /opt/airflow/dags/get_data_faker.py
[2025-09-03T19:37:54.459+0000] {processor.py:925} INFO - DAG(s) 'sales_data_etl' retrieved from /opt/airflow/dags/get_data_faker.py
[2025-09-03T19:37:54.485+0000] {logging_mixin.py:190} INFO - [2025-09-03T19:37:54.485+0000] {dag.py:3239} INFO - Sync 1 DAGs
[2025-09-03T19:37:54.512+0000] {logging_mixin.py:190} INFO - [2025-09-03T19:37:54.512+0000] {dag.py:4180} INFO - Setting next_dagrun for sales_data_etl to 2025-09-03 19:36:00+00:00, run_after=2025-09-03 19:37:00+00:00
[2025-09-03T19:37:54.536+0000] {processor.py:208} INFO - Processing /opt/airflow/dags/get_data_faker.py took 0.162 seconds
[2025-09-03T19:38:25.426+0000] {processor.py:186} INFO - Started process (PID=8842) to work on /opt/airflow/dags/get_data_faker.py
[2025-09-03T19:38:25.427+0000] {processor.py:914} INFO - Processing file /opt/airflow/dags/get_data_faker.py for tasks to queue
[2025-09-03T19:38:25.431+0000] {logging_mixin.py:190} INFO - [2025-09-03T19:38:25.430+0000] {dagbag.py:588} INFO - Filling up the DagBag from /opt/airflow/dags/get_data_faker.py
[2025-09-03T19:38:25.564+0000] {processor.py:925} INFO - DAG(s) 'sales_data_etl' retrieved from /opt/airflow/dags/get_data_faker.py
[2025-09-03T19:38:25.592+0000] {logging_mixin.py:190} INFO - [2025-09-03T19:38:25.591+0000] {dag.py:3239} INFO - Sync 1 DAGs
[2025-09-03T19:38:25.631+0000] {logging_mixin.py:190} INFO - [2025-09-03T19:38:25.631+0000] {dag.py:4180} INFO - Setting next_dagrun for sales_data_etl to 2025-09-03 19:37:00+00:00, run_after=2025-09-03 19:38:00+00:00
[2025-09-03T19:38:25.660+0000] {processor.py:208} INFO - Processing /opt/airflow/dags/get_data_faker.py took 0.242 seconds
[2025-09-03T19:38:56.527+0000] {processor.py:186} INFO - Started process (PID=8949) to work on /opt/airflow/dags/get_data_faker.py
[2025-09-03T19:38:56.529+0000] {processor.py:914} INFO - Processing file /opt/airflow/dags/get_data_faker.py for tasks to queue
[2025-09-03T19:38:56.533+0000] {logging_mixin.py:190} INFO - [2025-09-03T19:38:56.532+0000] {dagbag.py:588} INFO - Filling up the DagBag from /opt/airflow/dags/get_data_faker.py
[2025-09-03T19:38:56.638+0000] {processor.py:925} INFO - DAG(s) 'sales_data_etl' retrieved from /opt/airflow/dags/get_data_faker.py
[2025-09-03T19:38:56.682+0000] {logging_mixin.py:190} INFO - [2025-09-03T19:38:56.682+0000] {dag.py:3239} INFO - Sync 1 DAGs
[2025-09-03T19:38:56.864+0000] {logging_mixin.py:190} INFO - [2025-09-03T19:38:56.864+0000] {dag.py:4180} INFO - Setting next_dagrun for sales_data_etl to 2025-09-03 19:37:00+00:00, run_after=2025-09-03 19:38:00+00:00
[2025-09-03T19:38:56.883+0000] {processor.py:208} INFO - Processing /opt/airflow/dags/get_data_faker.py took 0.368 seconds
[2025-09-03T19:39:27.782+0000] {processor.py:186} INFO - Started process (PID=9056) to work on /opt/airflow/dags/get_data_faker.py
[2025-09-03T19:39:27.783+0000] {processor.py:914} INFO - Processing file /opt/airflow/dags/get_data_faker.py for tasks to queue
[2025-09-03T19:39:27.786+0000] {logging_mixin.py:190} INFO - [2025-09-03T19:39:27.786+0000] {dagbag.py:588} INFO - Filling up the DagBag from /opt/airflow/dags/get_data_faker.py
[2025-09-03T19:39:27.876+0000] {processor.py:925} INFO - DAG(s) 'sales_data_etl' retrieved from /opt/airflow/dags/get_data_faker.py
[2025-09-03T19:39:27.899+0000] {logging_mixin.py:190} INFO - [2025-09-03T19:39:27.899+0000] {dag.py:3239} INFO - Sync 1 DAGs
[2025-09-03T19:39:28.049+0000] {logging_mixin.py:190} INFO - [2025-09-03T19:39:28.049+0000] {dag.py:4180} INFO - Setting next_dagrun for sales_data_etl to 2025-09-03 19:38:00+00:00, run_after=2025-09-03 19:39:00+00:00
[2025-09-03T19:39:28.072+0000] {processor.py:208} INFO - Processing /opt/airflow/dags/get_data_faker.py took 0.296 seconds
[2025-09-03T19:39:58.831+0000] {processor.py:186} INFO - Started process (PID=9169) to work on /opt/airflow/dags/get_data_faker.py
[2025-09-03T19:39:58.833+0000] {processor.py:914} INFO - Processing file /opt/airflow/dags/get_data_faker.py for tasks to queue
[2025-09-03T19:39:58.835+0000] {logging_mixin.py:190} INFO - [2025-09-03T19:39:58.835+0000] {dagbag.py:588} INFO - Filling up the DagBag from /opt/airflow/dags/get_data_faker.py
[2025-09-03T19:39:58.947+0000] {processor.py:925} INFO - DAG(s) 'sales_data_etl' retrieved from /opt/airflow/dags/get_data_faker.py
[2025-09-03T19:39:58.979+0000] {logging_mixin.py:190} INFO - [2025-09-03T19:39:58.978+0000] {dag.py:3239} INFO - Sync 1 DAGs
[2025-09-03T19:39:59.132+0000] {logging_mixin.py:190} INFO - [2025-09-03T19:39:59.132+0000] {dag.py:4180} INFO - Setting next_dagrun for sales_data_etl to 2025-09-03 19:38:00+00:00, run_after=2025-09-03 19:39:00+00:00
[2025-09-03T19:39:59.156+0000] {processor.py:208} INFO - Processing /opt/airflow/dags/get_data_faker.py took 0.329 seconds
[2025-09-03T19:40:30.032+0000] {processor.py:186} INFO - Started process (PID=9276) to work on /opt/airflow/dags/get_data_faker.py
[2025-09-03T19:40:30.033+0000] {processor.py:914} INFO - Processing file /opt/airflow/dags/get_data_faker.py for tasks to queue
[2025-09-03T19:40:30.036+0000] {logging_mixin.py:190} INFO - [2025-09-03T19:40:30.036+0000] {dagbag.py:588} INFO - Filling up the DagBag from /opt/airflow/dags/get_data_faker.py
[2025-09-03T19:40:30.116+0000] {processor.py:925} INFO - DAG(s) 'sales_data_etl' retrieved from /opt/airflow/dags/get_data_faker.py
[2025-09-03T19:40:30.145+0000] {logging_mixin.py:190} INFO - [2025-09-03T19:40:30.145+0000] {dag.py:3239} INFO - Sync 1 DAGs
[2025-09-03T19:40:30.180+0000] {logging_mixin.py:190} INFO - [2025-09-03T19:40:30.180+0000] {dag.py:4180} INFO - Setting next_dagrun for sales_data_etl to 2025-09-03 19:39:00+00:00, run_after=2025-09-03 19:40:00+00:00
[2025-09-03T19:40:30.324+0000] {processor.py:208} INFO - Processing /opt/airflow/dags/get_data_faker.py took 0.300 seconds
[2025-09-03T19:41:00.523+0000] {processor.py:186} INFO - Started process (PID=9383) to work on /opt/airflow/dags/get_data_faker.py
[2025-09-03T19:41:00.524+0000] {processor.py:914} INFO - Processing file /opt/airflow/dags/get_data_faker.py for tasks to queue
[2025-09-03T19:41:00.528+0000] {logging_mixin.py:190} INFO - [2025-09-03T19:41:00.527+0000] {dagbag.py:588} INFO - Filling up the DagBag from /opt/airflow/dags/get_data_faker.py
[2025-09-03T19:41:00.608+0000] {processor.py:925} INFO - DAG(s) 'sales_data_etl' retrieved from /opt/airflow/dags/get_data_faker.py
[2025-09-03T19:41:00.639+0000] {logging_mixin.py:190} INFO - [2025-09-03T19:41:00.639+0000] {dag.py:3239} INFO - Sync 1 DAGs
[2025-09-03T19:41:00.667+0000] {logging_mixin.py:190} INFO - [2025-09-03T19:41:00.666+0000] {dag.py:4180} INFO - Setting next_dagrun for sales_data_etl to 2025-09-03 19:40:00+00:00, run_after=2025-09-03 19:41:00+00:00
[2025-09-03T19:41:00.807+0000] {processor.py:208} INFO - Processing /opt/airflow/dags/get_data_faker.py took 0.288 seconds
[2025-09-03T19:41:31.704+0000] {processor.py:186} INFO - Started process (PID=9491) to work on /opt/airflow/dags/get_data_faker.py
[2025-09-03T19:41:31.705+0000] {processor.py:914} INFO - Processing file /opt/airflow/dags/get_data_faker.py for tasks to queue
[2025-09-03T19:41:31.709+0000] {logging_mixin.py:190} INFO - [2025-09-03T19:41:31.708+0000] {dagbag.py:588} INFO - Filling up the DagBag from /opt/airflow/dags/get_data_faker.py
[2025-09-03T19:41:31.790+0000] {processor.py:925} INFO - DAG(s) 'sales_data_etl' retrieved from /opt/airflow/dags/get_data_faker.py
[2025-09-03T19:41:31.814+0000] {logging_mixin.py:190} INFO - [2025-09-03T19:41:31.814+0000] {dag.py:3239} INFO - Sync 1 DAGs
[2025-09-03T19:41:31.841+0000] {logging_mixin.py:190} INFO - [2025-09-03T19:41:31.841+0000] {dag.py:4180} INFO - Setting next_dagrun for sales_data_etl to 2025-09-03 19:40:00+00:00, run_after=2025-09-03 19:41:00+00:00
[2025-09-03T19:41:31.864+0000] {processor.py:208} INFO - Processing /opt/airflow/dags/get_data_faker.py took 0.165 seconds
[2025-09-03T19:42:02.230+0000] {processor.py:186} INFO - Started process (PID=9598) to work on /opt/airflow/dags/get_data_faker.py
[2025-09-03T19:42:02.231+0000] {processor.py:914} INFO - Processing file /opt/airflow/dags/get_data_faker.py for tasks to queue
[2025-09-03T19:42:02.232+0000] {logging_mixin.py:190} INFO - [2025-09-03T19:42:02.232+0000] {dagbag.py:588} INFO - Filling up the DagBag from /opt/airflow/dags/get_data_faker.py
[2025-09-03T19:42:02.305+0000] {processor.py:925} INFO - DAG(s) 'sales_data_etl' retrieved from /opt/airflow/dags/get_data_faker.py
[2025-09-03T19:42:02.329+0000] {logging_mixin.py:190} INFO - [2025-09-03T19:42:02.329+0000] {dag.py:3239} INFO - Sync 1 DAGs
[2025-09-03T19:42:02.359+0000] {logging_mixin.py:190} INFO - [2025-09-03T19:42:02.359+0000] {dag.py:4180} INFO - Setting next_dagrun for sales_data_etl to 2025-09-03 19:41:00+00:00, run_after=2025-09-03 19:42:00+00:00
[2025-09-03T19:42:02.378+0000] {processor.py:208} INFO - Processing /opt/airflow/dags/get_data_faker.py took 0.153 seconds
[2025-09-03T19:42:33.168+0000] {processor.py:186} INFO - Started process (PID=9705) to work on /opt/airflow/dags/get_data_faker.py
[2025-09-03T19:42:33.169+0000] {processor.py:914} INFO - Processing file /opt/airflow/dags/get_data_faker.py for tasks to queue
[2025-09-03T19:42:33.174+0000] {logging_mixin.py:190} INFO - [2025-09-03T19:42:33.173+0000] {dagbag.py:588} INFO - Filling up the DagBag from /opt/airflow/dags/get_data_faker.py
[2025-09-03T19:42:33.256+0000] {processor.py:925} INFO - DAG(s) 'sales_data_etl' retrieved from /opt/airflow/dags/get_data_faker.py
[2025-09-03T19:42:33.285+0000] {logging_mixin.py:190} INFO - [2025-09-03T19:42:33.285+0000] {dag.py:3239} INFO - Sync 1 DAGs
[2025-09-03T19:42:33.309+0000] {logging_mixin.py:190} INFO - [2025-09-03T19:42:33.309+0000] {dag.py:4180} INFO - Setting next_dagrun for sales_data_etl to 2025-09-03 19:41:00+00:00, run_after=2025-09-03 19:42:00+00:00
[2025-09-03T19:42:33.330+0000] {processor.py:208} INFO - Processing /opt/airflow/dags/get_data_faker.py took 0.169 seconds
[2025-09-03T19:43:03.899+0000] {processor.py:186} INFO - Started process (PID=9811) to work on /opt/airflow/dags/get_data_faker.py
[2025-09-03T19:43:03.900+0000] {processor.py:914} INFO - Processing file /opt/airflow/dags/get_data_faker.py for tasks to queue
[2025-09-03T19:43:03.902+0000] {logging_mixin.py:190} INFO - [2025-09-03T19:43:03.902+0000] {dagbag.py:588} INFO - Filling up the DagBag from /opt/airflow/dags/get_data_faker.py
[2025-09-03T19:43:03.979+0000] {processor.py:925} INFO - DAG(s) 'sales_data_etl' retrieved from /opt/airflow/dags/get_data_faker.py
[2025-09-03T19:43:03.999+0000] {logging_mixin.py:190} INFO - [2025-09-03T19:43:03.999+0000] {dag.py:3239} INFO - Sync 1 DAGs
[2025-09-03T19:43:04.030+0000] {logging_mixin.py:190} INFO - [2025-09-03T19:43:04.029+0000] {dag.py:4180} INFO - Setting next_dagrun for sales_data_etl to 2025-09-03 19:42:00+00:00, run_after=2025-09-03 19:43:00+00:00
[2025-09-03T19:43:04.053+0000] {processor.py:208} INFO - Processing /opt/airflow/dags/get_data_faker.py took 0.161 seconds
[2025-09-03T19:43:34.723+0000] {processor.py:186} INFO - Started process (PID=9917) to work on /opt/airflow/dags/get_data_faker.py
[2025-09-03T19:43:34.724+0000] {processor.py:914} INFO - Processing file /opt/airflow/dags/get_data_faker.py for tasks to queue
[2025-09-03T19:43:34.727+0000] {logging_mixin.py:190} INFO - [2025-09-03T19:43:34.727+0000] {dagbag.py:588} INFO - Filling up the DagBag from /opt/airflow/dags/get_data_faker.py
[2025-09-03T19:43:34.824+0000] {processor.py:925} INFO - DAG(s) 'sales_data_etl' retrieved from /opt/airflow/dags/get_data_faker.py
[2025-09-03T19:43:34.851+0000] {logging_mixin.py:190} INFO - [2025-09-03T19:43:34.851+0000] {dag.py:3239} INFO - Sync 1 DAGs
[2025-09-03T19:43:34.880+0000] {logging_mixin.py:190} INFO - [2025-09-03T19:43:34.880+0000] {dag.py:4180} INFO - Setting next_dagrun for sales_data_etl to 2025-09-03 19:42:00+00:00, run_after=2025-09-03 19:43:00+00:00
[2025-09-03T19:43:34.904+0000] {processor.py:208} INFO - Processing /opt/airflow/dags/get_data_faker.py took 0.189 seconds
[2025-09-03T19:44:05.449+0000] {processor.py:186} INFO - Started process (PID=10024) to work on /opt/airflow/dags/get_data_faker.py
[2025-09-03T19:44:05.450+0000] {processor.py:914} INFO - Processing file /opt/airflow/dags/get_data_faker.py for tasks to queue
[2025-09-03T19:44:05.453+0000] {logging_mixin.py:190} INFO - [2025-09-03T19:44:05.453+0000] {dagbag.py:588} INFO - Filling up the DagBag from /opt/airflow/dags/get_data_faker.py
[2025-09-03T19:44:05.553+0000] {processor.py:925} INFO - DAG(s) 'sales_data_etl' retrieved from /opt/airflow/dags/get_data_faker.py
[2025-09-03T19:44:05.586+0000] {logging_mixin.py:190} INFO - [2025-09-03T19:44:05.585+0000] {dag.py:3239} INFO - Sync 1 DAGs
[2025-09-03T19:44:05.609+0000] {logging_mixin.py:190} INFO - [2025-09-03T19:44:05.608+0000] {dag.py:4180} INFO - Setting next_dagrun for sales_data_etl to 2025-09-03 19:43:00+00:00, run_after=2025-09-03 19:44:00+00:00
[2025-09-03T19:44:05.633+0000] {processor.py:208} INFO - Processing /opt/airflow/dags/get_data_faker.py took 0.192 seconds
[2025-09-03T19:44:36.188+0000] {processor.py:186} INFO - Started process (PID=10131) to work on /opt/airflow/dags/get_data_faker.py
[2025-09-03T19:44:36.189+0000] {processor.py:914} INFO - Processing file /opt/airflow/dags/get_data_faker.py for tasks to queue
[2025-09-03T19:44:36.191+0000] {logging_mixin.py:190} INFO - [2025-09-03T19:44:36.191+0000] {dagbag.py:588} INFO - Filling up the DagBag from /opt/airflow/dags/get_data_faker.py
[2025-09-03T19:44:36.261+0000] {processor.py:925} INFO - DAG(s) 'sales_data_etl' retrieved from /opt/airflow/dags/get_data_faker.py
[2025-09-03T19:44:36.289+0000] {logging_mixin.py:190} INFO - [2025-09-03T19:44:36.289+0000] {dag.py:3239} INFO - Sync 1 DAGs
[2025-09-03T19:44:36.321+0000] {logging_mixin.py:190} INFO - [2025-09-03T19:44:36.321+0000] {dag.py:4180} INFO - Setting next_dagrun for sales_data_etl to 2025-09-03 19:43:00+00:00, run_after=2025-09-03 19:44:00+00:00
[2025-09-03T19:44:36.342+0000] {processor.py:208} INFO - Processing /opt/airflow/dags/get_data_faker.py took 0.160 seconds
[2025-09-03T19:45:06.917+0000] {processor.py:186} INFO - Started process (PID=10237) to work on /opt/airflow/dags/get_data_faker.py
[2025-09-03T19:45:06.918+0000] {processor.py:914} INFO - Processing file /opt/airflow/dags/get_data_faker.py for tasks to queue
[2025-09-03T19:45:06.921+0000] {logging_mixin.py:190} INFO - [2025-09-03T19:45:06.921+0000] {dagbag.py:588} INFO - Filling up the DagBag from /opt/airflow/dags/get_data_faker.py
[2025-09-03T19:45:07.014+0000] {processor.py:925} INFO - DAG(s) 'sales_data_etl' retrieved from /opt/airflow/dags/get_data_faker.py
[2025-09-03T19:45:07.039+0000] {logging_mixin.py:190} INFO - [2025-09-03T19:45:07.038+0000] {dag.py:3239} INFO - Sync 1 DAGs
[2025-09-03T19:45:07.060+0000] {logging_mixin.py:190} INFO - [2025-09-03T19:45:07.060+0000] {dag.py:4180} INFO - Setting next_dagrun for sales_data_etl to 2025-09-03 19:44:00+00:00, run_after=2025-09-03 19:45:00+00:00
[2025-09-03T19:45:07.082+0000] {processor.py:208} INFO - Processing /opt/airflow/dags/get_data_faker.py took 0.171 seconds
[2025-09-03T19:45:37.715+0000] {processor.py:186} INFO - Started process (PID=10344) to work on /opt/airflow/dags/get_data_faker.py
[2025-09-03T19:45:37.718+0000] {processor.py:914} INFO - Processing file /opt/airflow/dags/get_data_faker.py for tasks to queue
[2025-09-03T19:45:37.720+0000] {logging_mixin.py:190} INFO - [2025-09-03T19:45:37.720+0000] {dagbag.py:588} INFO - Filling up the DagBag from /opt/airflow/dags/get_data_faker.py
[2025-09-03T19:45:37.811+0000] {processor.py:925} INFO - DAG(s) 'sales_data_etl' retrieved from /opt/airflow/dags/get_data_faker.py
[2025-09-03T19:45:37.837+0000] {logging_mixin.py:190} INFO - [2025-09-03T19:45:37.837+0000] {dag.py:3239} INFO - Sync 1 DAGs
[2025-09-03T19:45:37.859+0000] {logging_mixin.py:190} INFO - [2025-09-03T19:45:37.858+0000] {dag.py:4180} INFO - Setting next_dagrun for sales_data_etl to 2025-09-03 19:44:00+00:00, run_after=2025-09-03 19:45:00+00:00
[2025-09-03T19:45:37.877+0000] {processor.py:208} INFO - Processing /opt/airflow/dags/get_data_faker.py took 0.170 seconds
[2025-09-03T19:46:08.456+0000] {processor.py:186} INFO - Started process (PID=10451) to work on /opt/airflow/dags/get_data_faker.py
[2025-09-03T19:46:08.457+0000] {processor.py:914} INFO - Processing file /opt/airflow/dags/get_data_faker.py for tasks to queue
[2025-09-03T19:46:08.460+0000] {logging_mixin.py:190} INFO - [2025-09-03T19:46:08.460+0000] {dagbag.py:588} INFO - Filling up the DagBag from /opt/airflow/dags/get_data_faker.py
[2025-09-03T19:46:08.546+0000] {processor.py:925} INFO - DAG(s) 'sales_data_etl' retrieved from /opt/airflow/dags/get_data_faker.py
[2025-09-03T19:46:08.574+0000] {logging_mixin.py:190} INFO - [2025-09-03T19:46:08.573+0000] {dag.py:3239} INFO - Sync 1 DAGs
[2025-09-03T19:46:08.610+0000] {logging_mixin.py:190} INFO - [2025-09-03T19:46:08.609+0000] {dag.py:4180} INFO - Setting next_dagrun for sales_data_etl to 2025-09-03 19:45:00+00:00, run_after=2025-09-03 19:46:00+00:00
[2025-09-03T19:46:08.636+0000] {processor.py:208} INFO - Processing /opt/airflow/dags/get_data_faker.py took 0.185 seconds
[2025-09-03T19:46:39.242+0000] {processor.py:186} INFO - Started process (PID=10558) to work on /opt/airflow/dags/get_data_faker.py
[2025-09-03T19:46:39.243+0000] {processor.py:914} INFO - Processing file /opt/airflow/dags/get_data_faker.py for tasks to queue
[2025-09-03T19:46:39.246+0000] {logging_mixin.py:190} INFO - [2025-09-03T19:46:39.245+0000] {dagbag.py:588} INFO - Filling up the DagBag from /opt/airflow/dags/get_data_faker.py
[2025-09-03T19:46:39.366+0000] {processor.py:925} INFO - DAG(s) 'sales_data_etl' retrieved from /opt/airflow/dags/get_data_faker.py
[2025-09-03T19:46:39.395+0000] {logging_mixin.py:190} INFO - [2025-09-03T19:46:39.395+0000] {dag.py:3239} INFO - Sync 1 DAGs
[2025-09-03T19:46:39.431+0000] {logging_mixin.py:190} INFO - [2025-09-03T19:46:39.431+0000] {dag.py:4180} INFO - Setting next_dagrun for sales_data_etl to 2025-09-03 19:45:00+00:00, run_after=2025-09-03 19:46:00+00:00
[2025-09-03T19:46:39.451+0000] {processor.py:208} INFO - Processing /opt/airflow/dags/get_data_faker.py took 0.217 seconds
[2025-09-03T19:47:09.988+0000] {processor.py:186} INFO - Started process (PID=10665) to work on /opt/airflow/dags/get_data_faker.py
[2025-09-03T19:47:09.990+0000] {processor.py:914} INFO - Processing file /opt/airflow/dags/get_data_faker.py for tasks to queue
[2025-09-03T19:47:09.991+0000] {logging_mixin.py:190} INFO - [2025-09-03T19:47:09.991+0000] {dagbag.py:588} INFO - Filling up the DagBag from /opt/airflow/dags/get_data_faker.py
[2025-09-03T19:47:10.070+0000] {processor.py:925} INFO - DAG(s) 'sales_data_etl' retrieved from /opt/airflow/dags/get_data_faker.py
[2025-09-03T19:47:10.096+0000] {logging_mixin.py:190} INFO - [2025-09-03T19:47:10.096+0000] {dag.py:3239} INFO - Sync 1 DAGs
[2025-09-03T19:47:10.119+0000] {logging_mixin.py:190} INFO - [2025-09-03T19:47:10.119+0000] {dag.py:4180} INFO - Setting next_dagrun for sales_data_etl to 2025-09-03 19:46:00+00:00, run_after=2025-09-03 19:47:00+00:00
[2025-09-03T19:47:10.137+0000] {processor.py:208} INFO - Processing /opt/airflow/dags/get_data_faker.py took 0.156 seconds
[2025-09-03T19:47:40.749+0000] {processor.py:186} INFO - Started process (PID=10772) to work on /opt/airflow/dags/get_data_faker.py
[2025-09-03T19:47:40.751+0000] {processor.py:914} INFO - Processing file /opt/airflow/dags/get_data_faker.py for tasks to queue
[2025-09-03T19:47:40.753+0000] {logging_mixin.py:190} INFO - [2025-09-03T19:47:40.753+0000] {dagbag.py:588} INFO - Filling up the DagBag from /opt/airflow/dags/get_data_faker.py
[2025-09-03T19:47:40.840+0000] {processor.py:925} INFO - DAG(s) 'sales_data_etl' retrieved from /opt/airflow/dags/get_data_faker.py
[2025-09-03T19:47:40.865+0000] {logging_mixin.py:190} INFO - [2025-09-03T19:47:40.865+0000] {dag.py:3239} INFO - Sync 1 DAGs
[2025-09-03T19:47:40.894+0000] {logging_mixin.py:190} INFO - [2025-09-03T19:47:40.894+0000] {dag.py:4180} INFO - Setting next_dagrun for sales_data_etl to 2025-09-03 19:46:00+00:00, run_after=2025-09-03 19:47:00+00:00
[2025-09-03T19:47:40.916+0000] {processor.py:208} INFO - Processing /opt/airflow/dags/get_data_faker.py took 0.174 seconds
[2025-09-03T19:48:11.505+0000] {processor.py:186} INFO - Started process (PID=10879) to work on /opt/airflow/dags/get_data_faker.py
[2025-09-03T19:48:11.506+0000] {processor.py:914} INFO - Processing file /opt/airflow/dags/get_data_faker.py for tasks to queue
[2025-09-03T19:48:11.508+0000] {logging_mixin.py:190} INFO - [2025-09-03T19:48:11.508+0000] {dagbag.py:588} INFO - Filling up the DagBag from /opt/airflow/dags/get_data_faker.py
[2025-09-03T19:48:11.590+0000] {processor.py:925} INFO - DAG(s) 'sales_data_etl' retrieved from /opt/airflow/dags/get_data_faker.py
[2025-09-03T19:48:11.611+0000] {logging_mixin.py:190} INFO - [2025-09-03T19:48:11.610+0000] {dag.py:3239} INFO - Sync 1 DAGs
[2025-09-03T19:48:11.636+0000] {logging_mixin.py:190} INFO - [2025-09-03T19:48:11.636+0000] {dag.py:4180} INFO - Setting next_dagrun for sales_data_etl to 2025-09-03 19:47:00+00:00, run_after=2025-09-03 19:48:00+00:00
[2025-09-03T19:48:11.656+0000] {processor.py:208} INFO - Processing /opt/airflow/dags/get_data_faker.py took 0.156 seconds
