[2025-09-03T17:38:24.347+0000] {processor.py:186} INFO - Started process (PID=192) to work on /opt/airflow/dags/hanger_lane.py
[2025-09-03T17:38:24.348+0000] {processor.py:914} INFO - Processing file /opt/airflow/dags/hanger_lane.py for tasks to queue
[2025-09-03T17:38:24.351+0000] {logging_mixin.py:190} INFO - [2025-09-03T17:38:24.350+0000] {dagbag.py:588} INFO - Filling up the DagBag from /opt/airflow/dags/hanger_lane.py
[2025-09-03T17:38:24.382+0000] {logging_mixin.py:190} INFO - Python path: ['/home/airflow/.local/bin', '/opt/airflow', '/opt/airflow/include', '/usr/local/lib/python312.zip', '/usr/local/lib/python3.12', '/usr/local/lib/python3.12/lib-dynload', '/home/airflow/.local/lib/python3.12/site-packages', '/opt/airflow/config', '/opt/airflow/plugins', '/opt/airflow/dags', '/opt/airflow/include/dags']
[2025-09-03T17:38:24.382+0000] {logging_mixin.py:190} INFO - DAGs path exists: False
[2025-09-03T17:38:24.383+0000] {logging_mixin.py:190} INFO - db_utils.py exists: False
[2025-09-03T17:38:24.477+0000] {logging_mixin.py:190} INFO - Successfully imported PySpark modules
[2025-09-03T17:38:24.478+0000] {logging_mixin.py:190} INFO - Successfully imported db_utils
[2025-09-03T17:38:24.478+0000] {logging_mixin.py:190} INFO - Successfully imported functions from hanger_line_transform.py
[2025-09-03T17:38:24.498+0000] {logging_mixin.py:190} WARNING - /opt/airflow/dags/create_target_pg_hl_table.py:65 SAWarning: Table 'opd_date_shift' specifies columns 'id' as primary_key=True, not matching locally specified columns 'ODP_Date', 'Shift', 'source_connection'; setting the current primary key columns to 'ODP_Date', 'Shift', 'source_connection'. This warning may become an exception in a future release
[2025-09-03T17:38:24.500+0000] {logging_mixin.py:190} WARNING - /opt/airflow/dags/create_target_pg_hl_table.py:80 SAWarning: Table 'opd_date_oc' specifies columns 'id' as primary_key=True, not matching locally specified columns 'ODP_Date', 'OC_Description', 'source_connection'; setting the current primary key columns to 'ODP_Date', 'OC_Description', 'source_connection'. This warning may become an exception in a future release
[2025-09-03T17:38:24.501+0000] {logging_mixin.py:190} WARNING - /opt/airflow/dags/create_target_pg_hl_table.py:95 SAWarning: Table 'opd_date_employee' specifies columns 'id' as primary_key=True, not matching locally specified columns 'ODP_Date', 'ODP_EM_Key', 'source_connection'; setting the current primary key columns to 'ODP_Date', 'ODP_EM_Key', 'source_connection'. This warning may become an exception in a future release
[2025-09-03T17:38:24.513+0000] {processor.py:925} INFO - DAG(s) 'etl_ssg_hanger_lines' retrieved from /opt/airflow/dags/hanger_lane.py
[2025-09-03T17:38:24.872+0000] {logging_mixin.py:190} INFO - [2025-09-03T17:38:24.872+0000] {override.py:1930} INFO - Created Permission View: can delete on DAG:etl_ssg_hanger_lines
[2025-09-03T17:38:24.886+0000] {logging_mixin.py:190} INFO - [2025-09-03T17:38:24.886+0000] {override.py:1930} INFO - Created Permission View: can edit on DAG:etl_ssg_hanger_lines
[2025-09-03T17:38:24.895+0000] {logging_mixin.py:190} INFO - [2025-09-03T17:38:24.895+0000] {override.py:1930} INFO - Created Permission View: can read on DAG:etl_ssg_hanger_lines
[2025-09-03T17:38:24.903+0000] {logging_mixin.py:190} INFO - [2025-09-03T17:38:24.903+0000] {override.py:1930} INFO - Created Permission View: can delete on DAG Run:etl_ssg_hanger_lines
[2025-09-03T17:38:24.913+0000] {logging_mixin.py:190} INFO - [2025-09-03T17:38:24.912+0000] {override.py:1930} INFO - Created Permission View: can create on DAG Run:etl_ssg_hanger_lines
[2025-09-03T17:38:24.924+0000] {logging_mixin.py:190} INFO - [2025-09-03T17:38:24.923+0000] {override.py:1930} INFO - Created Permission View: menu access on DAG Run:etl_ssg_hanger_lines
[2025-09-03T17:38:24.933+0000] {logging_mixin.py:190} INFO - [2025-09-03T17:38:24.932+0000] {override.py:1930} INFO - Created Permission View: can read on DAG Run:etl_ssg_hanger_lines
[2025-09-03T17:38:24.933+0000] {logging_mixin.py:190} INFO - [2025-09-03T17:38:24.933+0000] {dag.py:3239} INFO - Sync 1 DAGs
[2025-09-03T17:38:24.956+0000] {logging_mixin.py:190} INFO - [2025-09-03T17:38:24.955+0000] {dag.py:3262} INFO - Creating ORM DAG for etl_ssg_hanger_lines
[2025-09-03T17:38:24.975+0000] {logging_mixin.py:190} INFO - [2025-09-03T17:38:24.974+0000] {dag.py:4180} INFO - Setting next_dagrun for etl_ssg_hanger_lines to 2025-09-03 17:00:00+00:00, run_after=2025-09-03 17:30:00+00:00
[2025-09-03T17:38:25.002+0000] {processor.py:208} INFO - Processing /opt/airflow/dags/hanger_lane.py took 0.663 seconds
[2025-09-03T17:38:55.076+0000] {processor.py:186} INFO - Started process (PID=296) to work on /opt/airflow/dags/hanger_lane.py
[2025-09-03T17:38:55.077+0000] {processor.py:914} INFO - Processing file /opt/airflow/dags/hanger_lane.py for tasks to queue
[2025-09-03T17:38:55.080+0000] {logging_mixin.py:190} INFO - [2025-09-03T17:38:55.080+0000] {dagbag.py:588} INFO - Filling up the DagBag from /opt/airflow/dags/hanger_lane.py
[2025-09-03T17:38:55.099+0000] {logging_mixin.py:190} INFO - Python path: ['/home/airflow/.local/bin', '/opt/airflow', '/opt/airflow/include', '/usr/local/lib/python312.zip', '/usr/local/lib/python3.12', '/usr/local/lib/python3.12/lib-dynload', '/home/airflow/.local/lib/python3.12/site-packages', '/opt/airflow/config', '/opt/airflow/plugins', '/opt/airflow/dags', '/opt/airflow/include/dags']
[2025-09-03T17:38:55.099+0000] {logging_mixin.py:190} INFO - DAGs path exists: False
[2025-09-03T17:38:55.099+0000] {logging_mixin.py:190} INFO - db_utils.py exists: False
[2025-09-03T17:38:55.145+0000] {logging_mixin.py:190} INFO - Successfully imported PySpark modules
[2025-09-03T17:38:55.148+0000] {logging_mixin.py:190} INFO - Successfully imported db_utils
[2025-09-03T17:38:55.148+0000] {logging_mixin.py:190} INFO - Successfully imported functions from hanger_line_transform.py
[2025-09-03T17:38:55.159+0000] {logging_mixin.py:190} WARNING - /opt/airflow/dags/create_target_pg_hl_table.py:65 SAWarning: Table 'opd_date_shift' specifies columns 'id' as primary_key=True, not matching locally specified columns 'ODP_Date', 'Shift', 'source_connection'; setting the current primary key columns to 'ODP_Date', 'Shift', 'source_connection'. This warning may become an exception in a future release
[2025-09-03T17:38:55.160+0000] {logging_mixin.py:190} WARNING - /opt/airflow/dags/create_target_pg_hl_table.py:80 SAWarning: Table 'opd_date_oc' specifies columns 'id' as primary_key=True, not matching locally specified columns 'ODP_Date', 'OC_Description', 'source_connection'; setting the current primary key columns to 'ODP_Date', 'OC_Description', 'source_connection'. This warning may become an exception in a future release
[2025-09-03T17:38:55.160+0000] {logging_mixin.py:190} WARNING - /opt/airflow/dags/create_target_pg_hl_table.py:95 SAWarning: Table 'opd_date_employee' specifies columns 'id' as primary_key=True, not matching locally specified columns 'ODP_Date', 'ODP_EM_Key', 'source_connection'; setting the current primary key columns to 'ODP_Date', 'ODP_EM_Key', 'source_connection'. This warning may become an exception in a future release
[2025-09-03T17:38:55.162+0000] {processor.py:925} INFO - DAG(s) 'etl_ssg_hanger_lines' retrieved from /opt/airflow/dags/hanger_lane.py
[2025-09-03T17:38:55.184+0000] {logging_mixin.py:190} INFO - [2025-09-03T17:38:55.183+0000] {dag.py:3239} INFO - Sync 1 DAGs
[2025-09-03T17:38:55.202+0000] {logging_mixin.py:190} INFO - [2025-09-03T17:38:55.202+0000] {dag.py:4180} INFO - Setting next_dagrun for etl_ssg_hanger_lines to 2025-09-03 17:00:00+00:00, run_after=2025-09-03 17:30:00+00:00
[2025-09-03T17:38:55.221+0000] {processor.py:208} INFO - Processing /opt/airflow/dags/hanger_lane.py took 0.149 seconds
[2025-09-03T17:39:25.335+0000] {processor.py:186} INFO - Started process (PID=401) to work on /opt/airflow/dags/hanger_lane.py
[2025-09-03T17:39:25.336+0000] {processor.py:914} INFO - Processing file /opt/airflow/dags/hanger_lane.py for tasks to queue
[2025-09-03T17:39:25.338+0000] {logging_mixin.py:190} INFO - [2025-09-03T17:39:25.337+0000] {dagbag.py:588} INFO - Filling up the DagBag from /opt/airflow/dags/hanger_lane.py
[2025-09-03T17:39:25.358+0000] {logging_mixin.py:190} INFO - Python path: ['/home/airflow/.local/bin', '/opt/airflow', '/opt/airflow/include', '/usr/local/lib/python312.zip', '/usr/local/lib/python3.12', '/usr/local/lib/python3.12/lib-dynload', '/home/airflow/.local/lib/python3.12/site-packages', '/opt/airflow/config', '/opt/airflow/plugins', '/opt/airflow/dags', '/opt/airflow/include/dags']
[2025-09-03T17:39:25.358+0000] {logging_mixin.py:190} INFO - DAGs path exists: False
[2025-09-03T17:39:25.359+0000] {logging_mixin.py:190} INFO - db_utils.py exists: False
[2025-09-03T17:39:25.407+0000] {logging_mixin.py:190} INFO - Successfully imported PySpark modules
[2025-09-03T17:39:25.407+0000] {logging_mixin.py:190} INFO - Successfully imported db_utils
[2025-09-03T17:39:25.408+0000] {logging_mixin.py:190} INFO - Successfully imported functions from hanger_line_transform.py
[2025-09-03T17:39:25.418+0000] {logging_mixin.py:190} WARNING - /opt/airflow/dags/create_target_pg_hl_table.py:65 SAWarning: Table 'opd_date_shift' specifies columns 'id' as primary_key=True, not matching locally specified columns 'ODP_Date', 'Shift', 'source_connection'; setting the current primary key columns to 'ODP_Date', 'Shift', 'source_connection'. This warning may become an exception in a future release
[2025-09-03T17:39:25.419+0000] {logging_mixin.py:190} WARNING - /opt/airflow/dags/create_target_pg_hl_table.py:80 SAWarning: Table 'opd_date_oc' specifies columns 'id' as primary_key=True, not matching locally specified columns 'ODP_Date', 'OC_Description', 'source_connection'; setting the current primary key columns to 'ODP_Date', 'OC_Description', 'source_connection'. This warning may become an exception in a future release
[2025-09-03T17:39:25.420+0000] {logging_mixin.py:190} WARNING - /opt/airflow/dags/create_target_pg_hl_table.py:95 SAWarning: Table 'opd_date_employee' specifies columns 'id' as primary_key=True, not matching locally specified columns 'ODP_Date', 'ODP_EM_Key', 'source_connection'; setting the current primary key columns to 'ODP_Date', 'ODP_EM_Key', 'source_connection'. This warning may become an exception in a future release
[2025-09-03T17:39:25.423+0000] {processor.py:925} INFO - DAG(s) 'etl_ssg_hanger_lines' retrieved from /opt/airflow/dags/hanger_lane.py
[2025-09-03T17:39:25.437+0000] {logging_mixin.py:190} INFO - [2025-09-03T17:39:25.436+0000] {dag.py:3239} INFO - Sync 1 DAGs
[2025-09-03T17:39:25.457+0000] {logging_mixin.py:190} INFO - [2025-09-03T17:39:25.457+0000] {dag.py:4180} INFO - Setting next_dagrun for etl_ssg_hanger_lines to 2025-09-03 17:00:00+00:00, run_after=2025-09-03 17:30:00+00:00
[2025-09-03T17:39:25.596+0000] {processor.py:208} INFO - Processing /opt/airflow/dags/hanger_lane.py took 0.266 seconds
[2025-09-03T17:39:56.229+0000] {processor.py:186} INFO - Started process (PID=519) to work on /opt/airflow/dags/hanger_lane.py
[2025-09-03T17:39:56.230+0000] {processor.py:914} INFO - Processing file /opt/airflow/dags/hanger_lane.py for tasks to queue
[2025-09-03T17:39:56.232+0000] {logging_mixin.py:190} INFO - [2025-09-03T17:39:56.232+0000] {dagbag.py:588} INFO - Filling up the DagBag from /opt/airflow/dags/hanger_lane.py
[2025-09-03T17:39:56.247+0000] {logging_mixin.py:190} INFO - Python path: ['/home/airflow/.local/bin', '/opt/airflow', '/opt/airflow/include', '/usr/local/lib/python312.zip', '/usr/local/lib/python3.12', '/usr/local/lib/python3.12/lib-dynload', '/home/airflow/.local/lib/python3.12/site-packages', '/opt/airflow/config', '/opt/airflow/plugins', '/opt/airflow/dags', '/opt/airflow/include/dags']
[2025-09-03T17:39:56.247+0000] {logging_mixin.py:190} INFO - DAGs path exists: False
[2025-09-03T17:39:56.248+0000] {logging_mixin.py:190} INFO - db_utils.py exists: False
[2025-09-03T17:39:56.445+0000] {logging_mixin.py:190} INFO - Successfully imported PySpark modules
[2025-09-03T17:39:56.446+0000] {logging_mixin.py:190} INFO - Successfully imported db_utils
[2025-09-03T17:39:56.447+0000] {logging_mixin.py:190} INFO - Successfully imported functions from hanger_line_transform.py
[2025-09-03T17:39:56.463+0000] {logging_mixin.py:190} WARNING - /opt/airflow/dags/create_target_pg_hl_table.py:65 SAWarning: Table 'opd_date_shift' specifies columns 'id' as primary_key=True, not matching locally specified columns 'ODP_Date', 'Shift', 'source_connection'; setting the current primary key columns to 'ODP_Date', 'Shift', 'source_connection'. This warning may become an exception in a future release
[2025-09-03T17:39:56.465+0000] {logging_mixin.py:190} WARNING - /opt/airflow/dags/create_target_pg_hl_table.py:80 SAWarning: Table 'opd_date_oc' specifies columns 'id' as primary_key=True, not matching locally specified columns 'ODP_Date', 'OC_Description', 'source_connection'; setting the current primary key columns to 'ODP_Date', 'OC_Description', 'source_connection'. This warning may become an exception in a future release
[2025-09-03T17:39:56.466+0000] {logging_mixin.py:190} WARNING - /opt/airflow/dags/create_target_pg_hl_table.py:95 SAWarning: Table 'opd_date_employee' specifies columns 'id' as primary_key=True, not matching locally specified columns 'ODP_Date', 'ODP_EM_Key', 'source_connection'; setting the current primary key columns to 'ODP_Date', 'ODP_EM_Key', 'source_connection'. This warning may become an exception in a future release
[2025-09-03T17:39:56.469+0000] {processor.py:925} INFO - DAG(s) 'etl_ssg_hanger_lines' retrieved from /opt/airflow/dags/hanger_lane.py
[2025-09-03T17:39:56.485+0000] {logging_mixin.py:190} INFO - [2025-09-03T17:39:56.485+0000] {dag.py:3239} INFO - Sync 1 DAGs
[2025-09-03T17:39:56.515+0000] {logging_mixin.py:190} INFO - [2025-09-03T17:39:56.514+0000] {dag.py:4180} INFO - Setting next_dagrun for etl_ssg_hanger_lines to 2025-09-03 17:00:00+00:00, run_after=2025-09-03 17:30:00+00:00
[2025-09-03T17:39:56.537+0000] {processor.py:208} INFO - Processing /opt/airflow/dags/hanger_lane.py took 0.313 seconds
[2025-09-03T17:40:27.351+0000] {processor.py:186} INFO - Started process (PID=625) to work on /opt/airflow/dags/hanger_lane.py
[2025-09-03T17:40:27.353+0000] {processor.py:914} INFO - Processing file /opt/airflow/dags/hanger_lane.py for tasks to queue
[2025-09-03T17:40:27.355+0000] {logging_mixin.py:190} INFO - [2025-09-03T17:40:27.355+0000] {dagbag.py:588} INFO - Filling up the DagBag from /opt/airflow/dags/hanger_lane.py
[2025-09-03T17:40:27.380+0000] {logging_mixin.py:190} INFO - Python path: ['/home/airflow/.local/bin', '/opt/airflow', '/opt/airflow/include', '/usr/local/lib/python312.zip', '/usr/local/lib/python3.12', '/usr/local/lib/python3.12/lib-dynload', '/home/airflow/.local/lib/python3.12/site-packages', '/opt/airflow/config', '/opt/airflow/plugins', '/opt/airflow/dags', '/opt/airflow/include/dags']
[2025-09-03T17:40:27.381+0000] {logging_mixin.py:190} INFO - DAGs path exists: False
[2025-09-03T17:40:27.382+0000] {logging_mixin.py:190} INFO - db_utils.py exists: False
[2025-09-03T17:40:27.577+0000] {logging_mixin.py:190} INFO - Successfully imported PySpark modules
[2025-09-03T17:40:27.577+0000] {logging_mixin.py:190} INFO - Successfully imported db_utils
[2025-09-03T17:40:27.578+0000] {logging_mixin.py:190} INFO - Successfully imported functions from hanger_line_transform.py
[2025-09-03T17:40:27.593+0000] {logging_mixin.py:190} WARNING - /opt/airflow/dags/create_target_pg_hl_table.py:65 SAWarning: Table 'opd_date_shift' specifies columns 'id' as primary_key=True, not matching locally specified columns 'ODP_Date', 'Shift', 'source_connection'; setting the current primary key columns to 'ODP_Date', 'Shift', 'source_connection'. This warning may become an exception in a future release
[2025-09-03T17:40:27.594+0000] {logging_mixin.py:190} WARNING - /opt/airflow/dags/create_target_pg_hl_table.py:80 SAWarning: Table 'opd_date_oc' specifies columns 'id' as primary_key=True, not matching locally specified columns 'ODP_Date', 'OC_Description', 'source_connection'; setting the current primary key columns to 'ODP_Date', 'OC_Description', 'source_connection'. This warning may become an exception in a future release
[2025-09-03T17:40:27.595+0000] {logging_mixin.py:190} WARNING - /opt/airflow/dags/create_target_pg_hl_table.py:95 SAWarning: Table 'opd_date_employee' specifies columns 'id' as primary_key=True, not matching locally specified columns 'ODP_Date', 'ODP_EM_Key', 'source_connection'; setting the current primary key columns to 'ODP_Date', 'ODP_EM_Key', 'source_connection'. This warning may become an exception in a future release
[2025-09-03T17:40:27.600+0000] {processor.py:925} INFO - DAG(s) 'etl_ssg_hanger_lines' retrieved from /opt/airflow/dags/hanger_lane.py
[2025-09-03T17:40:27.618+0000] {logging_mixin.py:190} INFO - [2025-09-03T17:40:27.618+0000] {dag.py:3239} INFO - Sync 1 DAGs
[2025-09-03T17:40:27.646+0000] {logging_mixin.py:190} INFO - [2025-09-03T17:40:27.645+0000] {dag.py:4180} INFO - Setting next_dagrun for etl_ssg_hanger_lines to 2025-09-03 17:00:00+00:00, run_after=2025-09-03 17:30:00+00:00
[2025-09-03T17:40:27.668+0000] {processor.py:208} INFO - Processing /opt/airflow/dags/hanger_lane.py took 0.323 seconds
[2025-09-03T17:40:58.519+0000] {processor.py:186} INFO - Started process (PID=732) to work on /opt/airflow/dags/hanger_lane.py
[2025-09-03T17:40:58.521+0000] {processor.py:914} INFO - Processing file /opt/airflow/dags/hanger_lane.py for tasks to queue
[2025-09-03T17:40:58.524+0000] {logging_mixin.py:190} INFO - [2025-09-03T17:40:58.524+0000] {dagbag.py:588} INFO - Filling up the DagBag from /opt/airflow/dags/hanger_lane.py
[2025-09-03T17:40:58.546+0000] {logging_mixin.py:190} INFO - Python path: ['/home/airflow/.local/bin', '/opt/airflow', '/opt/airflow/include', '/usr/local/lib/python312.zip', '/usr/local/lib/python3.12', '/usr/local/lib/python3.12/lib-dynload', '/home/airflow/.local/lib/python3.12/site-packages', '/opt/airflow/config', '/opt/airflow/plugins', '/opt/airflow/dags', '/opt/airflow/include/dags']
[2025-09-03T17:40:58.546+0000] {logging_mixin.py:190} INFO - DAGs path exists: False
[2025-09-03T17:40:58.546+0000] {logging_mixin.py:190} INFO - db_utils.py exists: False
[2025-09-03T17:40:58.728+0000] {logging_mixin.py:190} INFO - Successfully imported PySpark modules
[2025-09-03T17:40:58.733+0000] {logging_mixin.py:190} INFO - Successfully imported db_utils
[2025-09-03T17:40:58.734+0000] {logging_mixin.py:190} INFO - Successfully imported functions from hanger_line_transform.py
[2025-09-03T17:40:58.743+0000] {logging_mixin.py:190} WARNING - /opt/airflow/dags/create_target_pg_hl_table.py:65 SAWarning: Table 'opd_date_shift' specifies columns 'id' as primary_key=True, not matching locally specified columns 'ODP_Date', 'Shift', 'source_connection'; setting the current primary key columns to 'ODP_Date', 'Shift', 'source_connection'. This warning may become an exception in a future release
[2025-09-03T17:40:58.744+0000] {logging_mixin.py:190} WARNING - /opt/airflow/dags/create_target_pg_hl_table.py:80 SAWarning: Table 'opd_date_oc' specifies columns 'id' as primary_key=True, not matching locally specified columns 'ODP_Date', 'OC_Description', 'source_connection'; setting the current primary key columns to 'ODP_Date', 'OC_Description', 'source_connection'. This warning may become an exception in a future release
[2025-09-03T17:40:58.745+0000] {logging_mixin.py:190} WARNING - /opt/airflow/dags/create_target_pg_hl_table.py:95 SAWarning: Table 'opd_date_employee' specifies columns 'id' as primary_key=True, not matching locally specified columns 'ODP_Date', 'ODP_EM_Key', 'source_connection'; setting the current primary key columns to 'ODP_Date', 'ODP_EM_Key', 'source_connection'. This warning may become an exception in a future release
[2025-09-03T17:40:58.746+0000] {processor.py:925} INFO - DAG(s) 'etl_ssg_hanger_lines' retrieved from /opt/airflow/dags/hanger_lane.py
[2025-09-03T17:40:58.758+0000] {logging_mixin.py:190} INFO - [2025-09-03T17:40:58.758+0000] {dag.py:3239} INFO - Sync 1 DAGs
[2025-09-03T17:40:58.784+0000] {logging_mixin.py:190} INFO - [2025-09-03T17:40:58.784+0000] {dag.py:4180} INFO - Setting next_dagrun for etl_ssg_hanger_lines to 2025-09-03 17:00:00+00:00, run_after=2025-09-03 17:30:00+00:00
[2025-09-03T17:40:58.806+0000] {processor.py:208} INFO - Processing /opt/airflow/dags/hanger_lane.py took 0.290 seconds
[2025-09-03T17:41:28.850+0000] {processor.py:186} INFO - Started process (PID=835) to work on /opt/airflow/dags/hanger_lane.py
[2025-09-03T17:41:28.851+0000] {processor.py:914} INFO - Processing file /opt/airflow/dags/hanger_lane.py for tasks to queue
[2025-09-03T17:41:28.852+0000] {logging_mixin.py:190} INFO - [2025-09-03T17:41:28.852+0000] {dagbag.py:588} INFO - Filling up the DagBag from /opt/airflow/dags/hanger_lane.py
[2025-09-03T17:41:28.869+0000] {logging_mixin.py:190} INFO - Python path: ['/home/airflow/.local/bin', '/opt/airflow', '/opt/airflow/include', '/usr/local/lib/python312.zip', '/usr/local/lib/python3.12', '/usr/local/lib/python3.12/lib-dynload', '/home/airflow/.local/lib/python3.12/site-packages', '/opt/airflow/config', '/opt/airflow/plugins', '/opt/airflow/dags', '/opt/airflow/include/dags']
[2025-09-03T17:41:28.869+0000] {logging_mixin.py:190} INFO - DAGs path exists: False
[2025-09-03T17:41:28.869+0000] {logging_mixin.py:190} INFO - db_utils.py exists: False
[2025-09-03T17:41:29.031+0000] {logging_mixin.py:190} INFO - Successfully imported PySpark modules
[2025-09-03T17:41:29.032+0000] {logging_mixin.py:190} INFO - Successfully imported db_utils
[2025-09-03T17:41:29.032+0000] {logging_mixin.py:190} INFO - Successfully imported functions from hanger_line_transform.py
[2025-09-03T17:41:29.048+0000] {logging_mixin.py:190} WARNING - /opt/airflow/dags/create_target_pg_hl_table.py:65 SAWarning: Table 'opd_date_shift' specifies columns 'id' as primary_key=True, not matching locally specified columns 'ODP_Date', 'Shift', 'source_connection'; setting the current primary key columns to 'ODP_Date', 'Shift', 'source_connection'. This warning may become an exception in a future release
[2025-09-03T17:41:29.049+0000] {logging_mixin.py:190} WARNING - /opt/airflow/dags/create_target_pg_hl_table.py:80 SAWarning: Table 'opd_date_oc' specifies columns 'id' as primary_key=True, not matching locally specified columns 'ODP_Date', 'OC_Description', 'source_connection'; setting the current primary key columns to 'ODP_Date', 'OC_Description', 'source_connection'. This warning may become an exception in a future release
[2025-09-03T17:41:29.049+0000] {logging_mixin.py:190} WARNING - /opt/airflow/dags/create_target_pg_hl_table.py:95 SAWarning: Table 'opd_date_employee' specifies columns 'id' as primary_key=True, not matching locally specified columns 'ODP_Date', 'ODP_EM_Key', 'source_connection'; setting the current primary key columns to 'ODP_Date', 'ODP_EM_Key', 'source_connection'. This warning may become an exception in a future release
[2025-09-03T17:41:29.051+0000] {processor.py:925} INFO - DAG(s) 'etl_ssg_hanger_lines' retrieved from /opt/airflow/dags/hanger_lane.py
[2025-09-03T17:41:29.061+0000] {logging_mixin.py:190} INFO - [2025-09-03T17:41:29.061+0000] {dag.py:3239} INFO - Sync 1 DAGs
[2025-09-03T17:41:29.078+0000] {logging_mixin.py:190} INFO - [2025-09-03T17:41:29.078+0000] {dag.py:4180} INFO - Setting next_dagrun for etl_ssg_hanger_lines to 2025-09-03 17:00:00+00:00, run_after=2025-09-03 17:30:00+00:00
[2025-09-03T17:41:29.093+0000] {processor.py:208} INFO - Processing /opt/airflow/dags/hanger_lane.py took 0.248 seconds
[2025-09-03T17:42:00.023+0000] {processor.py:186} INFO - Started process (PID=945) to work on /opt/airflow/dags/hanger_lane.py
[2025-09-03T17:42:00.024+0000] {processor.py:914} INFO - Processing file /opt/airflow/dags/hanger_lane.py for tasks to queue
[2025-09-03T17:42:00.026+0000] {logging_mixin.py:190} INFO - [2025-09-03T17:42:00.026+0000] {dagbag.py:588} INFO - Filling up the DagBag from /opt/airflow/dags/hanger_lane.py
[2025-09-03T17:42:00.063+0000] {logging_mixin.py:190} INFO - Python path: ['/home/airflow/.local/bin', '/opt/airflow', '/opt/airflow/include', '/usr/local/lib/python312.zip', '/usr/local/lib/python3.12', '/usr/local/lib/python3.12/lib-dynload', '/home/airflow/.local/lib/python3.12/site-packages', '/opt/airflow/config', '/opt/airflow/plugins', '/opt/airflow/dags', '/opt/airflow/include/dags']
[2025-09-03T17:42:00.064+0000] {logging_mixin.py:190} INFO - DAGs path exists: False
[2025-09-03T17:42:00.064+0000] {logging_mixin.py:190} INFO - db_utils.py exists: False
[2025-09-03T17:42:00.128+0000] {logging_mixin.py:190} INFO - Successfully imported PySpark modules
[2025-09-03T17:42:00.129+0000] {logging_mixin.py:190} INFO - Successfully imported db_utils
[2025-09-03T17:42:00.129+0000] {logging_mixin.py:190} INFO - Successfully imported functions from hanger_line_transform.py
[2025-09-03T17:42:00.145+0000] {logging_mixin.py:190} WARNING - /opt/airflow/dags/create_target_pg_hl_table.py:65 SAWarning: Table 'opd_date_shift' specifies columns 'id' as primary_key=True, not matching locally specified columns 'ODP_Date', 'Shift', 'source_connection'; setting the current primary key columns to 'ODP_Date', 'Shift', 'source_connection'. This warning may become an exception in a future release
[2025-09-03T17:42:00.146+0000] {logging_mixin.py:190} WARNING - /opt/airflow/dags/create_target_pg_hl_table.py:80 SAWarning: Table 'opd_date_oc' specifies columns 'id' as primary_key=True, not matching locally specified columns 'ODP_Date', 'OC_Description', 'source_connection'; setting the current primary key columns to 'ODP_Date', 'OC_Description', 'source_connection'. This warning may become an exception in a future release
[2025-09-03T17:42:00.147+0000] {logging_mixin.py:190} WARNING - /opt/airflow/dags/create_target_pg_hl_table.py:95 SAWarning: Table 'opd_date_employee' specifies columns 'id' as primary_key=True, not matching locally specified columns 'ODP_Date', 'ODP_EM_Key', 'source_connection'; setting the current primary key columns to 'ODP_Date', 'ODP_EM_Key', 'source_connection'. This warning may become an exception in a future release
[2025-09-03T17:42:00.149+0000] {processor.py:925} INFO - DAG(s) 'etl_ssg_hanger_lines' retrieved from /opt/airflow/dags/hanger_lane.py
[2025-09-03T17:42:00.162+0000] {logging_mixin.py:190} INFO - [2025-09-03T17:42:00.161+0000] {dag.py:3239} INFO - Sync 1 DAGs
[2025-09-03T17:42:00.186+0000] {logging_mixin.py:190} INFO - [2025-09-03T17:42:00.186+0000] {dag.py:4180} INFO - Setting next_dagrun for etl_ssg_hanger_lines to 2025-09-03 17:00:00+00:00, run_after=2025-09-03 17:30:00+00:00
[2025-09-03T17:42:00.206+0000] {processor.py:208} INFO - Processing /opt/airflow/dags/hanger_lane.py took 0.191 seconds
[2025-09-03T17:42:30.770+0000] {processor.py:186} INFO - Started process (PID=1052) to work on /opt/airflow/dags/hanger_lane.py
[2025-09-03T17:42:30.771+0000] {processor.py:914} INFO - Processing file /opt/airflow/dags/hanger_lane.py for tasks to queue
[2025-09-03T17:42:30.774+0000] {logging_mixin.py:190} INFO - [2025-09-03T17:42:30.773+0000] {dagbag.py:588} INFO - Filling up the DagBag from /opt/airflow/dags/hanger_lane.py
[2025-09-03T17:42:30.810+0000] {logging_mixin.py:190} INFO - Python path: ['/home/airflow/.local/bin', '/opt/airflow', '/opt/airflow/include', '/usr/local/lib/python312.zip', '/usr/local/lib/python3.12', '/usr/local/lib/python3.12/lib-dynload', '/home/airflow/.local/lib/python3.12/site-packages', '/opt/airflow/config', '/opt/airflow/plugins', '/opt/airflow/dags', '/opt/airflow/include/dags']
[2025-09-03T17:42:30.810+0000] {logging_mixin.py:190} INFO - DAGs path exists: False
[2025-09-03T17:42:30.810+0000] {logging_mixin.py:190} INFO - db_utils.py exists: False
[2025-09-03T17:42:30.864+0000] {logging_mixin.py:190} INFO - Successfully imported PySpark modules
[2025-09-03T17:42:30.865+0000] {logging_mixin.py:190} INFO - Successfully imported db_utils
[2025-09-03T17:42:30.865+0000] {logging_mixin.py:190} INFO - Successfully imported functions from hanger_line_transform.py
[2025-09-03T17:42:30.879+0000] {logging_mixin.py:190} WARNING - /opt/airflow/dags/create_target_pg_hl_table.py:65 SAWarning: Table 'opd_date_shift' specifies columns 'id' as primary_key=True, not matching locally specified columns 'ODP_Date', 'Shift', 'source_connection'; setting the current primary key columns to 'ODP_Date', 'Shift', 'source_connection'. This warning may become an exception in a future release
[2025-09-03T17:42:30.880+0000] {logging_mixin.py:190} WARNING - /opt/airflow/dags/create_target_pg_hl_table.py:80 SAWarning: Table 'opd_date_oc' specifies columns 'id' as primary_key=True, not matching locally specified columns 'ODP_Date', 'OC_Description', 'source_connection'; setting the current primary key columns to 'ODP_Date', 'OC_Description', 'source_connection'. This warning may become an exception in a future release
[2025-09-03T17:42:30.881+0000] {logging_mixin.py:190} WARNING - /opt/airflow/dags/create_target_pg_hl_table.py:95 SAWarning: Table 'opd_date_employee' specifies columns 'id' as primary_key=True, not matching locally specified columns 'ODP_Date', 'ODP_EM_Key', 'source_connection'; setting the current primary key columns to 'ODP_Date', 'ODP_EM_Key', 'source_connection'. This warning may become an exception in a future release
[2025-09-03T17:42:30.883+0000] {processor.py:925} INFO - DAG(s) 'etl_ssg_hanger_lines' retrieved from /opt/airflow/dags/hanger_lane.py
[2025-09-03T17:42:30.893+0000] {logging_mixin.py:190} INFO - [2025-09-03T17:42:30.893+0000] {dag.py:3239} INFO - Sync 1 DAGs
[2025-09-03T17:42:30.919+0000] {logging_mixin.py:190} INFO - [2025-09-03T17:42:30.919+0000] {dag.py:4180} INFO - Setting next_dagrun for etl_ssg_hanger_lines to 2025-09-03 17:00:00+00:00, run_after=2025-09-03 17:30:00+00:00
[2025-09-03T17:42:30.936+0000] {processor.py:208} INFO - Processing /opt/airflow/dags/hanger_lane.py took 0.171 seconds
[2025-09-03T17:43:01.443+0000] {processor.py:186} INFO - Started process (PID=1159) to work on /opt/airflow/dags/hanger_lane.py
[2025-09-03T17:43:01.443+0000] {processor.py:914} INFO - Processing file /opt/airflow/dags/hanger_lane.py for tasks to queue
[2025-09-03T17:43:01.446+0000] {logging_mixin.py:190} INFO - [2025-09-03T17:43:01.446+0000] {dagbag.py:588} INFO - Filling up the DagBag from /opt/airflow/dags/hanger_lane.py
[2025-09-03T17:43:01.473+0000] {logging_mixin.py:190} INFO - Python path: ['/home/airflow/.local/bin', '/opt/airflow', '/opt/airflow/include', '/usr/local/lib/python312.zip', '/usr/local/lib/python3.12', '/usr/local/lib/python3.12/lib-dynload', '/home/airflow/.local/lib/python3.12/site-packages', '/opt/airflow/config', '/opt/airflow/plugins', '/opt/airflow/dags', '/opt/airflow/include/dags']
[2025-09-03T17:43:01.474+0000] {logging_mixin.py:190} INFO - DAGs path exists: False
[2025-09-03T17:43:01.475+0000] {logging_mixin.py:190} INFO - db_utils.py exists: False
[2025-09-03T17:43:01.552+0000] {logging_mixin.py:190} INFO - Successfully imported PySpark modules
[2025-09-03T17:43:01.553+0000] {logging_mixin.py:190} INFO - Successfully imported db_utils
[2025-09-03T17:43:01.554+0000] {logging_mixin.py:190} INFO - Successfully imported functions from hanger_line_transform.py
[2025-09-03T17:43:01.585+0000] {logging_mixin.py:190} WARNING - /opt/airflow/dags/create_target_pg_hl_table.py:65 SAWarning: Table 'opd_date_shift' specifies columns 'id' as primary_key=True, not matching locally specified columns 'ODP_Date', 'Shift', 'source_connection'; setting the current primary key columns to 'ODP_Date', 'Shift', 'source_connection'. This warning may become an exception in a future release
[2025-09-03T17:43:01.588+0000] {logging_mixin.py:190} WARNING - /opt/airflow/dags/create_target_pg_hl_table.py:80 SAWarning: Table 'opd_date_oc' specifies columns 'id' as primary_key=True, not matching locally specified columns 'ODP_Date', 'OC_Description', 'source_connection'; setting the current primary key columns to 'ODP_Date', 'OC_Description', 'source_connection'. This warning may become an exception in a future release
[2025-09-03T17:43:01.590+0000] {logging_mixin.py:190} WARNING - /opt/airflow/dags/create_target_pg_hl_table.py:95 SAWarning: Table 'opd_date_employee' specifies columns 'id' as primary_key=True, not matching locally specified columns 'ODP_Date', 'ODP_EM_Key', 'source_connection'; setting the current primary key columns to 'ODP_Date', 'ODP_EM_Key', 'source_connection'. This warning may become an exception in a future release
[2025-09-03T17:43:01.594+0000] {processor.py:925} INFO - DAG(s) 'etl_ssg_hanger_lines' retrieved from /opt/airflow/dags/hanger_lane.py
[2025-09-03T17:43:01.619+0000] {logging_mixin.py:190} INFO - [2025-09-03T17:43:01.618+0000] {dag.py:3239} INFO - Sync 1 DAGs
[2025-09-03T17:43:01.661+0000] {logging_mixin.py:190} INFO - [2025-09-03T17:43:01.660+0000] {dag.py:4180} INFO - Setting next_dagrun for etl_ssg_hanger_lines to 2025-09-03 17:00:00+00:00, run_after=2025-09-03 17:30:00+00:00
[2025-09-03T17:43:01.690+0000] {processor.py:208} INFO - Processing /opt/airflow/dags/hanger_lane.py took 0.253 seconds
[2025-09-03T17:43:32.379+0000] {processor.py:186} INFO - Started process (PID=1266) to work on /opt/airflow/dags/hanger_lane.py
[2025-09-03T17:43:32.380+0000] {processor.py:914} INFO - Processing file /opt/airflow/dags/hanger_lane.py for tasks to queue
[2025-09-03T17:43:32.383+0000] {logging_mixin.py:190} INFO - [2025-09-03T17:43:32.383+0000] {dagbag.py:588} INFO - Filling up the DagBag from /opt/airflow/dags/hanger_lane.py
[2025-09-03T17:43:32.403+0000] {logging_mixin.py:190} INFO - Python path: ['/home/airflow/.local/bin', '/opt/airflow', '/opt/airflow/include', '/usr/local/lib/python312.zip', '/usr/local/lib/python3.12', '/usr/local/lib/python3.12/lib-dynload', '/home/airflow/.local/lib/python3.12/site-packages', '/opt/airflow/config', '/opt/airflow/plugins', '/opt/airflow/dags', '/opt/airflow/include/dags']
[2025-09-03T17:43:32.404+0000] {logging_mixin.py:190} INFO - DAGs path exists: False
[2025-09-03T17:43:32.404+0000] {logging_mixin.py:190} INFO - db_utils.py exists: False
[2025-09-03T17:43:32.459+0000] {logging_mixin.py:190} INFO - Successfully imported PySpark modules
[2025-09-03T17:43:32.461+0000] {logging_mixin.py:190} INFO - Successfully imported db_utils
[2025-09-03T17:43:32.461+0000] {logging_mixin.py:190} INFO - Successfully imported functions from hanger_line_transform.py
[2025-09-03T17:43:32.479+0000] {logging_mixin.py:190} WARNING - /opt/airflow/dags/create_target_pg_hl_table.py:65 SAWarning: Table 'opd_date_shift' specifies columns 'id' as primary_key=True, not matching locally specified columns 'ODP_Date', 'Shift', 'source_connection'; setting the current primary key columns to 'ODP_Date', 'Shift', 'source_connection'. This warning may become an exception in a future release
[2025-09-03T17:43:32.480+0000] {logging_mixin.py:190} WARNING - /opt/airflow/dags/create_target_pg_hl_table.py:80 SAWarning: Table 'opd_date_oc' specifies columns 'id' as primary_key=True, not matching locally specified columns 'ODP_Date', 'OC_Description', 'source_connection'; setting the current primary key columns to 'ODP_Date', 'OC_Description', 'source_connection'. This warning may become an exception in a future release
[2025-09-03T17:43:32.481+0000] {logging_mixin.py:190} WARNING - /opt/airflow/dags/create_target_pg_hl_table.py:95 SAWarning: Table 'opd_date_employee' specifies columns 'id' as primary_key=True, not matching locally specified columns 'ODP_Date', 'ODP_EM_Key', 'source_connection'; setting the current primary key columns to 'ODP_Date', 'ODP_EM_Key', 'source_connection'. This warning may become an exception in a future release
[2025-09-03T17:43:32.485+0000] {processor.py:925} INFO - DAG(s) 'etl_ssg_hanger_lines' retrieved from /opt/airflow/dags/hanger_lane.py
[2025-09-03T17:43:32.497+0000] {logging_mixin.py:190} INFO - [2025-09-03T17:43:32.497+0000] {dag.py:3239} INFO - Sync 1 DAGs
[2025-09-03T17:43:32.518+0000] {logging_mixin.py:190} INFO - [2025-09-03T17:43:32.518+0000] {dag.py:4180} INFO - Setting next_dagrun for etl_ssg_hanger_lines to 2025-09-03 17:00:00+00:00, run_after=2025-09-03 17:30:00+00:00
[2025-09-03T17:43:32.538+0000] {processor.py:208} INFO - Processing /opt/airflow/dags/hanger_lane.py took 0.166 seconds
[2025-09-03T17:44:03.119+0000] {processor.py:186} INFO - Started process (PID=1373) to work on /opt/airflow/dags/hanger_lane.py
[2025-09-03T17:44:03.120+0000] {processor.py:914} INFO - Processing file /opt/airflow/dags/hanger_lane.py for tasks to queue
[2025-09-03T17:44:03.123+0000] {logging_mixin.py:190} INFO - [2025-09-03T17:44:03.123+0000] {dagbag.py:588} INFO - Filling up the DagBag from /opt/airflow/dags/hanger_lane.py
[2025-09-03T17:44:03.139+0000] {logging_mixin.py:190} INFO - Python path: ['/home/airflow/.local/bin', '/opt/airflow', '/opt/airflow/include', '/usr/local/lib/python312.zip', '/usr/local/lib/python3.12', '/usr/local/lib/python3.12/lib-dynload', '/home/airflow/.local/lib/python3.12/site-packages', '/opt/airflow/config', '/opt/airflow/plugins', '/opt/airflow/dags', '/opt/airflow/include/dags']
[2025-09-03T17:44:03.139+0000] {logging_mixin.py:190} INFO - DAGs path exists: False
[2025-09-03T17:44:03.140+0000] {logging_mixin.py:190} INFO - db_utils.py exists: False
[2025-09-03T17:44:03.188+0000] {logging_mixin.py:190} INFO - Successfully imported PySpark modules
[2025-09-03T17:44:03.190+0000] {logging_mixin.py:190} INFO - Successfully imported db_utils
[2025-09-03T17:44:03.190+0000] {logging_mixin.py:190} INFO - Successfully imported functions from hanger_line_transform.py
[2025-09-03T17:44:03.201+0000] {logging_mixin.py:190} WARNING - /opt/airflow/dags/create_target_pg_hl_table.py:65 SAWarning: Table 'opd_date_shift' specifies columns 'id' as primary_key=True, not matching locally specified columns 'ODP_Date', 'Shift', 'source_connection'; setting the current primary key columns to 'ODP_Date', 'Shift', 'source_connection'. This warning may become an exception in a future release
[2025-09-03T17:44:03.202+0000] {logging_mixin.py:190} WARNING - /opt/airflow/dags/create_target_pg_hl_table.py:80 SAWarning: Table 'opd_date_oc' specifies columns 'id' as primary_key=True, not matching locally specified columns 'ODP_Date', 'OC_Description', 'source_connection'; setting the current primary key columns to 'ODP_Date', 'OC_Description', 'source_connection'. This warning may become an exception in a future release
[2025-09-03T17:44:03.203+0000] {logging_mixin.py:190} WARNING - /opt/airflow/dags/create_target_pg_hl_table.py:95 SAWarning: Table 'opd_date_employee' specifies columns 'id' as primary_key=True, not matching locally specified columns 'ODP_Date', 'ODP_EM_Key', 'source_connection'; setting the current primary key columns to 'ODP_Date', 'ODP_EM_Key', 'source_connection'. This warning may become an exception in a future release
[2025-09-03T17:44:03.205+0000] {processor.py:925} INFO - DAG(s) 'etl_ssg_hanger_lines' retrieved from /opt/airflow/dags/hanger_lane.py
[2025-09-03T17:44:03.220+0000] {logging_mixin.py:190} INFO - [2025-09-03T17:44:03.220+0000] {dag.py:3239} INFO - Sync 1 DAGs
[2025-09-03T17:44:03.246+0000] {logging_mixin.py:190} INFO - [2025-09-03T17:44:03.246+0000] {dag.py:4180} INFO - Setting next_dagrun for etl_ssg_hanger_lines to 2025-09-03 17:00:00+00:00, run_after=2025-09-03 17:30:00+00:00
[2025-09-03T17:44:03.266+0000] {processor.py:208} INFO - Processing /opt/airflow/dags/hanger_lane.py took 0.154 seconds
[2025-09-03T17:44:33.767+0000] {processor.py:186} INFO - Started process (PID=1480) to work on /opt/airflow/dags/hanger_lane.py
[2025-09-03T17:44:33.768+0000] {processor.py:914} INFO - Processing file /opt/airflow/dags/hanger_lane.py for tasks to queue
[2025-09-03T17:44:33.771+0000] {logging_mixin.py:190} INFO - [2025-09-03T17:44:33.770+0000] {dagbag.py:588} INFO - Filling up the DagBag from /opt/airflow/dags/hanger_lane.py
[2025-09-03T17:44:33.794+0000] {logging_mixin.py:190} INFO - Python path: ['/home/airflow/.local/bin', '/opt/airflow', '/opt/airflow/include', '/usr/local/lib/python312.zip', '/usr/local/lib/python3.12', '/usr/local/lib/python3.12/lib-dynload', '/home/airflow/.local/lib/python3.12/site-packages', '/opt/airflow/config', '/opt/airflow/plugins', '/opt/airflow/dags', '/opt/airflow/include/dags']
[2025-09-03T17:44:33.795+0000] {logging_mixin.py:190} INFO - DAGs path exists: False
[2025-09-03T17:44:33.795+0000] {logging_mixin.py:190} INFO - db_utils.py exists: False
[2025-09-03T17:44:33.852+0000] {logging_mixin.py:190} INFO - Successfully imported PySpark modules
[2025-09-03T17:44:33.853+0000] {logging_mixin.py:190} INFO - Successfully imported db_utils
[2025-09-03T17:44:33.853+0000] {logging_mixin.py:190} INFO - Successfully imported functions from hanger_line_transform.py
[2025-09-03T17:44:33.865+0000] {logging_mixin.py:190} WARNING - /opt/airflow/dags/create_target_pg_hl_table.py:65 SAWarning: Table 'opd_date_shift' specifies columns 'id' as primary_key=True, not matching locally specified columns 'ODP_Date', 'Shift', 'source_connection'; setting the current primary key columns to 'ODP_Date', 'Shift', 'source_connection'. This warning may become an exception in a future release
[2025-09-03T17:44:33.866+0000] {logging_mixin.py:190} WARNING - /opt/airflow/dags/create_target_pg_hl_table.py:80 SAWarning: Table 'opd_date_oc' specifies columns 'id' as primary_key=True, not matching locally specified columns 'ODP_Date', 'OC_Description', 'source_connection'; setting the current primary key columns to 'ODP_Date', 'OC_Description', 'source_connection'. This warning may become an exception in a future release
[2025-09-03T17:44:33.867+0000] {logging_mixin.py:190} WARNING - /opt/airflow/dags/create_target_pg_hl_table.py:95 SAWarning: Table 'opd_date_employee' specifies columns 'id' as primary_key=True, not matching locally specified columns 'ODP_Date', 'ODP_EM_Key', 'source_connection'; setting the current primary key columns to 'ODP_Date', 'ODP_EM_Key', 'source_connection'. This warning may become an exception in a future release
[2025-09-03T17:44:33.869+0000] {processor.py:925} INFO - DAG(s) 'etl_ssg_hanger_lines' retrieved from /opt/airflow/dags/hanger_lane.py
[2025-09-03T17:44:33.882+0000] {logging_mixin.py:190} INFO - [2025-09-03T17:44:33.881+0000] {dag.py:3239} INFO - Sync 1 DAGs
[2025-09-03T17:44:33.912+0000] {logging_mixin.py:190} INFO - [2025-09-03T17:44:33.912+0000] {dag.py:4180} INFO - Setting next_dagrun for etl_ssg_hanger_lines to 2025-09-03 17:00:00+00:00, run_after=2025-09-03 17:30:00+00:00
[2025-09-03T17:44:33.938+0000] {processor.py:208} INFO - Processing /opt/airflow/dags/hanger_lane.py took 0.178 seconds
[2025-09-03T17:45:04.427+0000] {processor.py:186} INFO - Started process (PID=1587) to work on /opt/airflow/dags/hanger_lane.py
[2025-09-03T17:45:04.429+0000] {processor.py:914} INFO - Processing file /opt/airflow/dags/hanger_lane.py for tasks to queue
[2025-09-03T17:45:04.433+0000] {logging_mixin.py:190} INFO - [2025-09-03T17:45:04.433+0000] {dagbag.py:588} INFO - Filling up the DagBag from /opt/airflow/dags/hanger_lane.py
[2025-09-03T17:45:04.453+0000] {logging_mixin.py:190} INFO - Python path: ['/home/airflow/.local/bin', '/opt/airflow', '/opt/airflow/include', '/usr/local/lib/python312.zip', '/usr/local/lib/python3.12', '/usr/local/lib/python3.12/lib-dynload', '/home/airflow/.local/lib/python3.12/site-packages', '/opt/airflow/config', '/opt/airflow/plugins', '/opt/airflow/dags', '/opt/airflow/include/dags']
[2025-09-03T17:45:04.453+0000] {logging_mixin.py:190} INFO - DAGs path exists: False
[2025-09-03T17:45:04.454+0000] {logging_mixin.py:190} INFO - db_utils.py exists: False
[2025-09-03T17:45:04.513+0000] {logging_mixin.py:190} INFO - Successfully imported PySpark modules
[2025-09-03T17:45:04.514+0000] {logging_mixin.py:190} INFO - Successfully imported db_utils
[2025-09-03T17:45:04.514+0000] {logging_mixin.py:190} INFO - Successfully imported functions from hanger_line_transform.py
[2025-09-03T17:45:04.528+0000] {logging_mixin.py:190} WARNING - /opt/airflow/dags/create_target_pg_hl_table.py:65 SAWarning: Table 'opd_date_shift' specifies columns 'id' as primary_key=True, not matching locally specified columns 'ODP_Date', 'Shift', 'source_connection'; setting the current primary key columns to 'ODP_Date', 'Shift', 'source_connection'. This warning may become an exception in a future release
[2025-09-03T17:45:04.529+0000] {logging_mixin.py:190} WARNING - /opt/airflow/dags/create_target_pg_hl_table.py:80 SAWarning: Table 'opd_date_oc' specifies columns 'id' as primary_key=True, not matching locally specified columns 'ODP_Date', 'OC_Description', 'source_connection'; setting the current primary key columns to 'ODP_Date', 'OC_Description', 'source_connection'. This warning may become an exception in a future release
[2025-09-03T17:45:04.530+0000] {logging_mixin.py:190} WARNING - /opt/airflow/dags/create_target_pg_hl_table.py:95 SAWarning: Table 'opd_date_employee' specifies columns 'id' as primary_key=True, not matching locally specified columns 'ODP_Date', 'ODP_EM_Key', 'source_connection'; setting the current primary key columns to 'ODP_Date', 'ODP_EM_Key', 'source_connection'. This warning may become an exception in a future release
[2025-09-03T17:45:04.532+0000] {processor.py:925} INFO - DAG(s) 'etl_ssg_hanger_lines' retrieved from /opt/airflow/dags/hanger_lane.py
[2025-09-03T17:45:04.549+0000] {logging_mixin.py:190} INFO - [2025-09-03T17:45:04.549+0000] {dag.py:3239} INFO - Sync 1 DAGs
[2025-09-03T17:45:04.578+0000] {logging_mixin.py:190} INFO - [2025-09-03T17:45:04.578+0000] {dag.py:4180} INFO - Setting next_dagrun for etl_ssg_hanger_lines to 2025-09-03 17:00:00+00:00, run_after=2025-09-03 17:30:00+00:00
[2025-09-03T17:45:04.595+0000] {processor.py:208} INFO - Processing /opt/airflow/dags/hanger_lane.py took 0.174 seconds
[2025-09-03T17:45:34.912+0000] {processor.py:186} INFO - Started process (PID=1694) to work on /opt/airflow/dags/hanger_lane.py
[2025-09-03T17:45:34.913+0000] {processor.py:914} INFO - Processing file /opt/airflow/dags/hanger_lane.py for tasks to queue
[2025-09-03T17:45:34.917+0000] {logging_mixin.py:190} INFO - [2025-09-03T17:45:34.917+0000] {dagbag.py:588} INFO - Filling up the DagBag from /opt/airflow/dags/hanger_lane.py
[2025-09-03T17:45:34.943+0000] {logging_mixin.py:190} INFO - Python path: ['/home/airflow/.local/bin', '/opt/airflow', '/opt/airflow/include', '/usr/local/lib/python312.zip', '/usr/local/lib/python3.12', '/usr/local/lib/python3.12/lib-dynload', '/home/airflow/.local/lib/python3.12/site-packages', '/opt/airflow/config', '/opt/airflow/plugins', '/opt/airflow/dags', '/opt/airflow/include/dags']
[2025-09-03T17:45:34.944+0000] {logging_mixin.py:190} INFO - DAGs path exists: False
[2025-09-03T17:45:34.945+0000] {logging_mixin.py:190} INFO - db_utils.py exists: False
[2025-09-03T17:45:35.002+0000] {logging_mixin.py:190} INFO - Successfully imported PySpark modules
[2025-09-03T17:45:35.004+0000] {logging_mixin.py:190} INFO - Successfully imported db_utils
[2025-09-03T17:45:35.005+0000] {logging_mixin.py:190} INFO - Successfully imported functions from hanger_line_transform.py
[2025-09-03T17:45:35.022+0000] {logging_mixin.py:190} WARNING - /opt/airflow/dags/create_target_pg_hl_table.py:65 SAWarning: Table 'opd_date_shift' specifies columns 'id' as primary_key=True, not matching locally specified columns 'ODP_Date', 'Shift', 'source_connection'; setting the current primary key columns to 'ODP_Date', 'Shift', 'source_connection'. This warning may become an exception in a future release
[2025-09-03T17:45:35.023+0000] {logging_mixin.py:190} WARNING - /opt/airflow/dags/create_target_pg_hl_table.py:80 SAWarning: Table 'opd_date_oc' specifies columns 'id' as primary_key=True, not matching locally specified columns 'ODP_Date', 'OC_Description', 'source_connection'; setting the current primary key columns to 'ODP_Date', 'OC_Description', 'source_connection'. This warning may become an exception in a future release
[2025-09-03T17:45:35.023+0000] {logging_mixin.py:190} WARNING - /opt/airflow/dags/create_target_pg_hl_table.py:95 SAWarning: Table 'opd_date_employee' specifies columns 'id' as primary_key=True, not matching locally specified columns 'ODP_Date', 'ODP_EM_Key', 'source_connection'; setting the current primary key columns to 'ODP_Date', 'ODP_EM_Key', 'source_connection'. This warning may become an exception in a future release
[2025-09-03T17:45:35.025+0000] {processor.py:925} INFO - DAG(s) 'etl_ssg_hanger_lines' retrieved from /opt/airflow/dags/hanger_lane.py
[2025-09-03T17:45:35.040+0000] {logging_mixin.py:190} INFO - [2025-09-03T17:45:35.040+0000] {dag.py:3239} INFO - Sync 1 DAGs
[2025-09-03T17:45:35.072+0000] {logging_mixin.py:190} INFO - [2025-09-03T17:45:35.071+0000] {dag.py:4180} INFO - Setting next_dagrun for etl_ssg_hanger_lines to 2025-09-03 17:00:00+00:00, run_after=2025-09-03 17:30:00+00:00
[2025-09-03T17:45:35.094+0000] {processor.py:208} INFO - Processing /opt/airflow/dags/hanger_lane.py took 0.191 seconds
[2025-09-03T17:46:05.638+0000] {processor.py:186} INFO - Started process (PID=1801) to work on /opt/airflow/dags/hanger_lane.py
[2025-09-03T17:46:05.640+0000] {processor.py:914} INFO - Processing file /opt/airflow/dags/hanger_lane.py for tasks to queue
[2025-09-03T17:46:05.643+0000] {logging_mixin.py:190} INFO - [2025-09-03T17:46:05.643+0000] {dagbag.py:588} INFO - Filling up the DagBag from /opt/airflow/dags/hanger_lane.py
[2025-09-03T17:46:05.663+0000] {logging_mixin.py:190} INFO - Python path: ['/home/airflow/.local/bin', '/opt/airflow', '/opt/airflow/include', '/usr/local/lib/python312.zip', '/usr/local/lib/python3.12', '/usr/local/lib/python3.12/lib-dynload', '/home/airflow/.local/lib/python3.12/site-packages', '/opt/airflow/config', '/opt/airflow/plugins', '/opt/airflow/dags', '/opt/airflow/include/dags']
[2025-09-03T17:46:05.663+0000] {logging_mixin.py:190} INFO - DAGs path exists: False
[2025-09-03T17:46:05.663+0000] {logging_mixin.py:190} INFO - db_utils.py exists: False
[2025-09-03T17:46:05.711+0000] {logging_mixin.py:190} INFO - Successfully imported PySpark modules
[2025-09-03T17:46:05.712+0000] {logging_mixin.py:190} INFO - Successfully imported db_utils
[2025-09-03T17:46:05.712+0000] {logging_mixin.py:190} INFO - Successfully imported functions from hanger_line_transform.py
[2025-09-03T17:46:05.724+0000] {logging_mixin.py:190} WARNING - /opt/airflow/dags/create_target_pg_hl_table.py:65 SAWarning: Table 'opd_date_shift' specifies columns 'id' as primary_key=True, not matching locally specified columns 'ODP_Date', 'Shift', 'source_connection'; setting the current primary key columns to 'ODP_Date', 'Shift', 'source_connection'. This warning may become an exception in a future release
[2025-09-03T17:46:05.725+0000] {logging_mixin.py:190} WARNING - /opt/airflow/dags/create_target_pg_hl_table.py:80 SAWarning: Table 'opd_date_oc' specifies columns 'id' as primary_key=True, not matching locally specified columns 'ODP_Date', 'OC_Description', 'source_connection'; setting the current primary key columns to 'ODP_Date', 'OC_Description', 'source_connection'. This warning may become an exception in a future release
[2025-09-03T17:46:05.725+0000] {logging_mixin.py:190} WARNING - /opt/airflow/dags/create_target_pg_hl_table.py:95 SAWarning: Table 'opd_date_employee' specifies columns 'id' as primary_key=True, not matching locally specified columns 'ODP_Date', 'ODP_EM_Key', 'source_connection'; setting the current primary key columns to 'ODP_Date', 'ODP_EM_Key', 'source_connection'. This warning may become an exception in a future release
[2025-09-03T17:46:05.727+0000] {processor.py:925} INFO - DAG(s) 'etl_ssg_hanger_lines' retrieved from /opt/airflow/dags/hanger_lane.py
[2025-09-03T17:46:05.740+0000] {logging_mixin.py:190} INFO - [2025-09-03T17:46:05.740+0000] {dag.py:3239} INFO - Sync 1 DAGs
[2025-09-03T17:46:05.776+0000] {logging_mixin.py:190} INFO - [2025-09-03T17:46:05.776+0000] {dag.py:4180} INFO - Setting next_dagrun for etl_ssg_hanger_lines to 2025-09-03 17:00:00+00:00, run_after=2025-09-03 17:30:00+00:00
[2025-09-03T17:46:05.800+0000] {processor.py:208} INFO - Processing /opt/airflow/dags/hanger_lane.py took 0.168 seconds
[2025-09-03T17:46:36.346+0000] {processor.py:186} INFO - Started process (PID=1908) to work on /opt/airflow/dags/hanger_lane.py
[2025-09-03T17:46:36.347+0000] {processor.py:914} INFO - Processing file /opt/airflow/dags/hanger_lane.py for tasks to queue
[2025-09-03T17:46:36.350+0000] {logging_mixin.py:190} INFO - [2025-09-03T17:46:36.350+0000] {dagbag.py:588} INFO - Filling up the DagBag from /opt/airflow/dags/hanger_lane.py
[2025-09-03T17:46:36.373+0000] {logging_mixin.py:190} INFO - Python path: ['/home/airflow/.local/bin', '/opt/airflow', '/opt/airflow/include', '/usr/local/lib/python312.zip', '/usr/local/lib/python3.12', '/usr/local/lib/python3.12/lib-dynload', '/home/airflow/.local/lib/python3.12/site-packages', '/opt/airflow/config', '/opt/airflow/plugins', '/opt/airflow/dags', '/opt/airflow/include/dags']
[2025-09-03T17:46:36.373+0000] {logging_mixin.py:190} INFO - DAGs path exists: False
[2025-09-03T17:46:36.374+0000] {logging_mixin.py:190} INFO - db_utils.py exists: False
[2025-09-03T17:46:36.425+0000] {logging_mixin.py:190} INFO - Successfully imported PySpark modules
[2025-09-03T17:46:36.426+0000] {logging_mixin.py:190} INFO - Successfully imported db_utils
[2025-09-03T17:46:36.426+0000] {logging_mixin.py:190} INFO - Successfully imported functions from hanger_line_transform.py
[2025-09-03T17:46:36.438+0000] {logging_mixin.py:190} WARNING - /opt/airflow/dags/create_target_pg_hl_table.py:65 SAWarning: Table 'opd_date_shift' specifies columns 'id' as primary_key=True, not matching locally specified columns 'ODP_Date', 'Shift', 'source_connection'; setting the current primary key columns to 'ODP_Date', 'Shift', 'source_connection'. This warning may become an exception in a future release
[2025-09-03T17:46:36.439+0000] {logging_mixin.py:190} WARNING - /opt/airflow/dags/create_target_pg_hl_table.py:80 SAWarning: Table 'opd_date_oc' specifies columns 'id' as primary_key=True, not matching locally specified columns 'ODP_Date', 'OC_Description', 'source_connection'; setting the current primary key columns to 'ODP_Date', 'OC_Description', 'source_connection'. This warning may become an exception in a future release
[2025-09-03T17:46:36.440+0000] {logging_mixin.py:190} WARNING - /opt/airflow/dags/create_target_pg_hl_table.py:95 SAWarning: Table 'opd_date_employee' specifies columns 'id' as primary_key=True, not matching locally specified columns 'ODP_Date', 'ODP_EM_Key', 'source_connection'; setting the current primary key columns to 'ODP_Date', 'ODP_EM_Key', 'source_connection'. This warning may become an exception in a future release
[2025-09-03T17:46:36.442+0000] {processor.py:925} INFO - DAG(s) 'etl_ssg_hanger_lines' retrieved from /opt/airflow/dags/hanger_lane.py
[2025-09-03T17:46:36.453+0000] {logging_mixin.py:190} INFO - [2025-09-03T17:46:36.453+0000] {dag.py:3239} INFO - Sync 1 DAGs
[2025-09-03T17:46:36.473+0000] {logging_mixin.py:190} INFO - [2025-09-03T17:46:36.473+0000] {dag.py:4180} INFO - Setting next_dagrun for etl_ssg_hanger_lines to 2025-09-03 17:00:00+00:00, run_after=2025-09-03 17:30:00+00:00
[2025-09-03T17:46:36.496+0000] {processor.py:208} INFO - Processing /opt/airflow/dags/hanger_lane.py took 0.158 seconds
[2025-09-03T17:47:06.916+0000] {processor.py:186} INFO - Started process (PID=2015) to work on /opt/airflow/dags/hanger_lane.py
[2025-09-03T17:47:06.917+0000] {processor.py:914} INFO - Processing file /opt/airflow/dags/hanger_lane.py for tasks to queue
[2025-09-03T17:47:06.921+0000] {logging_mixin.py:190} INFO - [2025-09-03T17:47:06.920+0000] {dagbag.py:588} INFO - Filling up the DagBag from /opt/airflow/dags/hanger_lane.py
[2025-09-03T17:47:06.950+0000] {logging_mixin.py:190} INFO - Python path: ['/home/airflow/.local/bin', '/opt/airflow', '/opt/airflow/include', '/usr/local/lib/python312.zip', '/usr/local/lib/python3.12', '/usr/local/lib/python3.12/lib-dynload', '/home/airflow/.local/lib/python3.12/site-packages', '/opt/airflow/config', '/opt/airflow/plugins', '/opt/airflow/dags', '/opt/airflow/include/dags']
[2025-09-03T17:47:06.950+0000] {logging_mixin.py:190} INFO - DAGs path exists: False
[2025-09-03T17:47:06.951+0000] {logging_mixin.py:190} INFO - db_utils.py exists: False
[2025-09-03T17:47:07.007+0000] {logging_mixin.py:190} INFO - Successfully imported PySpark modules
[2025-09-03T17:47:07.008+0000] {logging_mixin.py:190} INFO - Successfully imported db_utils
[2025-09-03T17:47:07.008+0000] {logging_mixin.py:190} INFO - Successfully imported functions from hanger_line_transform.py
[2025-09-03T17:47:07.023+0000] {logging_mixin.py:190} WARNING - /opt/airflow/dags/create_target_pg_hl_table.py:65 SAWarning: Table 'opd_date_shift' specifies columns 'id' as primary_key=True, not matching locally specified columns 'ODP_Date', 'Shift', 'source_connection'; setting the current primary key columns to 'ODP_Date', 'Shift', 'source_connection'. This warning may become an exception in a future release
[2025-09-03T17:47:07.024+0000] {logging_mixin.py:190} WARNING - /opt/airflow/dags/create_target_pg_hl_table.py:80 SAWarning: Table 'opd_date_oc' specifies columns 'id' as primary_key=True, not matching locally specified columns 'ODP_Date', 'OC_Description', 'source_connection'; setting the current primary key columns to 'ODP_Date', 'OC_Description', 'source_connection'. This warning may become an exception in a future release
[2025-09-03T17:47:07.025+0000] {logging_mixin.py:190} WARNING - /opt/airflow/dags/create_target_pg_hl_table.py:95 SAWarning: Table 'opd_date_employee' specifies columns 'id' as primary_key=True, not matching locally specified columns 'ODP_Date', 'ODP_EM_Key', 'source_connection'; setting the current primary key columns to 'ODP_Date', 'ODP_EM_Key', 'source_connection'. This warning may become an exception in a future release
[2025-09-03T17:47:07.027+0000] {processor.py:925} INFO - DAG(s) 'etl_ssg_hanger_lines' retrieved from /opt/airflow/dags/hanger_lane.py
[2025-09-03T17:47:07.041+0000] {logging_mixin.py:190} INFO - [2025-09-03T17:47:07.041+0000] {dag.py:3239} INFO - Sync 1 DAGs
[2025-09-03T17:47:07.072+0000] {logging_mixin.py:190} INFO - [2025-09-03T17:47:07.072+0000] {dag.py:4180} INFO - Setting next_dagrun for etl_ssg_hanger_lines to 2025-09-03 17:00:00+00:00, run_after=2025-09-03 17:30:00+00:00
[2025-09-03T17:47:07.100+0000] {processor.py:208} INFO - Processing /opt/airflow/dags/hanger_lane.py took 0.191 seconds
[2025-09-03T17:47:37.711+0000] {processor.py:186} INFO - Started process (PID=2122) to work on /opt/airflow/dags/hanger_lane.py
[2025-09-03T17:47:37.713+0000] {processor.py:914} INFO - Processing file /opt/airflow/dags/hanger_lane.py for tasks to queue
[2025-09-03T17:47:37.718+0000] {logging_mixin.py:190} INFO - [2025-09-03T17:47:37.717+0000] {dagbag.py:588} INFO - Filling up the DagBag from /opt/airflow/dags/hanger_lane.py
[2025-09-03T17:47:37.745+0000] {logging_mixin.py:190} INFO - Python path: ['/home/airflow/.local/bin', '/opt/airflow', '/opt/airflow/include', '/usr/local/lib/python312.zip', '/usr/local/lib/python3.12', '/usr/local/lib/python3.12/lib-dynload', '/home/airflow/.local/lib/python3.12/site-packages', '/opt/airflow/config', '/opt/airflow/plugins', '/opt/airflow/dags', '/opt/airflow/include/dags']
[2025-09-03T17:47:37.745+0000] {logging_mixin.py:190} INFO - DAGs path exists: False
[2025-09-03T17:47:37.745+0000] {logging_mixin.py:190} INFO - db_utils.py exists: False
[2025-09-03T17:47:37.801+0000] {logging_mixin.py:190} INFO - Successfully imported PySpark modules
[2025-09-03T17:47:37.802+0000] {logging_mixin.py:190} INFO - Successfully imported db_utils
[2025-09-03T17:47:37.802+0000] {logging_mixin.py:190} INFO - Successfully imported functions from hanger_line_transform.py
[2025-09-03T17:47:37.818+0000] {logging_mixin.py:190} WARNING - /opt/airflow/dags/create_target_pg_hl_table.py:65 SAWarning: Table 'opd_date_shift' specifies columns 'id' as primary_key=True, not matching locally specified columns 'ODP_Date', 'Shift', 'source_connection'; setting the current primary key columns to 'ODP_Date', 'Shift', 'source_connection'. This warning may become an exception in a future release
[2025-09-03T17:47:37.819+0000] {logging_mixin.py:190} WARNING - /opt/airflow/dags/create_target_pg_hl_table.py:80 SAWarning: Table 'opd_date_oc' specifies columns 'id' as primary_key=True, not matching locally specified columns 'ODP_Date', 'OC_Description', 'source_connection'; setting the current primary key columns to 'ODP_Date', 'OC_Description', 'source_connection'. This warning may become an exception in a future release
[2025-09-03T17:47:37.821+0000] {logging_mixin.py:190} WARNING - /opt/airflow/dags/create_target_pg_hl_table.py:95 SAWarning: Table 'opd_date_employee' specifies columns 'id' as primary_key=True, not matching locally specified columns 'ODP_Date', 'ODP_EM_Key', 'source_connection'; setting the current primary key columns to 'ODP_Date', 'ODP_EM_Key', 'source_connection'. This warning may become an exception in a future release
[2025-09-03T17:47:37.825+0000] {processor.py:925} INFO - DAG(s) 'etl_ssg_hanger_lines' retrieved from /opt/airflow/dags/hanger_lane.py
[2025-09-03T17:47:37.843+0000] {logging_mixin.py:190} INFO - [2025-09-03T17:47:37.843+0000] {dag.py:3239} INFO - Sync 1 DAGs
[2025-09-03T17:47:37.880+0000] {logging_mixin.py:190} INFO - [2025-09-03T17:47:37.880+0000] {dag.py:4180} INFO - Setting next_dagrun for etl_ssg_hanger_lines to 2025-09-03 17:00:00+00:00, run_after=2025-09-03 17:30:00+00:00
[2025-09-03T17:47:37.903+0000] {processor.py:208} INFO - Processing /opt/airflow/dags/hanger_lane.py took 0.197 seconds
[2025-09-03T17:48:08.415+0000] {processor.py:186} INFO - Started process (PID=2229) to work on /opt/airflow/dags/hanger_lane.py
[2025-09-03T17:48:08.417+0000] {processor.py:914} INFO - Processing file /opt/airflow/dags/hanger_lane.py for tasks to queue
[2025-09-03T17:48:08.420+0000] {logging_mixin.py:190} INFO - [2025-09-03T17:48:08.420+0000] {dagbag.py:588} INFO - Filling up the DagBag from /opt/airflow/dags/hanger_lane.py
[2025-09-03T17:48:08.443+0000] {logging_mixin.py:190} INFO - Python path: ['/home/airflow/.local/bin', '/opt/airflow', '/opt/airflow/include', '/usr/local/lib/python312.zip', '/usr/local/lib/python3.12', '/usr/local/lib/python3.12/lib-dynload', '/home/airflow/.local/lib/python3.12/site-packages', '/opt/airflow/config', '/opt/airflow/plugins', '/opt/airflow/dags', '/opt/airflow/include/dags']
[2025-09-03T17:48:08.444+0000] {logging_mixin.py:190} INFO - DAGs path exists: False
[2025-09-03T17:48:08.445+0000] {logging_mixin.py:190} INFO - db_utils.py exists: False
[2025-09-03T17:48:08.523+0000] {logging_mixin.py:190} INFO - Successfully imported PySpark modules
[2025-09-03T17:48:08.524+0000] {logging_mixin.py:190} INFO - Successfully imported db_utils
[2025-09-03T17:48:08.524+0000] {logging_mixin.py:190} INFO - Successfully imported functions from hanger_line_transform.py
[2025-09-03T17:48:08.543+0000] {logging_mixin.py:190} WARNING - /opt/airflow/dags/create_target_pg_hl_table.py:65 SAWarning: Table 'opd_date_shift' specifies columns 'id' as primary_key=True, not matching locally specified columns 'ODP_Date', 'Shift', 'source_connection'; setting the current primary key columns to 'ODP_Date', 'Shift', 'source_connection'. This warning may become an exception in a future release
[2025-09-03T17:48:08.544+0000] {logging_mixin.py:190} WARNING - /opt/airflow/dags/create_target_pg_hl_table.py:80 SAWarning: Table 'opd_date_oc' specifies columns 'id' as primary_key=True, not matching locally specified columns 'ODP_Date', 'OC_Description', 'source_connection'; setting the current primary key columns to 'ODP_Date', 'OC_Description', 'source_connection'. This warning may become an exception in a future release
[2025-09-03T17:48:08.545+0000] {logging_mixin.py:190} WARNING - /opt/airflow/dags/create_target_pg_hl_table.py:95 SAWarning: Table 'opd_date_employee' specifies columns 'id' as primary_key=True, not matching locally specified columns 'ODP_Date', 'ODP_EM_Key', 'source_connection'; setting the current primary key columns to 'ODP_Date', 'ODP_EM_Key', 'source_connection'. This warning may become an exception in a future release
[2025-09-03T17:48:08.548+0000] {processor.py:925} INFO - DAG(s) 'etl_ssg_hanger_lines' retrieved from /opt/airflow/dags/hanger_lane.py
[2025-09-03T17:48:08.563+0000] {logging_mixin.py:190} INFO - [2025-09-03T17:48:08.563+0000] {dag.py:3239} INFO - Sync 1 DAGs
[2025-09-03T17:48:08.600+0000] {logging_mixin.py:190} INFO - [2025-09-03T17:48:08.600+0000] {dag.py:4180} INFO - Setting next_dagrun for etl_ssg_hanger_lines to 2025-09-03 17:00:00+00:00, run_after=2025-09-03 17:30:00+00:00
[2025-09-03T17:48:08.622+0000] {processor.py:208} INFO - Processing /opt/airflow/dags/hanger_lane.py took 0.214 seconds
[2025-09-03T17:48:39.382+0000] {processor.py:186} INFO - Started process (PID=2335) to work on /opt/airflow/dags/hanger_lane.py
[2025-09-03T17:48:39.383+0000] {processor.py:914} INFO - Processing file /opt/airflow/dags/hanger_lane.py for tasks to queue
[2025-09-03T17:48:39.386+0000] {logging_mixin.py:190} INFO - [2025-09-03T17:48:39.385+0000] {dagbag.py:588} INFO - Filling up the DagBag from /opt/airflow/dags/hanger_lane.py
[2025-09-03T17:48:39.408+0000] {logging_mixin.py:190} INFO - Python path: ['/home/airflow/.local/bin', '/opt/airflow', '/opt/airflow/include', '/usr/local/lib/python312.zip', '/usr/local/lib/python3.12', '/usr/local/lib/python3.12/lib-dynload', '/home/airflow/.local/lib/python3.12/site-packages', '/opt/airflow/config', '/opt/airflow/plugins', '/opt/airflow/dags', '/opt/airflow/include/dags']
[2025-09-03T17:48:39.408+0000] {logging_mixin.py:190} INFO - DAGs path exists: False
[2025-09-03T17:48:39.408+0000] {logging_mixin.py:190} INFO - db_utils.py exists: False
[2025-09-03T17:48:39.459+0000] {logging_mixin.py:190} INFO - Successfully imported PySpark modules
[2025-09-03T17:48:39.460+0000] {logging_mixin.py:190} INFO - Successfully imported db_utils
[2025-09-03T17:48:39.461+0000] {logging_mixin.py:190} INFO - Successfully imported functions from hanger_line_transform.py
[2025-09-03T17:48:39.473+0000] {logging_mixin.py:190} WARNING - /opt/airflow/dags/create_target_pg_hl_table.py:65 SAWarning: Table 'opd_date_shift' specifies columns 'id' as primary_key=True, not matching locally specified columns 'ODP_Date', 'Shift', 'source_connection'; setting the current primary key columns to 'ODP_Date', 'Shift', 'source_connection'. This warning may become an exception in a future release
[2025-09-03T17:48:39.474+0000] {logging_mixin.py:190} WARNING - /opt/airflow/dags/create_target_pg_hl_table.py:80 SAWarning: Table 'opd_date_oc' specifies columns 'id' as primary_key=True, not matching locally specified columns 'ODP_Date', 'OC_Description', 'source_connection'; setting the current primary key columns to 'ODP_Date', 'OC_Description', 'source_connection'. This warning may become an exception in a future release
[2025-09-03T17:48:39.475+0000] {logging_mixin.py:190} WARNING - /opt/airflow/dags/create_target_pg_hl_table.py:95 SAWarning: Table 'opd_date_employee' specifies columns 'id' as primary_key=True, not matching locally specified columns 'ODP_Date', 'ODP_EM_Key', 'source_connection'; setting the current primary key columns to 'ODP_Date', 'ODP_EM_Key', 'source_connection'. This warning may become an exception in a future release
[2025-09-03T17:48:39.477+0000] {processor.py:925} INFO - DAG(s) 'etl_ssg_hanger_lines' retrieved from /opt/airflow/dags/hanger_lane.py
[2025-09-03T17:48:39.488+0000] {logging_mixin.py:190} INFO - [2025-09-03T17:48:39.487+0000] {dag.py:3239} INFO - Sync 1 DAGs
[2025-09-03T17:48:39.513+0000] {logging_mixin.py:190} INFO - [2025-09-03T17:48:39.513+0000] {dag.py:4180} INFO - Setting next_dagrun for etl_ssg_hanger_lines to 2025-09-03 17:00:00+00:00, run_after=2025-09-03 17:30:00+00:00
[2025-09-03T17:48:39.540+0000] {processor.py:208} INFO - Processing /opt/airflow/dags/hanger_lane.py took 0.164 seconds
[2025-09-03T17:49:10.370+0000] {processor.py:186} INFO - Started process (PID=2442) to work on /opt/airflow/dags/hanger_lane.py
[2025-09-03T17:49:10.371+0000] {processor.py:914} INFO - Processing file /opt/airflow/dags/hanger_lane.py for tasks to queue
[2025-09-03T17:49:10.375+0000] {logging_mixin.py:190} INFO - [2025-09-03T17:49:10.374+0000] {dagbag.py:588} INFO - Filling up the DagBag from /opt/airflow/dags/hanger_lane.py
[2025-09-03T17:49:10.400+0000] {logging_mixin.py:190} INFO - Python path: ['/home/airflow/.local/bin', '/opt/airflow', '/opt/airflow/include', '/usr/local/lib/python312.zip', '/usr/local/lib/python3.12', '/usr/local/lib/python3.12/lib-dynload', '/home/airflow/.local/lib/python3.12/site-packages', '/opt/airflow/config', '/opt/airflow/plugins', '/opt/airflow/dags', '/opt/airflow/include/dags']
[2025-09-03T17:49:10.401+0000] {logging_mixin.py:190} INFO - DAGs path exists: False
[2025-09-03T17:49:10.402+0000] {logging_mixin.py:190} INFO - db_utils.py exists: False
[2025-09-03T17:49:10.456+0000] {logging_mixin.py:190} INFO - Successfully imported PySpark modules
[2025-09-03T17:49:10.457+0000] {logging_mixin.py:190} INFO - Successfully imported db_utils
[2025-09-03T17:49:10.457+0000] {logging_mixin.py:190} INFO - Successfully imported functions from hanger_line_transform.py
[2025-09-03T17:49:10.474+0000] {logging_mixin.py:190} WARNING - /opt/airflow/dags/create_target_pg_hl_table.py:65 SAWarning: Table 'opd_date_shift' specifies columns 'id' as primary_key=True, not matching locally specified columns 'ODP_Date', 'Shift', 'source_connection'; setting the current primary key columns to 'ODP_Date', 'Shift', 'source_connection'. This warning may become an exception in a future release
[2025-09-03T17:49:10.475+0000] {logging_mixin.py:190} WARNING - /opt/airflow/dags/create_target_pg_hl_table.py:80 SAWarning: Table 'opd_date_oc' specifies columns 'id' as primary_key=True, not matching locally specified columns 'ODP_Date', 'OC_Description', 'source_connection'; setting the current primary key columns to 'ODP_Date', 'OC_Description', 'source_connection'. This warning may become an exception in a future release
[2025-09-03T17:49:10.476+0000] {logging_mixin.py:190} WARNING - /opt/airflow/dags/create_target_pg_hl_table.py:95 SAWarning: Table 'opd_date_employee' specifies columns 'id' as primary_key=True, not matching locally specified columns 'ODP_Date', 'ODP_EM_Key', 'source_connection'; setting the current primary key columns to 'ODP_Date', 'ODP_EM_Key', 'source_connection'. This warning may become an exception in a future release
[2025-09-03T17:49:10.478+0000] {processor.py:925} INFO - DAG(s) 'etl_ssg_hanger_lines' retrieved from /opt/airflow/dags/hanger_lane.py
[2025-09-03T17:49:10.492+0000] {logging_mixin.py:190} INFO - [2025-09-03T17:49:10.492+0000] {dag.py:3239} INFO - Sync 1 DAGs
[2025-09-03T17:49:10.520+0000] {logging_mixin.py:190} INFO - [2025-09-03T17:49:10.519+0000] {dag.py:4180} INFO - Setting next_dagrun for etl_ssg_hanger_lines to 2025-09-03 17:00:00+00:00, run_after=2025-09-03 17:30:00+00:00
[2025-09-03T17:49:10.539+0000] {processor.py:208} INFO - Processing /opt/airflow/dags/hanger_lane.py took 0.174 seconds
[2025-09-03T17:49:41.176+0000] {processor.py:186} INFO - Started process (PID=2549) to work on /opt/airflow/dags/hanger_lane.py
[2025-09-03T17:49:41.177+0000] {processor.py:914} INFO - Processing file /opt/airflow/dags/hanger_lane.py for tasks to queue
[2025-09-03T17:49:41.180+0000] {logging_mixin.py:190} INFO - [2025-09-03T17:49:41.180+0000] {dagbag.py:588} INFO - Filling up the DagBag from /opt/airflow/dags/hanger_lane.py
[2025-09-03T17:49:41.206+0000] {logging_mixin.py:190} INFO - Python path: ['/home/airflow/.local/bin', '/opt/airflow', '/opt/airflow/include', '/usr/local/lib/python312.zip', '/usr/local/lib/python3.12', '/usr/local/lib/python3.12/lib-dynload', '/home/airflow/.local/lib/python3.12/site-packages', '/opt/airflow/config', '/opt/airflow/plugins', '/opt/airflow/dags', '/opt/airflow/include/dags']
[2025-09-03T17:49:41.207+0000] {logging_mixin.py:190} INFO - DAGs path exists: False
[2025-09-03T17:49:41.207+0000] {logging_mixin.py:190} INFO - db_utils.py exists: False
[2025-09-03T17:49:41.276+0000] {logging_mixin.py:190} INFO - Successfully imported PySpark modules
[2025-09-03T17:49:41.277+0000] {logging_mixin.py:190} INFO - Successfully imported db_utils
[2025-09-03T17:49:41.278+0000] {logging_mixin.py:190} INFO - Successfully imported functions from hanger_line_transform.py
[2025-09-03T17:49:41.297+0000] {logging_mixin.py:190} WARNING - /opt/airflow/dags/create_target_pg_hl_table.py:65 SAWarning: Table 'opd_date_shift' specifies columns 'id' as primary_key=True, not matching locally specified columns 'ODP_Date', 'Shift', 'source_connection'; setting the current primary key columns to 'ODP_Date', 'Shift', 'source_connection'. This warning may become an exception in a future release
[2025-09-03T17:49:41.298+0000] {logging_mixin.py:190} WARNING - /opt/airflow/dags/create_target_pg_hl_table.py:80 SAWarning: Table 'opd_date_oc' specifies columns 'id' as primary_key=True, not matching locally specified columns 'ODP_Date', 'OC_Description', 'source_connection'; setting the current primary key columns to 'ODP_Date', 'OC_Description', 'source_connection'. This warning may become an exception in a future release
[2025-09-03T17:49:41.299+0000] {logging_mixin.py:190} WARNING - /opt/airflow/dags/create_target_pg_hl_table.py:95 SAWarning: Table 'opd_date_employee' specifies columns 'id' as primary_key=True, not matching locally specified columns 'ODP_Date', 'ODP_EM_Key', 'source_connection'; setting the current primary key columns to 'ODP_Date', 'ODP_EM_Key', 'source_connection'. This warning may become an exception in a future release
[2025-09-03T17:49:41.301+0000] {processor.py:925} INFO - DAG(s) 'etl_ssg_hanger_lines' retrieved from /opt/airflow/dags/hanger_lane.py
[2025-09-03T17:49:41.313+0000] {logging_mixin.py:190} INFO - [2025-09-03T17:49:41.313+0000] {dag.py:3239} INFO - Sync 1 DAGs
[2025-09-03T17:49:41.333+0000] {logging_mixin.py:190} INFO - [2025-09-03T17:49:41.333+0000] {dag.py:4180} INFO - Setting next_dagrun for etl_ssg_hanger_lines to 2025-09-03 17:00:00+00:00, run_after=2025-09-03 17:30:00+00:00
[2025-09-03T17:49:41.348+0000] {processor.py:208} INFO - Processing /opt/airflow/dags/hanger_lane.py took 0.178 seconds
[2025-09-03T17:50:12.005+0000] {processor.py:186} INFO - Started process (PID=2656) to work on /opt/airflow/dags/hanger_lane.py
[2025-09-03T17:50:12.006+0000] {processor.py:914} INFO - Processing file /opt/airflow/dags/hanger_lane.py for tasks to queue
[2025-09-03T17:50:12.009+0000] {logging_mixin.py:190} INFO - [2025-09-03T17:50:12.008+0000] {dagbag.py:588} INFO - Filling up the DagBag from /opt/airflow/dags/hanger_lane.py
[2025-09-03T17:50:12.034+0000] {logging_mixin.py:190} INFO - Python path: ['/home/airflow/.local/bin', '/opt/airflow', '/opt/airflow/include', '/usr/local/lib/python312.zip', '/usr/local/lib/python3.12', '/usr/local/lib/python3.12/lib-dynload', '/home/airflow/.local/lib/python3.12/site-packages', '/opt/airflow/config', '/opt/airflow/plugins', '/opt/airflow/dags', '/opt/airflow/include/dags']
[2025-09-03T17:50:12.034+0000] {logging_mixin.py:190} INFO - DAGs path exists: False
[2025-09-03T17:50:12.035+0000] {logging_mixin.py:190} INFO - db_utils.py exists: False
[2025-09-03T17:50:12.099+0000] {logging_mixin.py:190} INFO - Successfully imported PySpark modules
[2025-09-03T17:50:12.100+0000] {logging_mixin.py:190} INFO - Successfully imported db_utils
[2025-09-03T17:50:12.100+0000] {logging_mixin.py:190} INFO - Successfully imported functions from hanger_line_transform.py
[2025-09-03T17:50:12.118+0000] {logging_mixin.py:190} WARNING - /opt/airflow/dags/create_target_pg_hl_table.py:65 SAWarning: Table 'opd_date_shift' specifies columns 'id' as primary_key=True, not matching locally specified columns 'ODP_Date', 'Shift', 'source_connection'; setting the current primary key columns to 'ODP_Date', 'Shift', 'source_connection'. This warning may become an exception in a future release
[2025-09-03T17:50:12.119+0000] {logging_mixin.py:190} WARNING - /opt/airflow/dags/create_target_pg_hl_table.py:80 SAWarning: Table 'opd_date_oc' specifies columns 'id' as primary_key=True, not matching locally specified columns 'ODP_Date', 'OC_Description', 'source_connection'; setting the current primary key columns to 'ODP_Date', 'OC_Description', 'source_connection'. This warning may become an exception in a future release
[2025-09-03T17:50:12.121+0000] {logging_mixin.py:190} WARNING - /opt/airflow/dags/create_target_pg_hl_table.py:95 SAWarning: Table 'opd_date_employee' specifies columns 'id' as primary_key=True, not matching locally specified columns 'ODP_Date', 'ODP_EM_Key', 'source_connection'; setting the current primary key columns to 'ODP_Date', 'ODP_EM_Key', 'source_connection'. This warning may become an exception in a future release
[2025-09-03T17:50:12.123+0000] {processor.py:925} INFO - DAG(s) 'etl_ssg_hanger_lines' retrieved from /opt/airflow/dags/hanger_lane.py
[2025-09-03T17:50:12.133+0000] {logging_mixin.py:190} INFO - [2025-09-03T17:50:12.132+0000] {dag.py:3239} INFO - Sync 1 DAGs
[2025-09-03T17:50:12.157+0000] {logging_mixin.py:190} INFO - [2025-09-03T17:50:12.157+0000] {dag.py:4180} INFO - Setting next_dagrun for etl_ssg_hanger_lines to 2025-09-03 17:00:00+00:00, run_after=2025-09-03 17:30:00+00:00
[2025-09-03T17:50:12.178+0000] {processor.py:208} INFO - Processing /opt/airflow/dags/hanger_lane.py took 0.180 seconds
[2025-09-03T17:50:42.749+0000] {processor.py:186} INFO - Started process (PID=2763) to work on /opt/airflow/dags/hanger_lane.py
[2025-09-03T17:50:42.750+0000] {processor.py:914} INFO - Processing file /opt/airflow/dags/hanger_lane.py for tasks to queue
[2025-09-03T17:50:42.753+0000] {logging_mixin.py:190} INFO - [2025-09-03T17:50:42.753+0000] {dagbag.py:588} INFO - Filling up the DagBag from /opt/airflow/dags/hanger_lane.py
[2025-09-03T17:50:42.781+0000] {logging_mixin.py:190} INFO - Python path: ['/home/airflow/.local/bin', '/opt/airflow', '/opt/airflow/include', '/usr/local/lib/python312.zip', '/usr/local/lib/python3.12', '/usr/local/lib/python3.12/lib-dynload', '/home/airflow/.local/lib/python3.12/site-packages', '/opt/airflow/config', '/opt/airflow/plugins', '/opt/airflow/dags', '/opt/airflow/include/dags']
[2025-09-03T17:50:42.782+0000] {logging_mixin.py:190} INFO - DAGs path exists: False
[2025-09-03T17:50:42.783+0000] {logging_mixin.py:190} INFO - db_utils.py exists: False
[2025-09-03T17:50:42.861+0000] {logging_mixin.py:190} INFO - Successfully imported PySpark modules
[2025-09-03T17:50:42.863+0000] {logging_mixin.py:190} INFO - Successfully imported db_utils
[2025-09-03T17:50:42.863+0000] {logging_mixin.py:190} INFO - Successfully imported functions from hanger_line_transform.py
[2025-09-03T17:50:42.884+0000] {logging_mixin.py:190} WARNING - /opt/airflow/dags/create_target_pg_hl_table.py:65 SAWarning: Table 'opd_date_shift' specifies columns 'id' as primary_key=True, not matching locally specified columns 'ODP_Date', 'Shift', 'source_connection'; setting the current primary key columns to 'ODP_Date', 'Shift', 'source_connection'. This warning may become an exception in a future release
[2025-09-03T17:50:42.885+0000] {logging_mixin.py:190} WARNING - /opt/airflow/dags/create_target_pg_hl_table.py:80 SAWarning: Table 'opd_date_oc' specifies columns 'id' as primary_key=True, not matching locally specified columns 'ODP_Date', 'OC_Description', 'source_connection'; setting the current primary key columns to 'ODP_Date', 'OC_Description', 'source_connection'. This warning may become an exception in a future release
[2025-09-03T17:50:42.886+0000] {logging_mixin.py:190} WARNING - /opt/airflow/dags/create_target_pg_hl_table.py:95 SAWarning: Table 'opd_date_employee' specifies columns 'id' as primary_key=True, not matching locally specified columns 'ODP_Date', 'ODP_EM_Key', 'source_connection'; setting the current primary key columns to 'ODP_Date', 'ODP_EM_Key', 'source_connection'. This warning may become an exception in a future release
[2025-09-03T17:50:42.889+0000] {processor.py:925} INFO - DAG(s) 'etl_ssg_hanger_lines' retrieved from /opt/airflow/dags/hanger_lane.py
[2025-09-03T17:50:42.908+0000] {logging_mixin.py:190} INFO - [2025-09-03T17:50:42.907+0000] {dag.py:3239} INFO - Sync 1 DAGs
[2025-09-03T17:50:42.941+0000] {logging_mixin.py:190} INFO - [2025-09-03T17:50:42.941+0000] {dag.py:4180} INFO - Setting next_dagrun for etl_ssg_hanger_lines to 2025-09-03 17:00:00+00:00, run_after=2025-09-03 17:30:00+00:00
[2025-09-03T17:50:42.968+0000] {processor.py:208} INFO - Processing /opt/airflow/dags/hanger_lane.py took 0.226 seconds
[2025-09-03T17:51:13.641+0000] {processor.py:186} INFO - Started process (PID=2870) to work on /opt/airflow/dags/hanger_lane.py
[2025-09-03T17:51:13.642+0000] {processor.py:914} INFO - Processing file /opt/airflow/dags/hanger_lane.py for tasks to queue
[2025-09-03T17:51:13.644+0000] {logging_mixin.py:190} INFO - [2025-09-03T17:51:13.644+0000] {dagbag.py:588} INFO - Filling up the DagBag from /opt/airflow/dags/hanger_lane.py
[2025-09-03T17:51:13.663+0000] {logging_mixin.py:190} INFO - Python path: ['/home/airflow/.local/bin', '/opt/airflow', '/opt/airflow/include', '/usr/local/lib/python312.zip', '/usr/local/lib/python3.12', '/usr/local/lib/python3.12/lib-dynload', '/home/airflow/.local/lib/python3.12/site-packages', '/opt/airflow/config', '/opt/airflow/plugins', '/opt/airflow/dags', '/opt/airflow/include/dags']
[2025-09-03T17:51:13.664+0000] {logging_mixin.py:190} INFO - DAGs path exists: False
[2025-09-03T17:51:13.664+0000] {logging_mixin.py:190} INFO - db_utils.py exists: False
[2025-09-03T17:51:13.739+0000] {logging_mixin.py:190} INFO - Successfully imported PySpark modules
[2025-09-03T17:51:13.741+0000] {logging_mixin.py:190} INFO - Successfully imported db_utils
[2025-09-03T17:51:13.742+0000] {logging_mixin.py:190} INFO - Successfully imported functions from hanger_line_transform.py
[2025-09-03T17:51:13.771+0000] {logging_mixin.py:190} WARNING - /opt/airflow/dags/create_target_pg_hl_table.py:65 SAWarning: Table 'opd_date_shift' specifies columns 'id' as primary_key=True, not matching locally specified columns 'ODP_Date', 'Shift', 'source_connection'; setting the current primary key columns to 'ODP_Date', 'Shift', 'source_connection'. This warning may become an exception in a future release
[2025-09-03T17:51:13.772+0000] {logging_mixin.py:190} WARNING - /opt/airflow/dags/create_target_pg_hl_table.py:80 SAWarning: Table 'opd_date_oc' specifies columns 'id' as primary_key=True, not matching locally specified columns 'ODP_Date', 'OC_Description', 'source_connection'; setting the current primary key columns to 'ODP_Date', 'OC_Description', 'source_connection'. This warning may become an exception in a future release
[2025-09-03T17:51:13.773+0000] {logging_mixin.py:190} WARNING - /opt/airflow/dags/create_target_pg_hl_table.py:95 SAWarning: Table 'opd_date_employee' specifies columns 'id' as primary_key=True, not matching locally specified columns 'ODP_Date', 'ODP_EM_Key', 'source_connection'; setting the current primary key columns to 'ODP_Date', 'ODP_EM_Key', 'source_connection'. This warning may become an exception in a future release
[2025-09-03T17:51:13.776+0000] {processor.py:925} INFO - DAG(s) 'etl_ssg_hanger_lines' retrieved from /opt/airflow/dags/hanger_lane.py
[2025-09-03T17:51:13.793+0000] {logging_mixin.py:190} INFO - [2025-09-03T17:51:13.793+0000] {dag.py:3239} INFO - Sync 1 DAGs
[2025-09-03T17:51:13.828+0000] {logging_mixin.py:190} INFO - [2025-09-03T17:51:13.828+0000] {dag.py:4180} INFO - Setting next_dagrun for etl_ssg_hanger_lines to 2025-09-03 17:00:00+00:00, run_after=2025-09-03 17:30:00+00:00
[2025-09-03T17:51:13.853+0000] {processor.py:208} INFO - Processing /opt/airflow/dags/hanger_lane.py took 0.216 seconds
[2025-09-03T17:51:44.596+0000] {processor.py:186} INFO - Started process (PID=2977) to work on /opt/airflow/dags/hanger_lane.py
[2025-09-03T17:51:44.597+0000] {processor.py:914} INFO - Processing file /opt/airflow/dags/hanger_lane.py for tasks to queue
[2025-09-03T17:51:44.601+0000] {logging_mixin.py:190} INFO - [2025-09-03T17:51:44.600+0000] {dagbag.py:588} INFO - Filling up the DagBag from /opt/airflow/dags/hanger_lane.py
[2025-09-03T17:51:44.628+0000] {logging_mixin.py:190} INFO - Python path: ['/home/airflow/.local/bin', '/opt/airflow', '/opt/airflow/include', '/usr/local/lib/python312.zip', '/usr/local/lib/python3.12', '/usr/local/lib/python3.12/lib-dynload', '/home/airflow/.local/lib/python3.12/site-packages', '/opt/airflow/config', '/opt/airflow/plugins', '/opt/airflow/dags', '/opt/airflow/include/dags']
[2025-09-03T17:51:44.628+0000] {logging_mixin.py:190} INFO - DAGs path exists: False
[2025-09-03T17:51:44.629+0000] {logging_mixin.py:190} INFO - db_utils.py exists: False
[2025-09-03T17:51:44.682+0000] {logging_mixin.py:190} INFO - Successfully imported PySpark modules
[2025-09-03T17:51:44.684+0000] {logging_mixin.py:190} INFO - Successfully imported db_utils
[2025-09-03T17:51:44.684+0000] {logging_mixin.py:190} INFO - Successfully imported functions from hanger_line_transform.py
[2025-09-03T17:51:44.699+0000] {logging_mixin.py:190} WARNING - /opt/airflow/dags/create_target_pg_hl_table.py:65 SAWarning: Table 'opd_date_shift' specifies columns 'id' as primary_key=True, not matching locally specified columns 'ODP_Date', 'Shift', 'source_connection'; setting the current primary key columns to 'ODP_Date', 'Shift', 'source_connection'. This warning may become an exception in a future release
[2025-09-03T17:51:44.700+0000] {logging_mixin.py:190} WARNING - /opt/airflow/dags/create_target_pg_hl_table.py:80 SAWarning: Table 'opd_date_oc' specifies columns 'id' as primary_key=True, not matching locally specified columns 'ODP_Date', 'OC_Description', 'source_connection'; setting the current primary key columns to 'ODP_Date', 'OC_Description', 'source_connection'. This warning may become an exception in a future release
[2025-09-03T17:51:44.701+0000] {logging_mixin.py:190} WARNING - /opt/airflow/dags/create_target_pg_hl_table.py:95 SAWarning: Table 'opd_date_employee' specifies columns 'id' as primary_key=True, not matching locally specified columns 'ODP_Date', 'ODP_EM_Key', 'source_connection'; setting the current primary key columns to 'ODP_Date', 'ODP_EM_Key', 'source_connection'. This warning may become an exception in a future release
[2025-09-03T17:51:44.703+0000] {processor.py:925} INFO - DAG(s) 'etl_ssg_hanger_lines' retrieved from /opt/airflow/dags/hanger_lane.py
[2025-09-03T17:51:44.716+0000] {logging_mixin.py:190} INFO - [2025-09-03T17:51:44.716+0000] {dag.py:3239} INFO - Sync 1 DAGs
[2025-09-03T17:51:44.748+0000] {logging_mixin.py:190} INFO - [2025-09-03T17:51:44.747+0000] {dag.py:4180} INFO - Setting next_dagrun for etl_ssg_hanger_lines to 2025-09-03 17:00:00+00:00, run_after=2025-09-03 17:30:00+00:00
[2025-09-03T17:51:44.776+0000] {processor.py:208} INFO - Processing /opt/airflow/dags/hanger_lane.py took 0.187 seconds
[2025-09-03T17:52:15.604+0000] {processor.py:186} INFO - Started process (PID=3083) to work on /opt/airflow/dags/hanger_lane.py
[2025-09-03T17:52:15.605+0000] {processor.py:914} INFO - Processing file /opt/airflow/dags/hanger_lane.py for tasks to queue
[2025-09-03T17:52:15.608+0000] {logging_mixin.py:190} INFO - [2025-09-03T17:52:15.608+0000] {dagbag.py:588} INFO - Filling up the DagBag from /opt/airflow/dags/hanger_lane.py
[2025-09-03T17:52:15.625+0000] {logging_mixin.py:190} INFO - Python path: ['/home/airflow/.local/bin', '/opt/airflow', '/opt/airflow/include', '/usr/local/lib/python312.zip', '/usr/local/lib/python3.12', '/usr/local/lib/python3.12/lib-dynload', '/home/airflow/.local/lib/python3.12/site-packages', '/opt/airflow/config', '/opt/airflow/plugins', '/opt/airflow/dags', '/opt/airflow/include/dags']
[2025-09-03T17:52:15.625+0000] {logging_mixin.py:190} INFO - DAGs path exists: False
[2025-09-03T17:52:15.625+0000] {logging_mixin.py:190} INFO - db_utils.py exists: False
[2025-09-03T17:52:15.674+0000] {logging_mixin.py:190} INFO - Successfully imported PySpark modules
[2025-09-03T17:52:15.676+0000] {logging_mixin.py:190} INFO - Successfully imported db_utils
[2025-09-03T17:52:15.676+0000] {logging_mixin.py:190} INFO - Successfully imported functions from hanger_line_transform.py
[2025-09-03T17:52:15.692+0000] {logging_mixin.py:190} WARNING - /opt/airflow/dags/create_target_pg_hl_table.py:65 SAWarning: Table 'opd_date_shift' specifies columns 'id' as primary_key=True, not matching locally specified columns 'ODP_Date', 'Shift', 'source_connection'; setting the current primary key columns to 'ODP_Date', 'Shift', 'source_connection'. This warning may become an exception in a future release
[2025-09-03T17:52:15.693+0000] {logging_mixin.py:190} WARNING - /opt/airflow/dags/create_target_pg_hl_table.py:80 SAWarning: Table 'opd_date_oc' specifies columns 'id' as primary_key=True, not matching locally specified columns 'ODP_Date', 'OC_Description', 'source_connection'; setting the current primary key columns to 'ODP_Date', 'OC_Description', 'source_connection'. This warning may become an exception in a future release
[2025-09-03T17:52:15.693+0000] {logging_mixin.py:190} WARNING - /opt/airflow/dags/create_target_pg_hl_table.py:95 SAWarning: Table 'opd_date_employee' specifies columns 'id' as primary_key=True, not matching locally specified columns 'ODP_Date', 'ODP_EM_Key', 'source_connection'; setting the current primary key columns to 'ODP_Date', 'ODP_EM_Key', 'source_connection'. This warning may become an exception in a future release
[2025-09-03T17:52:15.696+0000] {processor.py:925} INFO - DAG(s) 'etl_ssg_hanger_lines' retrieved from /opt/airflow/dags/hanger_lane.py
[2025-09-03T17:52:15.711+0000] {logging_mixin.py:190} INFO - [2025-09-03T17:52:15.710+0000] {dag.py:3239} INFO - Sync 1 DAGs
[2025-09-03T17:52:15.874+0000] {logging_mixin.py:190} INFO - [2025-09-03T17:52:15.874+0000] {dag.py:4180} INFO - Setting next_dagrun for etl_ssg_hanger_lines to 2025-09-03 17:00:00+00:00, run_after=2025-09-03 17:30:00+00:00
[2025-09-03T17:52:15.895+0000] {processor.py:208} INFO - Processing /opt/airflow/dags/hanger_lane.py took 0.297 seconds
[2025-09-03T17:52:46.668+0000] {processor.py:186} INFO - Started process (PID=3190) to work on /opt/airflow/dags/hanger_lane.py
[2025-09-03T17:52:46.669+0000] {processor.py:914} INFO - Processing file /opt/airflow/dags/hanger_lane.py for tasks to queue
[2025-09-03T17:52:46.671+0000] {logging_mixin.py:190} INFO - [2025-09-03T17:52:46.671+0000] {dagbag.py:588} INFO - Filling up the DagBag from /opt/airflow/dags/hanger_lane.py
[2025-09-03T17:52:46.703+0000] {logging_mixin.py:190} INFO - Python path: ['/home/airflow/.local/bin', '/opt/airflow', '/opt/airflow/include', '/usr/local/lib/python312.zip', '/usr/local/lib/python3.12', '/usr/local/lib/python3.12/lib-dynload', '/home/airflow/.local/lib/python3.12/site-packages', '/opt/airflow/config', '/opt/airflow/plugins', '/opt/airflow/dags', '/opt/airflow/include/dags']
[2025-09-03T17:52:46.703+0000] {logging_mixin.py:190} INFO - DAGs path exists: False
[2025-09-03T17:52:46.704+0000] {logging_mixin.py:190} INFO - db_utils.py exists: False
[2025-09-03T17:52:46.754+0000] {logging_mixin.py:190} INFO - Successfully imported PySpark modules
[2025-09-03T17:52:46.755+0000] {logging_mixin.py:190} INFO - Successfully imported db_utils
[2025-09-03T17:52:46.755+0000] {logging_mixin.py:190} INFO - Successfully imported functions from hanger_line_transform.py
[2025-09-03T17:52:46.767+0000] {logging_mixin.py:190} WARNING - /opt/airflow/dags/create_target_pg_hl_table.py:65 SAWarning: Table 'opd_date_shift' specifies columns 'id' as primary_key=True, not matching locally specified columns 'ODP_Date', 'Shift', 'source_connection'; setting the current primary key columns to 'ODP_Date', 'Shift', 'source_connection'. This warning may become an exception in a future release
[2025-09-03T17:52:46.768+0000] {logging_mixin.py:190} WARNING - /opt/airflow/dags/create_target_pg_hl_table.py:80 SAWarning: Table 'opd_date_oc' specifies columns 'id' as primary_key=True, not matching locally specified columns 'ODP_Date', 'OC_Description', 'source_connection'; setting the current primary key columns to 'ODP_Date', 'OC_Description', 'source_connection'. This warning may become an exception in a future release
[2025-09-03T17:52:46.769+0000] {logging_mixin.py:190} WARNING - /opt/airflow/dags/create_target_pg_hl_table.py:95 SAWarning: Table 'opd_date_employee' specifies columns 'id' as primary_key=True, not matching locally specified columns 'ODP_Date', 'ODP_EM_Key', 'source_connection'; setting the current primary key columns to 'ODP_Date', 'ODP_EM_Key', 'source_connection'. This warning may become an exception in a future release
[2025-09-03T17:52:46.771+0000] {processor.py:925} INFO - DAG(s) 'etl_ssg_hanger_lines' retrieved from /opt/airflow/dags/hanger_lane.py
[2025-09-03T17:52:46.783+0000] {logging_mixin.py:190} INFO - [2025-09-03T17:52:46.783+0000] {dag.py:3239} INFO - Sync 1 DAGs
[2025-09-03T17:52:46.933+0000] {logging_mixin.py:190} INFO - [2025-09-03T17:52:46.933+0000] {dag.py:4180} INFO - Setting next_dagrun for etl_ssg_hanger_lines to 2025-09-03 17:00:00+00:00, run_after=2025-09-03 17:30:00+00:00
[2025-09-03T17:52:46.952+0000] {processor.py:208} INFO - Processing /opt/airflow/dags/hanger_lane.py took 0.289 seconds
[2025-09-03T17:53:17.620+0000] {processor.py:186} INFO - Started process (PID=3297) to work on /opt/airflow/dags/hanger_lane.py
[2025-09-03T17:53:17.621+0000] {processor.py:914} INFO - Processing file /opt/airflow/dags/hanger_lane.py for tasks to queue
[2025-09-03T17:53:17.623+0000] {logging_mixin.py:190} INFO - [2025-09-03T17:53:17.623+0000] {dagbag.py:588} INFO - Filling up the DagBag from /opt/airflow/dags/hanger_lane.py
[2025-09-03T17:53:17.643+0000] {logging_mixin.py:190} INFO - Python path: ['/home/airflow/.local/bin', '/opt/airflow', '/opt/airflow/include', '/usr/local/lib/python312.zip', '/usr/local/lib/python3.12', '/usr/local/lib/python3.12/lib-dynload', '/home/airflow/.local/lib/python3.12/site-packages', '/opt/airflow/config', '/opt/airflow/plugins', '/opt/airflow/dags', '/opt/airflow/include/dags']
[2025-09-03T17:53:17.643+0000] {logging_mixin.py:190} INFO - DAGs path exists: False
[2025-09-03T17:53:17.643+0000] {logging_mixin.py:190} INFO - db_utils.py exists: False
[2025-09-03T17:53:17.831+0000] {logging_mixin.py:190} INFO - Successfully imported PySpark modules
[2025-09-03T17:53:17.833+0000] {logging_mixin.py:190} INFO - Successfully imported db_utils
[2025-09-03T17:53:17.833+0000] {logging_mixin.py:190} INFO - Successfully imported functions from hanger_line_transform.py
[2025-09-03T17:53:17.843+0000] {logging_mixin.py:190} WARNING - /opt/airflow/dags/create_target_pg_hl_table.py:65 SAWarning: Table 'opd_date_shift' specifies columns 'id' as primary_key=True, not matching locally specified columns 'ODP_Date', 'Shift', 'source_connection'; setting the current primary key columns to 'ODP_Date', 'Shift', 'source_connection'. This warning may become an exception in a future release
[2025-09-03T17:53:17.844+0000] {logging_mixin.py:190} WARNING - /opt/airflow/dags/create_target_pg_hl_table.py:80 SAWarning: Table 'opd_date_oc' specifies columns 'id' as primary_key=True, not matching locally specified columns 'ODP_Date', 'OC_Description', 'source_connection'; setting the current primary key columns to 'ODP_Date', 'OC_Description', 'source_connection'. This warning may become an exception in a future release
[2025-09-03T17:53:17.845+0000] {logging_mixin.py:190} WARNING - /opt/airflow/dags/create_target_pg_hl_table.py:95 SAWarning: Table 'opd_date_employee' specifies columns 'id' as primary_key=True, not matching locally specified columns 'ODP_Date', 'ODP_EM_Key', 'source_connection'; setting the current primary key columns to 'ODP_Date', 'ODP_EM_Key', 'source_connection'. This warning may become an exception in a future release
[2025-09-03T17:53:17.846+0000] {processor.py:925} INFO - DAG(s) 'etl_ssg_hanger_lines' retrieved from /opt/airflow/dags/hanger_lane.py
[2025-09-03T17:53:17.855+0000] {logging_mixin.py:190} INFO - [2025-09-03T17:53:17.855+0000] {dag.py:3239} INFO - Sync 1 DAGs
[2025-09-03T17:53:17.875+0000] {logging_mixin.py:190} INFO - [2025-09-03T17:53:17.875+0000] {dag.py:4180} INFO - Setting next_dagrun for etl_ssg_hanger_lines to 2025-09-03 17:00:00+00:00, run_after=2025-09-03 17:30:00+00:00
[2025-09-03T17:53:17.890+0000] {processor.py:208} INFO - Processing /opt/airflow/dags/hanger_lane.py took 0.279 seconds
[2025-09-03T17:53:48.895+0000] {processor.py:186} INFO - Started process (PID=3404) to work on /opt/airflow/dags/hanger_lane.py
[2025-09-03T17:53:48.896+0000] {processor.py:914} INFO - Processing file /opt/airflow/dags/hanger_lane.py for tasks to queue
[2025-09-03T17:53:48.898+0000] {logging_mixin.py:190} INFO - [2025-09-03T17:53:48.898+0000] {dagbag.py:588} INFO - Filling up the DagBag from /opt/airflow/dags/hanger_lane.py
[2025-09-03T17:53:48.913+0000] {logging_mixin.py:190} INFO - Python path: ['/home/airflow/.local/bin', '/opt/airflow', '/opt/airflow/include', '/usr/local/lib/python312.zip', '/usr/local/lib/python3.12', '/usr/local/lib/python3.12/lib-dynload', '/home/airflow/.local/lib/python3.12/site-packages', '/opt/airflow/config', '/opt/airflow/plugins', '/opt/airflow/dags', '/opt/airflow/include/dags']
[2025-09-03T17:53:48.913+0000] {logging_mixin.py:190} INFO - DAGs path exists: False
[2025-09-03T17:53:48.914+0000] {logging_mixin.py:190} INFO - db_utils.py exists: False
[2025-09-03T17:53:49.094+0000] {logging_mixin.py:190} INFO - Successfully imported PySpark modules
[2025-09-03T17:53:49.095+0000] {logging_mixin.py:190} INFO - Successfully imported db_utils
[2025-09-03T17:53:49.096+0000] {logging_mixin.py:190} INFO - Successfully imported functions from hanger_line_transform.py
[2025-09-03T17:53:49.107+0000] {logging_mixin.py:190} WARNING - /opt/airflow/dags/create_target_pg_hl_table.py:65 SAWarning: Table 'opd_date_shift' specifies columns 'id' as primary_key=True, not matching locally specified columns 'ODP_Date', 'Shift', 'source_connection'; setting the current primary key columns to 'ODP_Date', 'Shift', 'source_connection'. This warning may become an exception in a future release
[2025-09-03T17:53:49.107+0000] {logging_mixin.py:190} WARNING - /opt/airflow/dags/create_target_pg_hl_table.py:80 SAWarning: Table 'opd_date_oc' specifies columns 'id' as primary_key=True, not matching locally specified columns 'ODP_Date', 'OC_Description', 'source_connection'; setting the current primary key columns to 'ODP_Date', 'OC_Description', 'source_connection'. This warning may become an exception in a future release
[2025-09-03T17:53:49.108+0000] {logging_mixin.py:190} WARNING - /opt/airflow/dags/create_target_pg_hl_table.py:95 SAWarning: Table 'opd_date_employee' specifies columns 'id' as primary_key=True, not matching locally specified columns 'ODP_Date', 'ODP_EM_Key', 'source_connection'; setting the current primary key columns to 'ODP_Date', 'ODP_EM_Key', 'source_connection'. This warning may become an exception in a future release
[2025-09-03T17:53:49.110+0000] {processor.py:925} INFO - DAG(s) 'etl_ssg_hanger_lines' retrieved from /opt/airflow/dags/hanger_lane.py
[2025-09-03T17:53:49.124+0000] {logging_mixin.py:190} INFO - [2025-09-03T17:53:49.124+0000] {dag.py:3239} INFO - Sync 1 DAGs
[2025-09-03T17:53:49.144+0000] {logging_mixin.py:190} INFO - [2025-09-03T17:53:49.144+0000] {dag.py:4180} INFO - Setting next_dagrun for etl_ssg_hanger_lines to 2025-09-03 17:00:00+00:00, run_after=2025-09-03 17:30:00+00:00
[2025-09-03T17:53:49.162+0000] {processor.py:208} INFO - Processing /opt/airflow/dags/hanger_lane.py took 0.275 seconds
[2025-09-03T17:54:19.989+0000] {processor.py:186} INFO - Started process (PID=3511) to work on /opt/airflow/dags/hanger_lane.py
[2025-09-03T17:54:19.990+0000] {processor.py:914} INFO - Processing file /opt/airflow/dags/hanger_lane.py for tasks to queue
[2025-09-03T17:54:19.993+0000] {logging_mixin.py:190} INFO - [2025-09-03T17:54:19.992+0000] {dagbag.py:588} INFO - Filling up the DagBag from /opt/airflow/dags/hanger_lane.py
[2025-09-03T17:54:20.022+0000] {logging_mixin.py:190} INFO - Python path: ['/home/airflow/.local/bin', '/opt/airflow', '/opt/airflow/include', '/usr/local/lib/python312.zip', '/usr/local/lib/python3.12', '/usr/local/lib/python3.12/lib-dynload', '/home/airflow/.local/lib/python3.12/site-packages', '/opt/airflow/config', '/opt/airflow/plugins', '/opt/airflow/dags', '/opt/airflow/include/dags']
[2025-09-03T17:54:20.022+0000] {logging_mixin.py:190} INFO - DAGs path exists: False
[2025-09-03T17:54:20.022+0000] {logging_mixin.py:190} INFO - db_utils.py exists: False
[2025-09-03T17:54:20.224+0000] {logging_mixin.py:190} INFO - Successfully imported PySpark modules
[2025-09-03T17:54:20.225+0000] {logging_mixin.py:190} INFO - Successfully imported db_utils
[2025-09-03T17:54:20.225+0000] {logging_mixin.py:190} INFO - Successfully imported functions from hanger_line_transform.py
[2025-09-03T17:54:20.236+0000] {logging_mixin.py:190} WARNING - /opt/airflow/dags/create_target_pg_hl_table.py:65 SAWarning: Table 'opd_date_shift' specifies columns 'id' as primary_key=True, not matching locally specified columns 'ODP_Date', 'Shift', 'source_connection'; setting the current primary key columns to 'ODP_Date', 'Shift', 'source_connection'. This warning may become an exception in a future release
[2025-09-03T17:54:20.237+0000] {logging_mixin.py:190} WARNING - /opt/airflow/dags/create_target_pg_hl_table.py:80 SAWarning: Table 'opd_date_oc' specifies columns 'id' as primary_key=True, not matching locally specified columns 'ODP_Date', 'OC_Description', 'source_connection'; setting the current primary key columns to 'ODP_Date', 'OC_Description', 'source_connection'. This warning may become an exception in a future release
[2025-09-03T17:54:20.238+0000] {logging_mixin.py:190} WARNING - /opt/airflow/dags/create_target_pg_hl_table.py:95 SAWarning: Table 'opd_date_employee' specifies columns 'id' as primary_key=True, not matching locally specified columns 'ODP_Date', 'ODP_EM_Key', 'source_connection'; setting the current primary key columns to 'ODP_Date', 'ODP_EM_Key', 'source_connection'. This warning may become an exception in a future release
[2025-09-03T17:54:20.240+0000] {processor.py:925} INFO - DAG(s) 'etl_ssg_hanger_lines' retrieved from /opt/airflow/dags/hanger_lane.py
[2025-09-03T17:54:20.252+0000] {logging_mixin.py:190} INFO - [2025-09-03T17:54:20.252+0000] {dag.py:3239} INFO - Sync 1 DAGs
[2025-09-03T17:54:20.271+0000] {logging_mixin.py:190} INFO - [2025-09-03T17:54:20.271+0000] {dag.py:4180} INFO - Setting next_dagrun for etl_ssg_hanger_lines to 2025-09-03 17:00:00+00:00, run_after=2025-09-03 17:30:00+00:00
[2025-09-03T17:54:20.286+0000] {processor.py:208} INFO - Processing /opt/airflow/dags/hanger_lane.py took 0.306 seconds
[2025-09-03T17:55:54.287+0000] {processor.py:186} INFO - Started process (PID=198) to work on /opt/airflow/dags/hanger_lane.py
[2025-09-03T17:55:54.288+0000] {processor.py:914} INFO - Processing file /opt/airflow/dags/hanger_lane.py for tasks to queue
[2025-09-03T17:55:54.293+0000] {logging_mixin.py:190} INFO - [2025-09-03T17:55:54.292+0000] {dagbag.py:588} INFO - Filling up the DagBag from /opt/airflow/dags/hanger_lane.py
[2025-09-03T17:55:54.340+0000] {logging_mixin.py:190} INFO - Python path: ['/home/airflow/.local/bin', '/opt/airflow', '/opt/airflow/include', '/usr/local/lib/python312.zip', '/usr/local/lib/python3.12', '/usr/local/lib/python3.12/lib-dynload', '/home/airflow/.local/lib/python3.12/site-packages', '/opt/airflow/config', '/opt/airflow/plugins', '/opt/airflow/dags', '/opt/airflow/include/dags']
[2025-09-03T17:55:54.341+0000] {logging_mixin.py:190} INFO - DAGs path exists: False
[2025-09-03T17:55:54.343+0000] {logging_mixin.py:190} INFO - db_utils.py exists: False
[2025-09-03T17:55:54.521+0000] {logging_mixin.py:190} INFO - Successfully imported PySpark modules
[2025-09-03T17:55:54.523+0000] {logging_mixin.py:190} INFO - Successfully imported db_utils
[2025-09-03T17:55:54.526+0000] {logging_mixin.py:190} INFO - Successfully imported functions from hanger_line_transform.py
[2025-09-03T17:55:54.584+0000] {logging_mixin.py:190} WARNING - /opt/airflow/dags/create_target_pg_hl_table.py:65 SAWarning: Table 'opd_date_shift' specifies columns 'id' as primary_key=True, not matching locally specified columns 'ODP_Date', 'Shift', 'source_connection'; setting the current primary key columns to 'ODP_Date', 'Shift', 'source_connection'. This warning may become an exception in a future release
[2025-09-03T17:55:54.586+0000] {logging_mixin.py:190} WARNING - /opt/airflow/dags/create_target_pg_hl_table.py:80 SAWarning: Table 'opd_date_oc' specifies columns 'id' as primary_key=True, not matching locally specified columns 'ODP_Date', 'OC_Description', 'source_connection'; setting the current primary key columns to 'ODP_Date', 'OC_Description', 'source_connection'. This warning may become an exception in a future release
[2025-09-03T17:55:54.588+0000] {logging_mixin.py:190} WARNING - /opt/airflow/dags/create_target_pg_hl_table.py:95 SAWarning: Table 'opd_date_employee' specifies columns 'id' as primary_key=True, not matching locally specified columns 'ODP_Date', 'ODP_EM_Key', 'source_connection'; setting the current primary key columns to 'ODP_Date', 'ODP_EM_Key', 'source_connection'. This warning may become an exception in a future release
[2025-09-03T17:55:54.605+0000] {processor.py:925} INFO - DAG(s) 'etl_ssg_hanger_lines' retrieved from /opt/airflow/dags/hanger_lane.py
[2025-09-03T17:55:55.003+0000] {logging_mixin.py:190} INFO - [2025-09-03T17:55:55.003+0000] {dag.py:3239} INFO - Sync 1 DAGs
[2025-09-03T17:55:55.052+0000] {logging_mixin.py:190} INFO - [2025-09-03T17:55:55.052+0000] {dag.py:4180} INFO - Setting next_dagrun for etl_ssg_hanger_lines to 2025-09-03 17:00:00+00:00, run_after=2025-09-03 17:30:00+00:00
[2025-09-03T17:55:55.100+0000] {processor.py:208} INFO - Processing /opt/airflow/dags/hanger_lane.py took 0.825 seconds
[2025-09-03T17:56:25.924+0000] {processor.py:186} INFO - Started process (PID=306) to work on /opt/airflow/dags/hanger_lane.py
[2025-09-03T17:56:25.926+0000] {processor.py:914} INFO - Processing file /opt/airflow/dags/hanger_lane.py for tasks to queue
[2025-09-03T17:56:25.929+0000] {logging_mixin.py:190} INFO - [2025-09-03T17:56:25.928+0000] {dagbag.py:588} INFO - Filling up the DagBag from /opt/airflow/dags/hanger_lane.py
[2025-09-03T17:56:25.967+0000] {logging_mixin.py:190} INFO - Python path: ['/home/airflow/.local/bin', '/opt/airflow', '/opt/airflow/include', '/usr/local/lib/python312.zip', '/usr/local/lib/python3.12', '/usr/local/lib/python3.12/lib-dynload', '/home/airflow/.local/lib/python3.12/site-packages', '/opt/airflow/config', '/opt/airflow/plugins', '/opt/airflow/dags', '/opt/airflow/include/dags']
[2025-09-03T17:56:25.968+0000] {logging_mixin.py:190} INFO - DAGs path exists: False
[2025-09-03T17:56:25.971+0000] {logging_mixin.py:190} INFO - db_utils.py exists: False
[2025-09-03T17:56:26.052+0000] {logging_mixin.py:190} INFO - Successfully imported PySpark modules
[2025-09-03T17:56:26.053+0000] {logging_mixin.py:190} INFO - Successfully imported db_utils
[2025-09-03T17:56:26.054+0000] {logging_mixin.py:190} INFO - Successfully imported functions from hanger_line_transform.py
[2025-09-03T17:56:26.082+0000] {logging_mixin.py:190} WARNING - /opt/airflow/dags/create_target_pg_hl_table.py:65 SAWarning: Table 'opd_date_shift' specifies columns 'id' as primary_key=True, not matching locally specified columns 'ODP_Date', 'Shift', 'source_connection'; setting the current primary key columns to 'ODP_Date', 'Shift', 'source_connection'. This warning may become an exception in a future release
[2025-09-03T17:56:26.084+0000] {logging_mixin.py:190} WARNING - /opt/airflow/dags/create_target_pg_hl_table.py:80 SAWarning: Table 'opd_date_oc' specifies columns 'id' as primary_key=True, not matching locally specified columns 'ODP_Date', 'OC_Description', 'source_connection'; setting the current primary key columns to 'ODP_Date', 'OC_Description', 'source_connection'. This warning may become an exception in a future release
[2025-09-03T17:56:26.086+0000] {logging_mixin.py:190} WARNING - /opt/airflow/dags/create_target_pg_hl_table.py:95 SAWarning: Table 'opd_date_employee' specifies columns 'id' as primary_key=True, not matching locally specified columns 'ODP_Date', 'ODP_EM_Key', 'source_connection'; setting the current primary key columns to 'ODP_Date', 'ODP_EM_Key', 'source_connection'. This warning may become an exception in a future release
[2025-09-03T17:56:26.090+0000] {processor.py:925} INFO - DAG(s) 'etl_ssg_hanger_lines' retrieved from /opt/airflow/dags/hanger_lane.py
[2025-09-03T17:56:26.131+0000] {logging_mixin.py:190} INFO - [2025-09-03T17:56:26.130+0000] {dag.py:3239} INFO - Sync 1 DAGs
[2025-09-03T17:56:26.171+0000] {logging_mixin.py:190} INFO - [2025-09-03T17:56:26.171+0000] {dag.py:4180} INFO - Setting next_dagrun for etl_ssg_hanger_lines to 2025-09-03 17:00:00+00:00, run_after=2025-09-03 17:30:00+00:00
[2025-09-03T17:56:26.212+0000] {processor.py:208} INFO - Processing /opt/airflow/dags/hanger_lane.py took 0.292 seconds
[2025-09-03T17:56:56.657+0000] {processor.py:186} INFO - Started process (PID=413) to work on /opt/airflow/dags/hanger_lane.py
[2025-09-03T17:56:56.659+0000] {processor.py:914} INFO - Processing file /opt/airflow/dags/hanger_lane.py for tasks to queue
[2025-09-03T17:56:56.662+0000] {logging_mixin.py:190} INFO - [2025-09-03T17:56:56.661+0000] {dagbag.py:588} INFO - Filling up the DagBag from /opt/airflow/dags/hanger_lane.py
[2025-09-03T17:56:56.690+0000] {logging_mixin.py:190} INFO - Python path: ['/home/airflow/.local/bin', '/opt/airflow', '/opt/airflow/include', '/usr/local/lib/python312.zip', '/usr/local/lib/python3.12', '/usr/local/lib/python3.12/lib-dynload', '/home/airflow/.local/lib/python3.12/site-packages', '/opt/airflow/config', '/opt/airflow/plugins', '/opt/airflow/dags', '/opt/airflow/include/dags']
[2025-09-03T17:56:56.690+0000] {logging_mixin.py:190} INFO - DAGs path exists: False
[2025-09-03T17:56:56.691+0000] {logging_mixin.py:190} INFO - db_utils.py exists: False
[2025-09-03T17:56:56.778+0000] {logging_mixin.py:190} INFO - Successfully imported PySpark modules
[2025-09-03T17:56:56.779+0000] {logging_mixin.py:190} INFO - Successfully imported db_utils
[2025-09-03T17:56:56.780+0000] {logging_mixin.py:190} INFO - Successfully imported functions from hanger_line_transform.py
[2025-09-03T17:56:56.806+0000] {logging_mixin.py:190} WARNING - /opt/airflow/dags/create_target_pg_hl_table.py:65 SAWarning: Table 'opd_date_shift' specifies columns 'id' as primary_key=True, not matching locally specified columns 'ODP_Date', 'Shift', 'source_connection'; setting the current primary key columns to 'ODP_Date', 'Shift', 'source_connection'. This warning may become an exception in a future release
[2025-09-03T17:56:56.807+0000] {logging_mixin.py:190} WARNING - /opt/airflow/dags/create_target_pg_hl_table.py:80 SAWarning: Table 'opd_date_oc' specifies columns 'id' as primary_key=True, not matching locally specified columns 'ODP_Date', 'OC_Description', 'source_connection'; setting the current primary key columns to 'ODP_Date', 'OC_Description', 'source_connection'. This warning may become an exception in a future release
[2025-09-03T17:56:56.808+0000] {logging_mixin.py:190} WARNING - /opt/airflow/dags/create_target_pg_hl_table.py:95 SAWarning: Table 'opd_date_employee' specifies columns 'id' as primary_key=True, not matching locally specified columns 'ODP_Date', 'ODP_EM_Key', 'source_connection'; setting the current primary key columns to 'ODP_Date', 'ODP_EM_Key', 'source_connection'. This warning may become an exception in a future release
[2025-09-03T17:56:56.810+0000] {processor.py:925} INFO - DAG(s) 'etl_ssg_hanger_lines' retrieved from /opt/airflow/dags/hanger_lane.py
[2025-09-03T17:56:57.042+0000] {logging_mixin.py:190} INFO - [2025-09-03T17:56:57.042+0000] {dag.py:3239} INFO - Sync 1 DAGs
[2025-09-03T17:56:57.073+0000] {logging_mixin.py:190} INFO - [2025-09-03T17:56:57.072+0000] {dag.py:4180} INFO - Setting next_dagrun for etl_ssg_hanger_lines to 2025-09-03 17:00:00+00:00, run_after=2025-09-03 17:30:00+00:00
[2025-09-03T17:56:57.098+0000] {processor.py:208} INFO - Processing /opt/airflow/dags/hanger_lane.py took 0.449 seconds
[2025-09-03T17:57:27.736+0000] {processor.py:186} INFO - Started process (PID=520) to work on /opt/airflow/dags/hanger_lane.py
[2025-09-03T17:57:27.737+0000] {processor.py:914} INFO - Processing file /opt/airflow/dags/hanger_lane.py for tasks to queue
[2025-09-03T17:57:27.740+0000] {logging_mixin.py:190} INFO - [2025-09-03T17:57:27.740+0000] {dagbag.py:588} INFO - Filling up the DagBag from /opt/airflow/dags/hanger_lane.py
[2025-09-03T17:57:27.768+0000] {logging_mixin.py:190} INFO - Python path: ['/home/airflow/.local/bin', '/opt/airflow', '/opt/airflow/include', '/usr/local/lib/python312.zip', '/usr/local/lib/python3.12', '/usr/local/lib/python3.12/lib-dynload', '/home/airflow/.local/lib/python3.12/site-packages', '/opt/airflow/config', '/opt/airflow/plugins', '/opt/airflow/dags', '/opt/airflow/include/dags']
[2025-09-03T17:57:27.768+0000] {logging_mixin.py:190} INFO - DAGs path exists: False
[2025-09-03T17:57:27.769+0000] {logging_mixin.py:190} INFO - db_utils.py exists: False
[2025-09-03T17:57:27.953+0000] {logging_mixin.py:190} INFO - Successfully imported PySpark modules
[2025-09-03T17:57:27.954+0000] {logging_mixin.py:190} INFO - Successfully imported db_utils
[2025-09-03T17:57:27.955+0000] {logging_mixin.py:190} INFO - Successfully imported functions from hanger_line_transform.py
[2025-09-03T17:57:27.970+0000] {logging_mixin.py:190} WARNING - /opt/airflow/dags/create_target_pg_hl_table.py:65 SAWarning: Table 'opd_date_shift' specifies columns 'id' as primary_key=True, not matching locally specified columns 'ODP_Date', 'Shift', 'source_connection'; setting the current primary key columns to 'ODP_Date', 'Shift', 'source_connection'. This warning may become an exception in a future release
[2025-09-03T17:57:27.971+0000] {logging_mixin.py:190} WARNING - /opt/airflow/dags/create_target_pg_hl_table.py:80 SAWarning: Table 'opd_date_oc' specifies columns 'id' as primary_key=True, not matching locally specified columns 'ODP_Date', 'OC_Description', 'source_connection'; setting the current primary key columns to 'ODP_Date', 'OC_Description', 'source_connection'. This warning may become an exception in a future release
[2025-09-03T17:57:27.972+0000] {logging_mixin.py:190} WARNING - /opt/airflow/dags/create_target_pg_hl_table.py:95 SAWarning: Table 'opd_date_employee' specifies columns 'id' as primary_key=True, not matching locally specified columns 'ODP_Date', 'ODP_EM_Key', 'source_connection'; setting the current primary key columns to 'ODP_Date', 'ODP_EM_Key', 'source_connection'. This warning may become an exception in a future release
[2025-09-03T17:57:27.973+0000] {processor.py:925} INFO - DAG(s) 'etl_ssg_hanger_lines' retrieved from /opt/airflow/dags/hanger_lane.py
[2025-09-03T17:57:27.994+0000] {logging_mixin.py:190} INFO - [2025-09-03T17:57:27.994+0000] {dag.py:3239} INFO - Sync 1 DAGs
[2025-09-03T17:57:28.018+0000] {logging_mixin.py:190} INFO - [2025-09-03T17:57:28.018+0000] {dag.py:4180} INFO - Setting next_dagrun for etl_ssg_hanger_lines to 2025-09-03 17:00:00+00:00, run_after=2025-09-03 17:30:00+00:00
[2025-09-03T17:57:28.040+0000] {processor.py:208} INFO - Processing /opt/airflow/dags/hanger_lane.py took 0.308 seconds
[2025-09-03T17:57:58.923+0000] {processor.py:186} INFO - Started process (PID=627) to work on /opt/airflow/dags/hanger_lane.py
[2025-09-03T17:57:58.924+0000] {processor.py:914} INFO - Processing file /opt/airflow/dags/hanger_lane.py for tasks to queue
[2025-09-03T17:57:58.926+0000] {logging_mixin.py:190} INFO - [2025-09-03T17:57:58.926+0000] {dagbag.py:588} INFO - Filling up the DagBag from /opt/airflow/dags/hanger_lane.py
[2025-09-03T17:57:58.951+0000] {logging_mixin.py:190} INFO - Python path: ['/home/airflow/.local/bin', '/opt/airflow', '/opt/airflow/include', '/usr/local/lib/python312.zip', '/usr/local/lib/python3.12', '/usr/local/lib/python3.12/lib-dynload', '/home/airflow/.local/lib/python3.12/site-packages', '/opt/airflow/config', '/opt/airflow/plugins', '/opt/airflow/dags', '/opt/airflow/include/dags']
[2025-09-03T17:57:58.952+0000] {logging_mixin.py:190} INFO - DAGs path exists: False
[2025-09-03T17:57:58.952+0000] {logging_mixin.py:190} INFO - db_utils.py exists: False
[2025-09-03T17:57:59.162+0000] {logging_mixin.py:190} INFO - Successfully imported PySpark modules
[2025-09-03T17:57:59.163+0000] {logging_mixin.py:190} INFO - Successfully imported db_utils
[2025-09-03T17:57:59.163+0000] {logging_mixin.py:190} INFO - Successfully imported functions from hanger_line_transform.py
[2025-09-03T17:57:59.179+0000] {logging_mixin.py:190} WARNING - /opt/airflow/dags/create_target_pg_hl_table.py:65 SAWarning: Table 'opd_date_shift' specifies columns 'id' as primary_key=True, not matching locally specified columns 'ODP_Date', 'Shift', 'source_connection'; setting the current primary key columns to 'ODP_Date', 'Shift', 'source_connection'. This warning may become an exception in a future release
[2025-09-03T17:57:59.181+0000] {logging_mixin.py:190} WARNING - /opt/airflow/dags/create_target_pg_hl_table.py:80 SAWarning: Table 'opd_date_oc' specifies columns 'id' as primary_key=True, not matching locally specified columns 'ODP_Date', 'OC_Description', 'source_connection'; setting the current primary key columns to 'ODP_Date', 'OC_Description', 'source_connection'. This warning may become an exception in a future release
[2025-09-03T17:57:59.182+0000] {logging_mixin.py:190} WARNING - /opt/airflow/dags/create_target_pg_hl_table.py:95 SAWarning: Table 'opd_date_employee' specifies columns 'id' as primary_key=True, not matching locally specified columns 'ODP_Date', 'ODP_EM_Key', 'source_connection'; setting the current primary key columns to 'ODP_Date', 'ODP_EM_Key', 'source_connection'. This warning may become an exception in a future release
[2025-09-03T17:57:59.184+0000] {processor.py:925} INFO - DAG(s) 'etl_ssg_hanger_lines' retrieved from /opt/airflow/dags/hanger_lane.py
[2025-09-03T17:57:59.272+0000] {logging_mixin.py:190} INFO - [2025-09-03T17:57:59.271+0000] {dag.py:3239} INFO - Sync 1 DAGs
[2025-09-03T17:57:59.292+0000] {logging_mixin.py:190} INFO - [2025-09-03T17:57:59.292+0000] {dag.py:4180} INFO - Setting next_dagrun for etl_ssg_hanger_lines to 2025-09-03 17:00:00+00:00, run_after=2025-09-03 17:30:00+00:00
[2025-09-03T17:57:59.318+0000] {processor.py:208} INFO - Processing /opt/airflow/dags/hanger_lane.py took 0.400 seconds
[2025-09-03T17:58:30.242+0000] {processor.py:186} INFO - Started process (PID=734) to work on /opt/airflow/dags/hanger_lane.py
[2025-09-03T17:58:30.244+0000] {processor.py:914} INFO - Processing file /opt/airflow/dags/hanger_lane.py for tasks to queue
[2025-09-03T17:58:30.247+0000] {logging_mixin.py:190} INFO - [2025-09-03T17:58:30.247+0000] {dagbag.py:588} INFO - Filling up the DagBag from /opt/airflow/dags/hanger_lane.py
[2025-09-03T17:58:30.279+0000] {logging_mixin.py:190} INFO - Python path: ['/home/airflow/.local/bin', '/opt/airflow', '/opt/airflow/include', '/usr/local/lib/python312.zip', '/usr/local/lib/python3.12', '/usr/local/lib/python3.12/lib-dynload', '/home/airflow/.local/lib/python3.12/site-packages', '/opt/airflow/config', '/opt/airflow/plugins', '/opt/airflow/dags', '/opt/airflow/include/dags']
[2025-09-03T17:58:30.279+0000] {logging_mixin.py:190} INFO - DAGs path exists: False
[2025-09-03T17:58:30.280+0000] {logging_mixin.py:190} INFO - db_utils.py exists: False
[2025-09-03T17:58:30.475+0000] {logging_mixin.py:190} INFO - Successfully imported PySpark modules
[2025-09-03T17:58:30.477+0000] {logging_mixin.py:190} INFO - Successfully imported db_utils
[2025-09-03T17:58:30.477+0000] {logging_mixin.py:190} INFO - Successfully imported functions from hanger_line_transform.py
[2025-09-03T17:58:30.486+0000] {logging_mixin.py:190} WARNING - /opt/airflow/dags/create_target_pg_hl_table.py:65 SAWarning: Table 'opd_date_shift' specifies columns 'id' as primary_key=True, not matching locally specified columns 'ODP_Date', 'Shift', 'source_connection'; setting the current primary key columns to 'ODP_Date', 'Shift', 'source_connection'. This warning may become an exception in a future release
[2025-09-03T17:58:30.487+0000] {logging_mixin.py:190} WARNING - /opt/airflow/dags/create_target_pg_hl_table.py:80 SAWarning: Table 'opd_date_oc' specifies columns 'id' as primary_key=True, not matching locally specified columns 'ODP_Date', 'OC_Description', 'source_connection'; setting the current primary key columns to 'ODP_Date', 'OC_Description', 'source_connection'. This warning may become an exception in a future release
[2025-09-03T17:58:30.488+0000] {logging_mixin.py:190} WARNING - /opt/airflow/dags/create_target_pg_hl_table.py:95 SAWarning: Table 'opd_date_employee' specifies columns 'id' as primary_key=True, not matching locally specified columns 'ODP_Date', 'ODP_EM_Key', 'source_connection'; setting the current primary key columns to 'ODP_Date', 'ODP_EM_Key', 'source_connection'. This warning may become an exception in a future release
[2025-09-03T17:58:30.489+0000] {processor.py:925} INFO - DAG(s) 'etl_ssg_hanger_lines' retrieved from /opt/airflow/dags/hanger_lane.py
[2025-09-03T17:58:30.516+0000] {logging_mixin.py:190} INFO - [2025-09-03T17:58:30.516+0000] {dag.py:3239} INFO - Sync 1 DAGs
[2025-09-03T17:58:30.549+0000] {logging_mixin.py:190} INFO - [2025-09-03T17:58:30.548+0000] {dag.py:4180} INFO - Setting next_dagrun for etl_ssg_hanger_lines to 2025-09-03 17:00:00+00:00, run_after=2025-09-03 17:30:00+00:00
[2025-09-03T17:58:30.570+0000] {processor.py:208} INFO - Processing /opt/airflow/dags/hanger_lane.py took 0.334 seconds
[2025-09-03T17:59:01.462+0000] {processor.py:186} INFO - Started process (PID=841) to work on /opt/airflow/dags/hanger_lane.py
[2025-09-03T17:59:01.463+0000] {processor.py:914} INFO - Processing file /opt/airflow/dags/hanger_lane.py for tasks to queue
[2025-09-03T17:59:01.467+0000] {logging_mixin.py:190} INFO - [2025-09-03T17:59:01.466+0000] {dagbag.py:588} INFO - Filling up the DagBag from /opt/airflow/dags/hanger_lane.py
[2025-09-03T17:59:01.500+0000] {logging_mixin.py:190} INFO - Python path: ['/home/airflow/.local/bin', '/opt/airflow', '/opt/airflow/include', '/usr/local/lib/python312.zip', '/usr/local/lib/python3.12', '/usr/local/lib/python3.12/lib-dynload', '/home/airflow/.local/lib/python3.12/site-packages', '/opt/airflow/config', '/opt/airflow/plugins', '/opt/airflow/dags', '/opt/airflow/include/dags']
[2025-09-03T17:59:01.501+0000] {logging_mixin.py:190} INFO - DAGs path exists: False
[2025-09-03T17:59:01.502+0000] {logging_mixin.py:190} INFO - db_utils.py exists: False
[2025-09-03T17:59:01.696+0000] {logging_mixin.py:190} INFO - Successfully imported PySpark modules
[2025-09-03T17:59:01.697+0000] {logging_mixin.py:190} INFO - Successfully imported db_utils
[2025-09-03T17:59:01.698+0000] {logging_mixin.py:190} INFO - Successfully imported functions from hanger_line_transform.py
[2025-09-03T17:59:01.714+0000] {logging_mixin.py:190} WARNING - /opt/airflow/dags/create_target_pg_hl_table.py:65 SAWarning: Table 'opd_date_shift' specifies columns 'id' as primary_key=True, not matching locally specified columns 'ODP_Date', 'Shift', 'source_connection'; setting the current primary key columns to 'ODP_Date', 'Shift', 'source_connection'. This warning may become an exception in a future release
[2025-09-03T17:59:01.715+0000] {logging_mixin.py:190} WARNING - /opt/airflow/dags/create_target_pg_hl_table.py:80 SAWarning: Table 'opd_date_oc' specifies columns 'id' as primary_key=True, not matching locally specified columns 'ODP_Date', 'OC_Description', 'source_connection'; setting the current primary key columns to 'ODP_Date', 'OC_Description', 'source_connection'. This warning may become an exception in a future release
[2025-09-03T17:59:01.716+0000] {logging_mixin.py:190} WARNING - /opt/airflow/dags/create_target_pg_hl_table.py:95 SAWarning: Table 'opd_date_employee' specifies columns 'id' as primary_key=True, not matching locally specified columns 'ODP_Date', 'ODP_EM_Key', 'source_connection'; setting the current primary key columns to 'ODP_Date', 'ODP_EM_Key', 'source_connection'. This warning may become an exception in a future release
[2025-09-03T17:59:01.717+0000] {processor.py:925} INFO - DAG(s) 'etl_ssg_hanger_lines' retrieved from /opt/airflow/dags/hanger_lane.py
[2025-09-03T17:59:01.800+0000] {logging_mixin.py:190} INFO - [2025-09-03T17:59:01.799+0000] {dag.py:3239} INFO - Sync 1 DAGs
[2025-09-03T17:59:01.826+0000] {logging_mixin.py:190} INFO - [2025-09-03T17:59:01.826+0000] {dag.py:4180} INFO - Setting next_dagrun for etl_ssg_hanger_lines to 2025-09-03 17:00:00+00:00, run_after=2025-09-03 17:30:00+00:00
[2025-09-03T17:59:01.850+0000] {processor.py:208} INFO - Processing /opt/airflow/dags/hanger_lane.py took 0.397 seconds
[2025-09-03T17:59:32.706+0000] {processor.py:186} INFO - Started process (PID=948) to work on /opt/airflow/dags/hanger_lane.py
[2025-09-03T17:59:32.708+0000] {processor.py:914} INFO - Processing file /opt/airflow/dags/hanger_lane.py for tasks to queue
[2025-09-03T17:59:32.712+0000] {logging_mixin.py:190} INFO - [2025-09-03T17:59:32.711+0000] {dagbag.py:588} INFO - Filling up the DagBag from /opt/airflow/dags/hanger_lane.py
[2025-09-03T17:59:32.904+0000] {logging_mixin.py:190} INFO - Python path: ['/home/airflow/.local/bin', '/opt/airflow', '/opt/airflow/include', '/usr/local/lib/python312.zip', '/usr/local/lib/python3.12', '/usr/local/lib/python3.12/lib-dynload', '/home/airflow/.local/lib/python3.12/site-packages', '/opt/airflow/config', '/opt/airflow/plugins', '/opt/airflow/dags', '/opt/airflow/include/dags']
[2025-09-03T17:59:32.905+0000] {logging_mixin.py:190} INFO - DAGs path exists: False
[2025-09-03T17:59:32.906+0000] {logging_mixin.py:190} INFO - db_utils.py exists: False
[2025-09-03T17:59:32.964+0000] {logging_mixin.py:190} INFO - Successfully imported PySpark modules
[2025-09-03T17:59:32.965+0000] {logging_mixin.py:190} INFO - Successfully imported db_utils
[2025-09-03T17:59:32.966+0000] {logging_mixin.py:190} INFO - Successfully imported functions from hanger_line_transform.py
[2025-09-03T17:59:32.984+0000] {logging_mixin.py:190} WARNING - /opt/airflow/dags/create_target_pg_hl_table.py:65 SAWarning: Table 'opd_date_shift' specifies columns 'id' as primary_key=True, not matching locally specified columns 'ODP_Date', 'Shift', 'source_connection'; setting the current primary key columns to 'ODP_Date', 'Shift', 'source_connection'. This warning may become an exception in a future release
[2025-09-03T17:59:32.985+0000] {logging_mixin.py:190} WARNING - /opt/airflow/dags/create_target_pg_hl_table.py:80 SAWarning: Table 'opd_date_oc' specifies columns 'id' as primary_key=True, not matching locally specified columns 'ODP_Date', 'OC_Description', 'source_connection'; setting the current primary key columns to 'ODP_Date', 'OC_Description', 'source_connection'. This warning may become an exception in a future release
[2025-09-03T17:59:32.985+0000] {logging_mixin.py:190} WARNING - /opt/airflow/dags/create_target_pg_hl_table.py:95 SAWarning: Table 'opd_date_employee' specifies columns 'id' as primary_key=True, not matching locally specified columns 'ODP_Date', 'ODP_EM_Key', 'source_connection'; setting the current primary key columns to 'ODP_Date', 'ODP_EM_Key', 'source_connection'. This warning may become an exception in a future release
[2025-09-03T17:59:32.987+0000] {processor.py:925} INFO - DAG(s) 'etl_ssg_hanger_lines' retrieved from /opt/airflow/dags/hanger_lane.py
[2025-09-03T17:59:33.017+0000] {logging_mixin.py:190} INFO - [2025-09-03T17:59:33.017+0000] {dag.py:3239} INFO - Sync 1 DAGs
[2025-09-03T17:59:33.037+0000] {logging_mixin.py:190} INFO - [2025-09-03T17:59:33.037+0000] {dag.py:4180} INFO - Setting next_dagrun for etl_ssg_hanger_lines to 2025-09-03 17:00:00+00:00, run_after=2025-09-03 17:30:00+00:00
[2025-09-03T17:59:33.055+0000] {processor.py:208} INFO - Processing /opt/airflow/dags/hanger_lane.py took 0.354 seconds
[2025-09-03T18:00:03.967+0000] {processor.py:186} INFO - Started process (PID=1055) to work on /opt/airflow/dags/hanger_lane.py
[2025-09-03T18:00:03.969+0000] {processor.py:914} INFO - Processing file /opt/airflow/dags/hanger_lane.py for tasks to queue
[2025-09-03T18:00:03.972+0000] {logging_mixin.py:190} INFO - [2025-09-03T18:00:03.971+0000] {dagbag.py:588} INFO - Filling up the DagBag from /opt/airflow/dags/hanger_lane.py
[2025-09-03T18:00:04.002+0000] {logging_mixin.py:190} INFO - Python path: ['/home/airflow/.local/bin', '/opt/airflow', '/opt/airflow/include', '/usr/local/lib/python312.zip', '/usr/local/lib/python3.12', '/usr/local/lib/python3.12/lib-dynload', '/home/airflow/.local/lib/python3.12/site-packages', '/opt/airflow/config', '/opt/airflow/plugins', '/opt/airflow/dags', '/opt/airflow/include/dags']
[2025-09-03T18:00:04.002+0000] {logging_mixin.py:190} INFO - DAGs path exists: False
[2025-09-03T18:00:04.002+0000] {logging_mixin.py:190} INFO - db_utils.py exists: False
[2025-09-03T18:00:04.049+0000] {logging_mixin.py:190} INFO - Successfully imported PySpark modules
[2025-09-03T18:00:04.051+0000] {logging_mixin.py:190} INFO - Successfully imported db_utils
[2025-09-03T18:00:04.051+0000] {logging_mixin.py:190} INFO - Successfully imported functions from hanger_line_transform.py
[2025-09-03T18:00:04.063+0000] {logging_mixin.py:190} WARNING - /opt/airflow/dags/create_target_pg_hl_table.py:65 SAWarning: Table 'opd_date_shift' specifies columns 'id' as primary_key=True, not matching locally specified columns 'ODP_Date', 'Shift', 'source_connection'; setting the current primary key columns to 'ODP_Date', 'Shift', 'source_connection'. This warning may become an exception in a future release
[2025-09-03T18:00:04.064+0000] {logging_mixin.py:190} WARNING - /opt/airflow/dags/create_target_pg_hl_table.py:80 SAWarning: Table 'opd_date_oc' specifies columns 'id' as primary_key=True, not matching locally specified columns 'ODP_Date', 'OC_Description', 'source_connection'; setting the current primary key columns to 'ODP_Date', 'OC_Description', 'source_connection'. This warning may become an exception in a future release
[2025-09-03T18:00:04.065+0000] {logging_mixin.py:190} WARNING - /opt/airflow/dags/create_target_pg_hl_table.py:95 SAWarning: Table 'opd_date_employee' specifies columns 'id' as primary_key=True, not matching locally specified columns 'ODP_Date', 'ODP_EM_Key', 'source_connection'; setting the current primary key columns to 'ODP_Date', 'ODP_EM_Key', 'source_connection'. This warning may become an exception in a future release
[2025-09-03T18:00:04.067+0000] {processor.py:925} INFO - DAG(s) 'etl_ssg_hanger_lines' retrieved from /opt/airflow/dags/hanger_lane.py
[2025-09-03T18:00:04.164+0000] {logging_mixin.py:190} INFO - [2025-09-03T18:00:04.164+0000] {dag.py:3239} INFO - Sync 1 DAGs
[2025-09-03T18:00:04.191+0000] {logging_mixin.py:190} INFO - [2025-09-03T18:00:04.191+0000] {dag.py:4180} INFO - Setting next_dagrun for etl_ssg_hanger_lines to 2025-09-03 17:30:00+00:00, run_after=2025-09-03 18:00:00+00:00
[2025-09-03T18:00:04.215+0000] {processor.py:208} INFO - Processing /opt/airflow/dags/hanger_lane.py took 0.252 seconds
[2025-09-03T18:00:34.735+0000] {processor.py:186} INFO - Started process (PID=1162) to work on /opt/airflow/dags/hanger_lane.py
[2025-09-03T18:00:34.736+0000] {processor.py:914} INFO - Processing file /opt/airflow/dags/hanger_lane.py for tasks to queue
[2025-09-03T18:00:34.739+0000] {logging_mixin.py:190} INFO - [2025-09-03T18:00:34.739+0000] {dagbag.py:588} INFO - Filling up the DagBag from /opt/airflow/dags/hanger_lane.py
[2025-09-03T18:00:34.762+0000] {logging_mixin.py:190} INFO - Python path: ['/home/airflow/.local/bin', '/opt/airflow', '/opt/airflow/include', '/usr/local/lib/python312.zip', '/usr/local/lib/python3.12', '/usr/local/lib/python3.12/lib-dynload', '/home/airflow/.local/lib/python3.12/site-packages', '/opt/airflow/config', '/opt/airflow/plugins', '/opt/airflow/dags', '/opt/airflow/include/dags']
[2025-09-03T18:00:34.763+0000] {logging_mixin.py:190} INFO - DAGs path exists: False
[2025-09-03T18:00:34.763+0000] {logging_mixin.py:190} INFO - db_utils.py exists: False
[2025-09-03T18:00:34.820+0000] {logging_mixin.py:190} INFO - Successfully imported PySpark modules
[2025-09-03T18:00:34.821+0000] {logging_mixin.py:190} INFO - Successfully imported db_utils
[2025-09-03T18:00:34.821+0000] {logging_mixin.py:190} INFO - Successfully imported functions from hanger_line_transform.py
[2025-09-03T18:00:34.834+0000] {logging_mixin.py:190} WARNING - /opt/airflow/dags/create_target_pg_hl_table.py:65 SAWarning: Table 'opd_date_shift' specifies columns 'id' as primary_key=True, not matching locally specified columns 'ODP_Date', 'Shift', 'source_connection'; setting the current primary key columns to 'ODP_Date', 'Shift', 'source_connection'. This warning may become an exception in a future release
[2025-09-03T18:00:34.835+0000] {logging_mixin.py:190} WARNING - /opt/airflow/dags/create_target_pg_hl_table.py:80 SAWarning: Table 'opd_date_oc' specifies columns 'id' as primary_key=True, not matching locally specified columns 'ODP_Date', 'OC_Description', 'source_connection'; setting the current primary key columns to 'ODP_Date', 'OC_Description', 'source_connection'. This warning may become an exception in a future release
[2025-09-03T18:00:34.836+0000] {logging_mixin.py:190} WARNING - /opt/airflow/dags/create_target_pg_hl_table.py:95 SAWarning: Table 'opd_date_employee' specifies columns 'id' as primary_key=True, not matching locally specified columns 'ODP_Date', 'ODP_EM_Key', 'source_connection'; setting the current primary key columns to 'ODP_Date', 'ODP_EM_Key', 'source_connection'. This warning may become an exception in a future release
[2025-09-03T18:00:34.840+0000] {processor.py:925} INFO - DAG(s) 'etl_ssg_hanger_lines' retrieved from /opt/airflow/dags/hanger_lane.py
[2025-09-03T18:00:34.866+0000] {logging_mixin.py:190} INFO - [2025-09-03T18:00:34.866+0000] {dag.py:3239} INFO - Sync 1 DAGs
[2025-09-03T18:00:34.891+0000] {logging_mixin.py:190} INFO - [2025-09-03T18:00:34.890+0000] {dag.py:4180} INFO - Setting next_dagrun for etl_ssg_hanger_lines to 2025-09-03 17:30:00+00:00, run_after=2025-09-03 18:00:00+00:00
[2025-09-03T18:00:34.916+0000] {processor.py:208} INFO - Processing /opt/airflow/dags/hanger_lane.py took 0.189 seconds
[2025-09-03T18:01:05.661+0000] {processor.py:186} INFO - Started process (PID=1269) to work on /opt/airflow/dags/hanger_lane.py
[2025-09-03T18:01:05.662+0000] {processor.py:914} INFO - Processing file /opt/airflow/dags/hanger_lane.py for tasks to queue
[2025-09-03T18:01:05.664+0000] {logging_mixin.py:190} INFO - [2025-09-03T18:01:05.664+0000] {dagbag.py:588} INFO - Filling up the DagBag from /opt/airflow/dags/hanger_lane.py
[2025-09-03T18:01:05.686+0000] {logging_mixin.py:190} INFO - Python path: ['/home/airflow/.local/bin', '/opt/airflow', '/opt/airflow/include', '/usr/local/lib/python312.zip', '/usr/local/lib/python3.12', '/usr/local/lib/python3.12/lib-dynload', '/home/airflow/.local/lib/python3.12/site-packages', '/opt/airflow/config', '/opt/airflow/plugins', '/opt/airflow/dags', '/opt/airflow/include/dags']
[2025-09-03T18:01:05.687+0000] {logging_mixin.py:190} INFO - DAGs path exists: False
[2025-09-03T18:01:05.687+0000] {logging_mixin.py:190} INFO - db_utils.py exists: False
[2025-09-03T18:01:05.752+0000] {logging_mixin.py:190} INFO - Successfully imported PySpark modules
[2025-09-03T18:01:05.754+0000] {logging_mixin.py:190} INFO - Successfully imported db_utils
[2025-09-03T18:01:05.754+0000] {logging_mixin.py:190} INFO - Successfully imported functions from hanger_line_transform.py
[2025-09-03T18:01:05.771+0000] {logging_mixin.py:190} WARNING - /opt/airflow/dags/create_target_pg_hl_table.py:65 SAWarning: Table 'opd_date_shift' specifies columns 'id' as primary_key=True, not matching locally specified columns 'ODP_Date', 'Shift', 'source_connection'; setting the current primary key columns to 'ODP_Date', 'Shift', 'source_connection'. This warning may become an exception in a future release
[2025-09-03T18:01:05.772+0000] {logging_mixin.py:190} WARNING - /opt/airflow/dags/create_target_pg_hl_table.py:80 SAWarning: Table 'opd_date_oc' specifies columns 'id' as primary_key=True, not matching locally specified columns 'ODP_Date', 'OC_Description', 'source_connection'; setting the current primary key columns to 'ODP_Date', 'OC_Description', 'source_connection'. This warning may become an exception in a future release
[2025-09-03T18:01:05.774+0000] {logging_mixin.py:190} WARNING - /opt/airflow/dags/create_target_pg_hl_table.py:95 SAWarning: Table 'opd_date_employee' specifies columns 'id' as primary_key=True, not matching locally specified columns 'ODP_Date', 'ODP_EM_Key', 'source_connection'; setting the current primary key columns to 'ODP_Date', 'ODP_EM_Key', 'source_connection'. This warning may become an exception in a future release
[2025-09-03T18:01:05.776+0000] {processor.py:925} INFO - DAG(s) 'etl_ssg_hanger_lines' retrieved from /opt/airflow/dags/hanger_lane.py
[2025-09-03T18:01:05.887+0000] {logging_mixin.py:190} INFO - [2025-09-03T18:01:05.887+0000] {dag.py:3239} INFO - Sync 1 DAGs
[2025-09-03T18:01:05.913+0000] {logging_mixin.py:190} INFO - [2025-09-03T18:01:05.912+0000] {dag.py:4180} INFO - Setting next_dagrun for etl_ssg_hanger_lines to 2025-09-03 17:30:00+00:00, run_after=2025-09-03 18:00:00+00:00
[2025-09-03T18:01:05.937+0000] {processor.py:208} INFO - Processing /opt/airflow/dags/hanger_lane.py took 0.284 seconds
[2025-09-03T18:01:36.447+0000] {processor.py:186} INFO - Started process (PID=1376) to work on /opt/airflow/dags/hanger_lane.py
[2025-09-03T18:01:36.448+0000] {processor.py:914} INFO - Processing file /opt/airflow/dags/hanger_lane.py for tasks to queue
[2025-09-03T18:01:36.451+0000] {logging_mixin.py:190} INFO - [2025-09-03T18:01:36.450+0000] {dagbag.py:588} INFO - Filling up the DagBag from /opt/airflow/dags/hanger_lane.py
[2025-09-03T18:01:36.467+0000] {logging_mixin.py:190} INFO - Python path: ['/home/airflow/.local/bin', '/opt/airflow', '/opt/airflow/include', '/usr/local/lib/python312.zip', '/usr/local/lib/python3.12', '/usr/local/lib/python3.12/lib-dynload', '/home/airflow/.local/lib/python3.12/site-packages', '/opt/airflow/config', '/opt/airflow/plugins', '/opt/airflow/dags', '/opt/airflow/include/dags']
[2025-09-03T18:01:36.467+0000] {logging_mixin.py:190} INFO - DAGs path exists: False
[2025-09-03T18:01:36.468+0000] {logging_mixin.py:190} INFO - db_utils.py exists: False
[2025-09-03T18:01:36.539+0000] {logging_mixin.py:190} INFO - Successfully imported PySpark modules
[2025-09-03T18:01:36.540+0000] {logging_mixin.py:190} INFO - Successfully imported db_utils
[2025-09-03T18:01:36.541+0000] {logging_mixin.py:190} INFO - Successfully imported functions from hanger_line_transform.py
[2025-09-03T18:01:36.565+0000] {logging_mixin.py:190} WARNING - /opt/airflow/dags/create_target_pg_hl_table.py:65 SAWarning: Table 'opd_date_shift' specifies columns 'id' as primary_key=True, not matching locally specified columns 'ODP_Date', 'Shift', 'source_connection'; setting the current primary key columns to 'ODP_Date', 'Shift', 'source_connection'. This warning may become an exception in a future release
[2025-09-03T18:01:36.567+0000] {logging_mixin.py:190} WARNING - /opt/airflow/dags/create_target_pg_hl_table.py:80 SAWarning: Table 'opd_date_oc' specifies columns 'id' as primary_key=True, not matching locally specified columns 'ODP_Date', 'OC_Description', 'source_connection'; setting the current primary key columns to 'ODP_Date', 'OC_Description', 'source_connection'. This warning may become an exception in a future release
[2025-09-03T18:01:36.568+0000] {logging_mixin.py:190} WARNING - /opt/airflow/dags/create_target_pg_hl_table.py:95 SAWarning: Table 'opd_date_employee' specifies columns 'id' as primary_key=True, not matching locally specified columns 'ODP_Date', 'ODP_EM_Key', 'source_connection'; setting the current primary key columns to 'ODP_Date', 'ODP_EM_Key', 'source_connection'. This warning may become an exception in a future release
[2025-09-03T18:01:36.575+0000] {processor.py:925} INFO - DAG(s) 'etl_ssg_hanger_lines' retrieved from /opt/airflow/dags/hanger_lane.py
[2025-09-03T18:01:36.609+0000] {logging_mixin.py:190} INFO - [2025-09-03T18:01:36.609+0000] {dag.py:3239} INFO - Sync 1 DAGs
[2025-09-03T18:01:36.641+0000] {logging_mixin.py:190} INFO - [2025-09-03T18:01:36.641+0000] {dag.py:4180} INFO - Setting next_dagrun for etl_ssg_hanger_lines to 2025-09-03 17:30:00+00:00, run_after=2025-09-03 18:00:00+00:00
[2025-09-03T18:01:36.662+0000] {processor.py:208} INFO - Processing /opt/airflow/dags/hanger_lane.py took 0.220 seconds
[2025-09-03T18:02:07.205+0000] {processor.py:186} INFO - Started process (PID=1483) to work on /opt/airflow/dags/hanger_lane.py
[2025-09-03T18:02:07.206+0000] {processor.py:914} INFO - Processing file /opt/airflow/dags/hanger_lane.py for tasks to queue
[2025-09-03T18:02:07.209+0000] {logging_mixin.py:190} INFO - [2025-09-03T18:02:07.208+0000] {dagbag.py:588} INFO - Filling up the DagBag from /opt/airflow/dags/hanger_lane.py
[2025-09-03T18:02:07.228+0000] {logging_mixin.py:190} INFO - Python path: ['/home/airflow/.local/bin', '/opt/airflow', '/opt/airflow/include', '/usr/local/lib/python312.zip', '/usr/local/lib/python3.12', '/usr/local/lib/python3.12/lib-dynload', '/home/airflow/.local/lib/python3.12/site-packages', '/opt/airflow/config', '/opt/airflow/plugins', '/opt/airflow/dags', '/opt/airflow/include/dags']
[2025-09-03T18:02:07.228+0000] {logging_mixin.py:190} INFO - DAGs path exists: False
[2025-09-03T18:02:07.229+0000] {logging_mixin.py:190} INFO - db_utils.py exists: False
[2025-09-03T18:02:07.278+0000] {logging_mixin.py:190} INFO - Successfully imported PySpark modules
[2025-09-03T18:02:07.279+0000] {logging_mixin.py:190} INFO - Successfully imported db_utils
[2025-09-03T18:02:07.279+0000] {logging_mixin.py:190} INFO - Successfully imported functions from hanger_line_transform.py
[2025-09-03T18:02:07.291+0000] {logging_mixin.py:190} WARNING - /opt/airflow/dags/create_target_pg_hl_table.py:65 SAWarning: Table 'opd_date_shift' specifies columns 'id' as primary_key=True, not matching locally specified columns 'ODP_Date', 'Shift', 'source_connection'; setting the current primary key columns to 'ODP_Date', 'Shift', 'source_connection'. This warning may become an exception in a future release
[2025-09-03T18:02:07.292+0000] {logging_mixin.py:190} WARNING - /opt/airflow/dags/create_target_pg_hl_table.py:80 SAWarning: Table 'opd_date_oc' specifies columns 'id' as primary_key=True, not matching locally specified columns 'ODP_Date', 'OC_Description', 'source_connection'; setting the current primary key columns to 'ODP_Date', 'OC_Description', 'source_connection'. This warning may become an exception in a future release
[2025-09-03T18:02:07.293+0000] {logging_mixin.py:190} WARNING - /opt/airflow/dags/create_target_pg_hl_table.py:95 SAWarning: Table 'opd_date_employee' specifies columns 'id' as primary_key=True, not matching locally specified columns 'ODP_Date', 'ODP_EM_Key', 'source_connection'; setting the current primary key columns to 'ODP_Date', 'ODP_EM_Key', 'source_connection'. This warning may become an exception in a future release
[2025-09-03T18:02:07.295+0000] {processor.py:925} INFO - DAG(s) 'etl_ssg_hanger_lines' retrieved from /opt/airflow/dags/hanger_lane.py
[2025-09-03T18:02:07.397+0000] {logging_mixin.py:190} INFO - [2025-09-03T18:02:07.397+0000] {dag.py:3239} INFO - Sync 1 DAGs
[2025-09-03T18:02:07.418+0000] {logging_mixin.py:190} INFO - [2025-09-03T18:02:07.418+0000] {dag.py:4180} INFO - Setting next_dagrun for etl_ssg_hanger_lines to 2025-09-03 17:30:00+00:00, run_after=2025-09-03 18:00:00+00:00
[2025-09-03T18:02:07.448+0000] {processor.py:208} INFO - Processing /opt/airflow/dags/hanger_lane.py took 0.250 seconds
[2025-09-03T18:02:37.864+0000] {processor.py:186} INFO - Started process (PID=1590) to work on /opt/airflow/dags/hanger_lane.py
[2025-09-03T18:02:37.865+0000] {processor.py:914} INFO - Processing file /opt/airflow/dags/hanger_lane.py for tasks to queue
[2025-09-03T18:02:37.869+0000] {logging_mixin.py:190} INFO - [2025-09-03T18:02:37.867+0000] {dagbag.py:588} INFO - Filling up the DagBag from /opt/airflow/dags/hanger_lane.py
[2025-09-03T18:02:37.892+0000] {logging_mixin.py:190} INFO - Python path: ['/home/airflow/.local/bin', '/opt/airflow', '/opt/airflow/include', '/usr/local/lib/python312.zip', '/usr/local/lib/python3.12', '/usr/local/lib/python3.12/lib-dynload', '/home/airflow/.local/lib/python3.12/site-packages', '/opt/airflow/config', '/opt/airflow/plugins', '/opt/airflow/dags', '/opt/airflow/include/dags']
[2025-09-03T18:02:37.893+0000] {logging_mixin.py:190} INFO - DAGs path exists: False
[2025-09-03T18:02:37.893+0000] {logging_mixin.py:190} INFO - db_utils.py exists: False
[2025-09-03T18:02:37.943+0000] {logging_mixin.py:190} INFO - Successfully imported PySpark modules
[2025-09-03T18:02:37.945+0000] {logging_mixin.py:190} INFO - Successfully imported db_utils
[2025-09-03T18:02:37.945+0000] {logging_mixin.py:190} INFO - Successfully imported functions from hanger_line_transform.py
[2025-09-03T18:02:37.969+0000] {logging_mixin.py:190} WARNING - /opt/airflow/dags/create_target_pg_hl_table.py:65 SAWarning: Table 'opd_date_shift' specifies columns 'id' as primary_key=True, not matching locally specified columns 'ODP_Date', 'Shift', 'source_connection'; setting the current primary key columns to 'ODP_Date', 'Shift', 'source_connection'. This warning may become an exception in a future release
[2025-09-03T18:02:37.970+0000] {logging_mixin.py:190} WARNING - /opt/airflow/dags/create_target_pg_hl_table.py:80 SAWarning: Table 'opd_date_oc' specifies columns 'id' as primary_key=True, not matching locally specified columns 'ODP_Date', 'OC_Description', 'source_connection'; setting the current primary key columns to 'ODP_Date', 'OC_Description', 'source_connection'. This warning may become an exception in a future release
[2025-09-03T18:02:37.972+0000] {logging_mixin.py:190} WARNING - /opt/airflow/dags/create_target_pg_hl_table.py:95 SAWarning: Table 'opd_date_employee' specifies columns 'id' as primary_key=True, not matching locally specified columns 'ODP_Date', 'ODP_EM_Key', 'source_connection'; setting the current primary key columns to 'ODP_Date', 'ODP_EM_Key', 'source_connection'. This warning may become an exception in a future release
[2025-09-03T18:02:37.975+0000] {processor.py:925} INFO - DAG(s) 'etl_ssg_hanger_lines' retrieved from /opt/airflow/dags/hanger_lane.py
[2025-09-03T18:02:38.000+0000] {logging_mixin.py:190} INFO - [2025-09-03T18:02:38.000+0000] {dag.py:3239} INFO - Sync 1 DAGs
[2025-09-03T18:02:38.036+0000] {logging_mixin.py:190} INFO - [2025-09-03T18:02:38.036+0000] {dag.py:4180} INFO - Setting next_dagrun for etl_ssg_hanger_lines to 2025-09-03 17:30:00+00:00, run_after=2025-09-03 18:00:00+00:00
[2025-09-03T18:02:38.057+0000] {processor.py:208} INFO - Processing /opt/airflow/dags/hanger_lane.py took 0.198 seconds
[2025-09-03T18:03:08.568+0000] {processor.py:186} INFO - Started process (PID=1697) to work on /opt/airflow/dags/hanger_lane.py
[2025-09-03T18:03:08.568+0000] {processor.py:914} INFO - Processing file /opt/airflow/dags/hanger_lane.py for tasks to queue
[2025-09-03T18:03:08.570+0000] {logging_mixin.py:190} INFO - [2025-09-03T18:03:08.570+0000] {dagbag.py:588} INFO - Filling up the DagBag from /opt/airflow/dags/hanger_lane.py
[2025-09-03T18:03:08.584+0000] {logging_mixin.py:190} INFO - Python path: ['/home/airflow/.local/bin', '/opt/airflow', '/opt/airflow/include', '/usr/local/lib/python312.zip', '/usr/local/lib/python3.12', '/usr/local/lib/python3.12/lib-dynload', '/home/airflow/.local/lib/python3.12/site-packages', '/opt/airflow/config', '/opt/airflow/plugins', '/opt/airflow/dags', '/opt/airflow/include/dags']
[2025-09-03T18:03:08.584+0000] {logging_mixin.py:190} INFO - DAGs path exists: False
[2025-09-03T18:03:08.584+0000] {logging_mixin.py:190} INFO - db_utils.py exists: False
[2025-09-03T18:03:08.631+0000] {logging_mixin.py:190} INFO - Successfully imported PySpark modules
[2025-09-03T18:03:08.632+0000] {logging_mixin.py:190} INFO - Successfully imported db_utils
[2025-09-03T18:03:08.633+0000] {logging_mixin.py:190} INFO - Successfully imported functions from hanger_line_transform.py
[2025-09-03T18:03:08.646+0000] {logging_mixin.py:190} WARNING - /opt/airflow/dags/create_target_pg_hl_table.py:65 SAWarning: Table 'opd_date_shift' specifies columns 'id' as primary_key=True, not matching locally specified columns 'ODP_Date', 'Shift', 'source_connection'; setting the current primary key columns to 'ODP_Date', 'Shift', 'source_connection'. This warning may become an exception in a future release
[2025-09-03T18:03:08.647+0000] {logging_mixin.py:190} WARNING - /opt/airflow/dags/create_target_pg_hl_table.py:80 SAWarning: Table 'opd_date_oc' specifies columns 'id' as primary_key=True, not matching locally specified columns 'ODP_Date', 'OC_Description', 'source_connection'; setting the current primary key columns to 'ODP_Date', 'OC_Description', 'source_connection'. This warning may become an exception in a future release
[2025-09-03T18:03:08.647+0000] {logging_mixin.py:190} WARNING - /opt/airflow/dags/create_target_pg_hl_table.py:95 SAWarning: Table 'opd_date_employee' specifies columns 'id' as primary_key=True, not matching locally specified columns 'ODP_Date', 'ODP_EM_Key', 'source_connection'; setting the current primary key columns to 'ODP_Date', 'ODP_EM_Key', 'source_connection'. This warning may become an exception in a future release
[2025-09-03T18:03:08.650+0000] {processor.py:925} INFO - DAG(s) 'etl_ssg_hanger_lines' retrieved from /opt/airflow/dags/hanger_lane.py
[2025-09-03T18:03:08.749+0000] {logging_mixin.py:190} INFO - [2025-09-03T18:03:08.749+0000] {dag.py:3239} INFO - Sync 1 DAGs
[2025-09-03T18:03:08.776+0000] {logging_mixin.py:190} INFO - [2025-09-03T18:03:08.776+0000] {dag.py:4180} INFO - Setting next_dagrun for etl_ssg_hanger_lines to 2025-09-03 17:30:00+00:00, run_after=2025-09-03 18:00:00+00:00
[2025-09-03T18:03:08.799+0000] {processor.py:208} INFO - Processing /opt/airflow/dags/hanger_lane.py took 0.236 seconds
[2025-09-03T18:03:39.184+0000] {processor.py:186} INFO - Started process (PID=1804) to work on /opt/airflow/dags/hanger_lane.py
[2025-09-03T18:03:39.185+0000] {processor.py:914} INFO - Processing file /opt/airflow/dags/hanger_lane.py for tasks to queue
[2025-09-03T18:03:39.187+0000] {logging_mixin.py:190} INFO - [2025-09-03T18:03:39.187+0000] {dagbag.py:588} INFO - Filling up the DagBag from /opt/airflow/dags/hanger_lane.py
[2025-09-03T18:03:39.205+0000] {logging_mixin.py:190} INFO - Python path: ['/home/airflow/.local/bin', '/opt/airflow', '/opt/airflow/include', '/usr/local/lib/python312.zip', '/usr/local/lib/python3.12', '/usr/local/lib/python3.12/lib-dynload', '/home/airflow/.local/lib/python3.12/site-packages', '/opt/airflow/config', '/opt/airflow/plugins', '/opt/airflow/dags', '/opt/airflow/include/dags']
[2025-09-03T18:03:39.205+0000] {logging_mixin.py:190} INFO - DAGs path exists: False
[2025-09-03T18:03:39.205+0000] {logging_mixin.py:190} INFO - db_utils.py exists: False
[2025-09-03T18:03:39.256+0000] {logging_mixin.py:190} INFO - Successfully imported PySpark modules
[2025-09-03T18:03:39.256+0000] {logging_mixin.py:190} INFO - Successfully imported db_utils
[2025-09-03T18:03:39.257+0000] {logging_mixin.py:190} INFO - Successfully imported functions from hanger_line_transform.py
[2025-09-03T18:03:39.269+0000] {logging_mixin.py:190} WARNING - /opt/airflow/dags/create_target_pg_hl_table.py:65 SAWarning: Table 'opd_date_shift' specifies columns 'id' as primary_key=True, not matching locally specified columns 'ODP_Date', 'Shift', 'source_connection'; setting the current primary key columns to 'ODP_Date', 'Shift', 'source_connection'. This warning may become an exception in a future release
[2025-09-03T18:03:39.270+0000] {logging_mixin.py:190} WARNING - /opt/airflow/dags/create_target_pg_hl_table.py:80 SAWarning: Table 'opd_date_oc' specifies columns 'id' as primary_key=True, not matching locally specified columns 'ODP_Date', 'OC_Description', 'source_connection'; setting the current primary key columns to 'ODP_Date', 'OC_Description', 'source_connection'. This warning may become an exception in a future release
[2025-09-03T18:03:39.270+0000] {logging_mixin.py:190} WARNING - /opt/airflow/dags/create_target_pg_hl_table.py:95 SAWarning: Table 'opd_date_employee' specifies columns 'id' as primary_key=True, not matching locally specified columns 'ODP_Date', 'ODP_EM_Key', 'source_connection'; setting the current primary key columns to 'ODP_Date', 'ODP_EM_Key', 'source_connection'. This warning may become an exception in a future release
[2025-09-03T18:03:39.273+0000] {processor.py:925} INFO - DAG(s) 'etl_ssg_hanger_lines' retrieved from /opt/airflow/dags/hanger_lane.py
[2025-09-03T18:03:39.300+0000] {logging_mixin.py:190} INFO - [2025-09-03T18:03:39.300+0000] {dag.py:3239} INFO - Sync 1 DAGs
[2025-09-03T18:03:39.328+0000] {logging_mixin.py:190} INFO - [2025-09-03T18:03:39.328+0000] {dag.py:4180} INFO - Setting next_dagrun for etl_ssg_hanger_lines to 2025-09-03 17:30:00+00:00, run_after=2025-09-03 18:00:00+00:00
[2025-09-03T18:03:39.349+0000] {processor.py:208} INFO - Processing /opt/airflow/dags/hanger_lane.py took 0.174 seconds
