[2025-09-03T17:38:25.039+0000] {processor.py:186} INFO - Started process (PID=197) to work on /opt/airflow/dags/hanger_lane_updated_v2.py
[2025-09-03T17:38:25.040+0000] {processor.py:914} INFO - Processing file /opt/airflow/dags/hanger_lane_updated_v2.py for tasks to queue
[2025-09-03T17:38:25.042+0000] {logging_mixin.py:190} INFO - [2025-09-03T17:38:25.042+0000] {dagbag.py:588} INFO - Filling up the DagBag from /opt/airflow/dags/hanger_lane_updated_v2.py
[2025-09-03T17:38:25.060+0000] {logging_mixin.py:190} INFO - Python path: ['/home/airflow/.local/bin', '/opt/airflow', '/opt/airflow/include', '/usr/local/lib/python312.zip', '/usr/local/lib/python3.12', '/usr/local/lib/python3.12/lib-dynload', '/home/airflow/.local/lib/python3.12/site-packages', '/opt/airflow/config', '/opt/airflow/plugins', '/opt/airflow/dags', '/opt/airflow/include/dags']
[2025-09-03T17:38:25.060+0000] {logging_mixin.py:190} INFO - DAGs path exists: False
[2025-09-03T17:38:25.061+0000] {logging_mixin.py:190} INFO - db_utils.py exists: False
[2025-09-03T17:38:25.153+0000] {logging_mixin.py:190} INFO - Successfully imported PySpark modules
[2025-09-03T17:38:25.155+0000] {logging_mixin.py:190} INFO - Successfully imported db_utils
[2025-09-03T17:38:25.155+0000] {logging_mixin.py:190} INFO - Successfully imported functions from hanger_line_transform.py
[2025-09-03T17:38:25.184+0000] {logging_mixin.py:190} WARNING - /opt/airflow/dags/create_target_pg_hl_table.py:65 SAWarning: Table 'opd_date_shift' specifies columns 'id' as primary_key=True, not matching locally specified columns 'ODP_Date', 'Shift', 'source_connection'; setting the current primary key columns to 'ODP_Date', 'Shift', 'source_connection'. This warning may become an exception in a future release
[2025-09-03T17:38:25.186+0000] {logging_mixin.py:190} WARNING - /opt/airflow/dags/create_target_pg_hl_table.py:80 SAWarning: Table 'opd_date_oc' specifies columns 'id' as primary_key=True, not matching locally specified columns 'ODP_Date', 'OC_Description', 'source_connection'; setting the current primary key columns to 'ODP_Date', 'OC_Description', 'source_connection'. This warning may become an exception in a future release
[2025-09-03T17:38:25.189+0000] {logging_mixin.py:190} WARNING - /opt/airflow/dags/create_target_pg_hl_table.py:95 SAWarning: Table 'opd_date_employee' specifies columns 'id' as primary_key=True, not matching locally specified columns 'ODP_Date', 'ODP_EM_Key', 'source_connection'; setting the current primary key columns to 'ODP_Date', 'ODP_EM_Key', 'source_connection'. This warning may become an exception in a future release
[2025-09-03T17:38:25.195+0000] {processor.py:925} INFO - DAG(s) 'etl_ssg_hanger_lines' retrieved from /opt/airflow/dags/hanger_lane_updated_v2.py
[2025-09-03T17:38:25.220+0000] {logging_mixin.py:190} INFO - [2025-09-03T17:38:25.219+0000] {dag.py:3239} INFO - Sync 1 DAGs
[2025-09-03T17:38:25.261+0000] {logging_mixin.py:190} INFO - [2025-09-03T17:38:25.261+0000] {dag.py:4180} INFO - Setting next_dagrun for etl_ssg_hanger_lines to 2025-09-03 17:00:00+00:00, run_after=2025-09-03 17:30:00+00:00
[2025-09-03T17:38:25.297+0000] {processor.py:208} INFO - Processing /opt/airflow/dags/hanger_lane_updated_v2.py took 0.263 seconds
[2025-09-03T17:38:55.570+0000] {processor.py:186} INFO - Started process (PID=306) to work on /opt/airflow/dags/hanger_lane_updated_v2.py
[2025-09-03T17:38:55.571+0000] {processor.py:914} INFO - Processing file /opt/airflow/dags/hanger_lane_updated_v2.py for tasks to queue
[2025-09-03T17:38:55.574+0000] {logging_mixin.py:190} INFO - [2025-09-03T17:38:55.574+0000] {dagbag.py:588} INFO - Filling up the DagBag from /opt/airflow/dags/hanger_lane_updated_v2.py
[2025-09-03T17:38:55.599+0000] {logging_mixin.py:190} INFO - Python path: ['/home/airflow/.local/bin', '/opt/airflow', '/opt/airflow/include', '/usr/local/lib/python312.zip', '/usr/local/lib/python3.12', '/usr/local/lib/python3.12/lib-dynload', '/home/airflow/.local/lib/python3.12/site-packages', '/opt/airflow/config', '/opt/airflow/plugins', '/opt/airflow/dags', '/opt/airflow/include/dags']
[2025-09-03T17:38:55.600+0000] {logging_mixin.py:190} INFO - DAGs path exists: False
[2025-09-03T17:38:55.600+0000] {logging_mixin.py:190} INFO - db_utils.py exists: False
[2025-09-03T17:38:55.664+0000] {logging_mixin.py:190} INFO - Successfully imported PySpark modules
[2025-09-03T17:38:55.666+0000] {logging_mixin.py:190} INFO - Successfully imported db_utils
[2025-09-03T17:38:55.667+0000] {logging_mixin.py:190} INFO - Successfully imported functions from hanger_line_transform.py
[2025-09-03T17:38:55.686+0000] {logging_mixin.py:190} WARNING - /opt/airflow/dags/create_target_pg_hl_table.py:65 SAWarning: Table 'opd_date_shift' specifies columns 'id' as primary_key=True, not matching locally specified columns 'ODP_Date', 'Shift', 'source_connection'; setting the current primary key columns to 'ODP_Date', 'Shift', 'source_connection'. This warning may become an exception in a future release
[2025-09-03T17:38:55.687+0000] {logging_mixin.py:190} WARNING - /opt/airflow/dags/create_target_pg_hl_table.py:80 SAWarning: Table 'opd_date_oc' specifies columns 'id' as primary_key=True, not matching locally specified columns 'ODP_Date', 'OC_Description', 'source_connection'; setting the current primary key columns to 'ODP_Date', 'OC_Description', 'source_connection'. This warning may become an exception in a future release
[2025-09-03T17:38:55.689+0000] {logging_mixin.py:190} WARNING - /opt/airflow/dags/create_target_pg_hl_table.py:95 SAWarning: Table 'opd_date_employee' specifies columns 'id' as primary_key=True, not matching locally specified columns 'ODP_Date', 'ODP_EM_Key', 'source_connection'; setting the current primary key columns to 'ODP_Date', 'ODP_EM_Key', 'source_connection'. This warning may become an exception in a future release
[2025-09-03T17:38:55.692+0000] {processor.py:925} INFO - DAG(s) 'etl_ssg_hanger_lines' retrieved from /opt/airflow/dags/hanger_lane_updated_v2.py
[2025-09-03T17:38:55.911+0000] {logging_mixin.py:190} INFO - [2025-09-03T17:38:55.911+0000] {dag.py:3239} INFO - Sync 1 DAGs
[2025-09-03T17:38:55.937+0000] {logging_mixin.py:190} INFO - [2025-09-03T17:38:55.937+0000] {dag.py:4180} INFO - Setting next_dagrun for etl_ssg_hanger_lines to 2025-09-03 17:00:00+00:00, run_after=2025-09-03 17:30:00+00:00
[2025-09-03T17:38:55.958+0000] {processor.py:208} INFO - Processing /opt/airflow/dags/hanger_lane_updated_v2.py took 0.395 seconds
[2025-09-03T17:39:26.657+0000] {processor.py:186} INFO - Started process (PID=419) to work on /opt/airflow/dags/hanger_lane_updated_v2.py
[2025-09-03T17:39:26.658+0000] {processor.py:914} INFO - Processing file /opt/airflow/dags/hanger_lane_updated_v2.py for tasks to queue
[2025-09-03T17:39:26.660+0000] {logging_mixin.py:190} INFO - [2025-09-03T17:39:26.659+0000] {dagbag.py:588} INFO - Filling up the DagBag from /opt/airflow/dags/hanger_lane_updated_v2.py
[2025-09-03T17:39:26.678+0000] {logging_mixin.py:190} INFO - Python path: ['/home/airflow/.local/bin', '/opt/airflow', '/opt/airflow/include', '/usr/local/lib/python312.zip', '/usr/local/lib/python3.12', '/usr/local/lib/python3.12/lib-dynload', '/home/airflow/.local/lib/python3.12/site-packages', '/opt/airflow/config', '/opt/airflow/plugins', '/opt/airflow/dags', '/opt/airflow/include/dags']
[2025-09-03T17:39:26.678+0000] {logging_mixin.py:190} INFO - DAGs path exists: False
[2025-09-03T17:39:26.679+0000] {logging_mixin.py:190} INFO - db_utils.py exists: False
[2025-09-03T17:39:26.741+0000] {logging_mixin.py:190} INFO - Successfully imported PySpark modules
[2025-09-03T17:39:26.746+0000] {logging_mixin.py:190} INFO - Successfully imported db_utils
[2025-09-03T17:39:26.746+0000] {logging_mixin.py:190} INFO - Successfully imported functions from hanger_line_transform.py
[2025-09-03T17:39:26.760+0000] {logging_mixin.py:190} WARNING - /opt/airflow/dags/create_target_pg_hl_table.py:65 SAWarning: Table 'opd_date_shift' specifies columns 'id' as primary_key=True, not matching locally specified columns 'ODP_Date', 'Shift', 'source_connection'; setting the current primary key columns to 'ODP_Date', 'Shift', 'source_connection'. This warning may become an exception in a future release
[2025-09-03T17:39:26.762+0000] {logging_mixin.py:190} WARNING - /opt/airflow/dags/create_target_pg_hl_table.py:80 SAWarning: Table 'opd_date_oc' specifies columns 'id' as primary_key=True, not matching locally specified columns 'ODP_Date', 'OC_Description', 'source_connection'; setting the current primary key columns to 'ODP_Date', 'OC_Description', 'source_connection'. This warning may become an exception in a future release
[2025-09-03T17:39:26.763+0000] {logging_mixin.py:190} WARNING - /opt/airflow/dags/create_target_pg_hl_table.py:95 SAWarning: Table 'opd_date_employee' specifies columns 'id' as primary_key=True, not matching locally specified columns 'ODP_Date', 'ODP_EM_Key', 'source_connection'; setting the current primary key columns to 'ODP_Date', 'ODP_EM_Key', 'source_connection'. This warning may become an exception in a future release
[2025-09-03T17:39:26.765+0000] {processor.py:925} INFO - DAG(s) 'etl_ssg_hanger_lines' retrieved from /opt/airflow/dags/hanger_lane_updated_v2.py
[2025-09-03T17:39:26.985+0000] {logging_mixin.py:190} INFO - [2025-09-03T17:39:26.985+0000] {dag.py:3239} INFO - Sync 1 DAGs
[2025-09-03T17:39:27.012+0000] {logging_mixin.py:190} INFO - [2025-09-03T17:39:27.011+0000] {dag.py:4180} INFO - Setting next_dagrun for etl_ssg_hanger_lines to 2025-09-03 17:00:00+00:00, run_after=2025-09-03 17:30:00+00:00
[2025-09-03T17:39:27.034+0000] {processor.py:208} INFO - Processing /opt/airflow/dags/hanger_lane_updated_v2.py took 0.385 seconds
[2025-09-03T17:39:57.596+0000] {processor.py:186} INFO - Started process (PID=526) to work on /opt/airflow/dags/hanger_lane_updated_v2.py
[2025-09-03T17:39:57.597+0000] {processor.py:914} INFO - Processing file /opt/airflow/dags/hanger_lane_updated_v2.py for tasks to queue
[2025-09-03T17:39:57.599+0000] {logging_mixin.py:190} INFO - [2025-09-03T17:39:57.599+0000] {dagbag.py:588} INFO - Filling up the DagBag from /opt/airflow/dags/hanger_lane_updated_v2.py
[2025-09-03T17:39:57.624+0000] {logging_mixin.py:190} INFO - Python path: ['/home/airflow/.local/bin', '/opt/airflow', '/opt/airflow/include', '/usr/local/lib/python312.zip', '/usr/local/lib/python3.12', '/usr/local/lib/python3.12/lib-dynload', '/home/airflow/.local/lib/python3.12/site-packages', '/opt/airflow/config', '/opt/airflow/plugins', '/opt/airflow/dags', '/opt/airflow/include/dags']
[2025-09-03T17:39:57.625+0000] {logging_mixin.py:190} INFO - DAGs path exists: False
[2025-09-03T17:39:57.625+0000] {logging_mixin.py:190} INFO - db_utils.py exists: False
[2025-09-03T17:39:57.831+0000] {logging_mixin.py:190} INFO - Successfully imported PySpark modules
[2025-09-03T17:39:57.832+0000] {logging_mixin.py:190} INFO - Successfully imported db_utils
[2025-09-03T17:39:57.832+0000] {logging_mixin.py:190} INFO - Successfully imported functions from hanger_line_transform.py
[2025-09-03T17:39:57.844+0000] {logging_mixin.py:190} WARNING - /opt/airflow/dags/create_target_pg_hl_table.py:65 SAWarning: Table 'opd_date_shift' specifies columns 'id' as primary_key=True, not matching locally specified columns 'ODP_Date', 'Shift', 'source_connection'; setting the current primary key columns to 'ODP_Date', 'Shift', 'source_connection'. This warning may become an exception in a future release
[2025-09-03T17:39:57.845+0000] {logging_mixin.py:190} WARNING - /opt/airflow/dags/create_target_pg_hl_table.py:80 SAWarning: Table 'opd_date_oc' specifies columns 'id' as primary_key=True, not matching locally specified columns 'ODP_Date', 'OC_Description', 'source_connection'; setting the current primary key columns to 'ODP_Date', 'OC_Description', 'source_connection'. This warning may become an exception in a future release
[2025-09-03T17:39:57.846+0000] {logging_mixin.py:190} WARNING - /opt/airflow/dags/create_target_pg_hl_table.py:95 SAWarning: Table 'opd_date_employee' specifies columns 'id' as primary_key=True, not matching locally specified columns 'ODP_Date', 'ODP_EM_Key', 'source_connection'; setting the current primary key columns to 'ODP_Date', 'ODP_EM_Key', 'source_connection'. This warning may become an exception in a future release
[2025-09-03T17:39:57.848+0000] {processor.py:925} INFO - DAG(s) 'etl_ssg_hanger_lines' retrieved from /opt/airflow/dags/hanger_lane_updated_v2.py
[2025-09-03T17:39:57.882+0000] {logging_mixin.py:190} INFO - [2025-09-03T17:39:57.882+0000] {dag.py:3239} INFO - Sync 1 DAGs
[2025-09-03T17:39:57.914+0000] {logging_mixin.py:190} INFO - [2025-09-03T17:39:57.914+0000] {dag.py:4180} INFO - Setting next_dagrun for etl_ssg_hanger_lines to 2025-09-03 17:00:00+00:00, run_after=2025-09-03 17:30:00+00:00
[2025-09-03T17:39:57.937+0000] {processor.py:208} INFO - Processing /opt/airflow/dags/hanger_lane_updated_v2.py took 0.349 seconds
[2025-09-03T17:40:28.725+0000] {processor.py:186} INFO - Started process (PID=632) to work on /opt/airflow/dags/hanger_lane_updated_v2.py
[2025-09-03T17:40:28.726+0000] {processor.py:914} INFO - Processing file /opt/airflow/dags/hanger_lane_updated_v2.py for tasks to queue
[2025-09-03T17:40:28.728+0000] {logging_mixin.py:190} INFO - [2025-09-03T17:40:28.727+0000] {dagbag.py:588} INFO - Filling up the DagBag from /opt/airflow/dags/hanger_lane_updated_v2.py
[2025-09-03T17:40:28.753+0000] {logging_mixin.py:190} INFO - Python path: ['/home/airflow/.local/bin', '/opt/airflow', '/opt/airflow/include', '/usr/local/lib/python312.zip', '/usr/local/lib/python3.12', '/usr/local/lib/python3.12/lib-dynload', '/home/airflow/.local/lib/python3.12/site-packages', '/opt/airflow/config', '/opt/airflow/plugins', '/opt/airflow/dags', '/opt/airflow/include/dags']
[2025-09-03T17:40:28.754+0000] {logging_mixin.py:190} INFO - DAGs path exists: False
[2025-09-03T17:40:28.755+0000] {logging_mixin.py:190} INFO - db_utils.py exists: False
[2025-09-03T17:40:28.946+0000] {logging_mixin.py:190} INFO - Successfully imported PySpark modules
[2025-09-03T17:40:28.947+0000] {logging_mixin.py:190} INFO - Successfully imported db_utils
[2025-09-03T17:40:28.947+0000] {logging_mixin.py:190} INFO - Successfully imported functions from hanger_line_transform.py
[2025-09-03T17:40:28.961+0000] {logging_mixin.py:190} WARNING - /opt/airflow/dags/create_target_pg_hl_table.py:65 SAWarning: Table 'opd_date_shift' specifies columns 'id' as primary_key=True, not matching locally specified columns 'ODP_Date', 'Shift', 'source_connection'; setting the current primary key columns to 'ODP_Date', 'Shift', 'source_connection'. This warning may become an exception in a future release
[2025-09-03T17:40:28.962+0000] {logging_mixin.py:190} WARNING - /opt/airflow/dags/create_target_pg_hl_table.py:80 SAWarning: Table 'opd_date_oc' specifies columns 'id' as primary_key=True, not matching locally specified columns 'ODP_Date', 'OC_Description', 'source_connection'; setting the current primary key columns to 'ODP_Date', 'OC_Description', 'source_connection'. This warning may become an exception in a future release
[2025-09-03T17:40:28.964+0000] {logging_mixin.py:190} WARNING - /opt/airflow/dags/create_target_pg_hl_table.py:95 SAWarning: Table 'opd_date_employee' specifies columns 'id' as primary_key=True, not matching locally specified columns 'ODP_Date', 'ODP_EM_Key', 'source_connection'; setting the current primary key columns to 'ODP_Date', 'ODP_EM_Key', 'source_connection'. This warning may become an exception in a future release
[2025-09-03T17:40:28.966+0000] {processor.py:925} INFO - DAG(s) 'etl_ssg_hanger_lines' retrieved from /opt/airflow/dags/hanger_lane_updated_v2.py
[2025-09-03T17:40:29.063+0000] {logging_mixin.py:190} INFO - [2025-09-03T17:40:29.063+0000] {dag.py:3239} INFO - Sync 1 DAGs
[2025-09-03T17:40:29.094+0000] {logging_mixin.py:190} INFO - [2025-09-03T17:40:29.093+0000] {dag.py:4180} INFO - Setting next_dagrun for etl_ssg_hanger_lines to 2025-09-03 17:00:00+00:00, run_after=2025-09-03 17:30:00+00:00
[2025-09-03T17:40:29.116+0000] {processor.py:208} INFO - Processing /opt/airflow/dags/hanger_lane_updated_v2.py took 0.400 seconds
[2025-09-03T17:40:59.857+0000] {processor.py:186} INFO - Started process (PID=739) to work on /opt/airflow/dags/hanger_lane_updated_v2.py
[2025-09-03T17:40:59.859+0000] {processor.py:914} INFO - Processing file /opt/airflow/dags/hanger_lane_updated_v2.py for tasks to queue
[2025-09-03T17:40:59.863+0000] {logging_mixin.py:190} INFO - [2025-09-03T17:40:59.862+0000] {dagbag.py:588} INFO - Filling up the DagBag from /opt/airflow/dags/hanger_lane_updated_v2.py
[2025-09-03T17:40:59.889+0000] {logging_mixin.py:190} INFO - Python path: ['/home/airflow/.local/bin', '/opt/airflow', '/opt/airflow/include', '/usr/local/lib/python312.zip', '/usr/local/lib/python3.12', '/usr/local/lib/python3.12/lib-dynload', '/home/airflow/.local/lib/python3.12/site-packages', '/opt/airflow/config', '/opt/airflow/plugins', '/opt/airflow/dags', '/opt/airflow/include/dags']
[2025-09-03T17:40:59.889+0000] {logging_mixin.py:190} INFO - DAGs path exists: False
[2025-09-03T17:40:59.889+0000] {logging_mixin.py:190} INFO - db_utils.py exists: False
[2025-09-03T17:41:00.083+0000] {logging_mixin.py:190} INFO - Successfully imported PySpark modules
[2025-09-03T17:41:00.084+0000] {logging_mixin.py:190} INFO - Successfully imported db_utils
[2025-09-03T17:41:00.084+0000] {logging_mixin.py:190} INFO - Successfully imported functions from hanger_line_transform.py
[2025-09-03T17:41:00.100+0000] {logging_mixin.py:190} WARNING - /opt/airflow/dags/create_target_pg_hl_table.py:65 SAWarning: Table 'opd_date_shift' specifies columns 'id' as primary_key=True, not matching locally specified columns 'ODP_Date', 'Shift', 'source_connection'; setting the current primary key columns to 'ODP_Date', 'Shift', 'source_connection'. This warning may become an exception in a future release
[2025-09-03T17:41:00.101+0000] {logging_mixin.py:190} WARNING - /opt/airflow/dags/create_target_pg_hl_table.py:80 SAWarning: Table 'opd_date_oc' specifies columns 'id' as primary_key=True, not matching locally specified columns 'ODP_Date', 'OC_Description', 'source_connection'; setting the current primary key columns to 'ODP_Date', 'OC_Description', 'source_connection'. This warning may become an exception in a future release
[2025-09-03T17:41:00.102+0000] {logging_mixin.py:190} WARNING - /opt/airflow/dags/create_target_pg_hl_table.py:95 SAWarning: Table 'opd_date_employee' specifies columns 'id' as primary_key=True, not matching locally specified columns 'ODP_Date', 'ODP_EM_Key', 'source_connection'; setting the current primary key columns to 'ODP_Date', 'ODP_EM_Key', 'source_connection'. This warning may become an exception in a future release
[2025-09-03T17:41:00.104+0000] {processor.py:925} INFO - DAG(s) 'etl_ssg_hanger_lines' retrieved from /opt/airflow/dags/hanger_lane_updated_v2.py
[2025-09-03T17:41:00.127+0000] {logging_mixin.py:190} INFO - [2025-09-03T17:41:00.127+0000] {dag.py:3239} INFO - Sync 1 DAGs
[2025-09-03T17:41:00.144+0000] {logging_mixin.py:190} INFO - [2025-09-03T17:41:00.144+0000] {dag.py:4180} INFO - Setting next_dagrun for etl_ssg_hanger_lines to 2025-09-03 17:00:00+00:00, run_after=2025-09-03 17:30:00+00:00
[2025-09-03T17:41:00.160+0000] {processor.py:208} INFO - Processing /opt/airflow/dags/hanger_lane_updated_v2.py took 0.310 seconds
[2025-09-03T17:41:30.466+0000] {processor.py:186} INFO - Started process (PID=845) to work on /opt/airflow/dags/hanger_lane_updated_v2.py
[2025-09-03T17:41:30.467+0000] {processor.py:914} INFO - Processing file /opt/airflow/dags/hanger_lane_updated_v2.py for tasks to queue
[2025-09-03T17:41:30.470+0000] {logging_mixin.py:190} INFO - [2025-09-03T17:41:30.469+0000] {dagbag.py:588} INFO - Filling up the DagBag from /opt/airflow/dags/hanger_lane_updated_v2.py
[2025-09-03T17:41:30.618+0000] {logging_mixin.py:190} INFO - Python path: ['/home/airflow/.local/bin', '/opt/airflow', '/opt/airflow/include', '/usr/local/lib/python312.zip', '/usr/local/lib/python3.12', '/usr/local/lib/python3.12/lib-dynload', '/home/airflow/.local/lib/python3.12/site-packages', '/opt/airflow/config', '/opt/airflow/plugins', '/opt/airflow/dags', '/opt/airflow/include/dags']
[2025-09-03T17:41:30.618+0000] {logging_mixin.py:190} INFO - DAGs path exists: False
[2025-09-03T17:41:30.620+0000] {logging_mixin.py:190} INFO - db_utils.py exists: False
[2025-09-03T17:41:30.665+0000] {logging_mixin.py:190} INFO - Successfully imported PySpark modules
[2025-09-03T17:41:30.667+0000] {logging_mixin.py:190} INFO - Successfully imported db_utils
[2025-09-03T17:41:30.667+0000] {logging_mixin.py:190} INFO - Successfully imported functions from hanger_line_transform.py
[2025-09-03T17:41:30.685+0000] {logging_mixin.py:190} WARNING - /opt/airflow/dags/create_target_pg_hl_table.py:65 SAWarning: Table 'opd_date_shift' specifies columns 'id' as primary_key=True, not matching locally specified columns 'ODP_Date', 'Shift', 'source_connection'; setting the current primary key columns to 'ODP_Date', 'Shift', 'source_connection'. This warning may become an exception in a future release
[2025-09-03T17:41:30.686+0000] {logging_mixin.py:190} WARNING - /opt/airflow/dags/create_target_pg_hl_table.py:80 SAWarning: Table 'opd_date_oc' specifies columns 'id' as primary_key=True, not matching locally specified columns 'ODP_Date', 'OC_Description', 'source_connection'; setting the current primary key columns to 'ODP_Date', 'OC_Description', 'source_connection'. This warning may become an exception in a future release
[2025-09-03T17:41:30.688+0000] {logging_mixin.py:190} WARNING - /opt/airflow/dags/create_target_pg_hl_table.py:95 SAWarning: Table 'opd_date_employee' specifies columns 'id' as primary_key=True, not matching locally specified columns 'ODP_Date', 'ODP_EM_Key', 'source_connection'; setting the current primary key columns to 'ODP_Date', 'ODP_EM_Key', 'source_connection'. This warning may become an exception in a future release
[2025-09-03T17:41:30.689+0000] {processor.py:925} INFO - DAG(s) 'etl_ssg_hanger_lines' retrieved from /opt/airflow/dags/hanger_lane_updated_v2.py
[2025-09-03T17:41:30.795+0000] {logging_mixin.py:190} INFO - [2025-09-03T17:41:30.795+0000] {dag.py:3239} INFO - Sync 1 DAGs
[2025-09-03T17:41:30.814+0000] {logging_mixin.py:190} INFO - [2025-09-03T17:41:30.814+0000] {dag.py:4180} INFO - Setting next_dagrun for etl_ssg_hanger_lines to 2025-09-03 17:00:00+00:00, run_after=2025-09-03 17:30:00+00:00
[2025-09-03T17:41:30.836+0000] {processor.py:208} INFO - Processing /opt/airflow/dags/hanger_lane_updated_v2.py took 0.376 seconds
[2025-09-03T17:42:01.263+0000] {processor.py:186} INFO - Started process (PID=952) to work on /opt/airflow/dags/hanger_lane_updated_v2.py
[2025-09-03T17:42:01.264+0000] {processor.py:914} INFO - Processing file /opt/airflow/dags/hanger_lane_updated_v2.py for tasks to queue
[2025-09-03T17:42:01.267+0000] {logging_mixin.py:190} INFO - [2025-09-03T17:42:01.267+0000] {dagbag.py:588} INFO - Filling up the DagBag from /opt/airflow/dags/hanger_lane_updated_v2.py
[2025-09-03T17:42:01.302+0000] {logging_mixin.py:190} INFO - Python path: ['/home/airflow/.local/bin', '/opt/airflow', '/opt/airflow/include', '/usr/local/lib/python312.zip', '/usr/local/lib/python3.12', '/usr/local/lib/python3.12/lib-dynload', '/home/airflow/.local/lib/python3.12/site-packages', '/opt/airflow/config', '/opt/airflow/plugins', '/opt/airflow/dags', '/opt/airflow/include/dags']
[2025-09-03T17:42:01.303+0000] {logging_mixin.py:190} INFO - DAGs path exists: False
[2025-09-03T17:42:01.303+0000] {logging_mixin.py:190} INFO - db_utils.py exists: False
[2025-09-03T17:42:01.350+0000] {logging_mixin.py:190} INFO - Successfully imported PySpark modules
[2025-09-03T17:42:01.354+0000] {logging_mixin.py:190} INFO - Successfully imported db_utils
[2025-09-03T17:42:01.354+0000] {logging_mixin.py:190} INFO - Successfully imported functions from hanger_line_transform.py
[2025-09-03T17:42:01.366+0000] {logging_mixin.py:190} WARNING - /opt/airflow/dags/create_target_pg_hl_table.py:65 SAWarning: Table 'opd_date_shift' specifies columns 'id' as primary_key=True, not matching locally specified columns 'ODP_Date', 'Shift', 'source_connection'; setting the current primary key columns to 'ODP_Date', 'Shift', 'source_connection'. This warning may become an exception in a future release
[2025-09-03T17:42:01.369+0000] {logging_mixin.py:190} WARNING - /opt/airflow/dags/create_target_pg_hl_table.py:80 SAWarning: Table 'opd_date_oc' specifies columns 'id' as primary_key=True, not matching locally specified columns 'ODP_Date', 'OC_Description', 'source_connection'; setting the current primary key columns to 'ODP_Date', 'OC_Description', 'source_connection'. This warning may become an exception in a future release
[2025-09-03T17:42:01.371+0000] {logging_mixin.py:190} WARNING - /opt/airflow/dags/create_target_pg_hl_table.py:95 SAWarning: Table 'opd_date_employee' specifies columns 'id' as primary_key=True, not matching locally specified columns 'ODP_Date', 'ODP_EM_Key', 'source_connection'; setting the current primary key columns to 'ODP_Date', 'ODP_EM_Key', 'source_connection'. This warning may become an exception in a future release
[2025-09-03T17:42:01.373+0000] {processor.py:925} INFO - DAG(s) 'etl_ssg_hanger_lines' retrieved from /opt/airflow/dags/hanger_lane_updated_v2.py
[2025-09-03T17:42:01.405+0000] {logging_mixin.py:190} INFO - [2025-09-03T17:42:01.404+0000] {dag.py:3239} INFO - Sync 1 DAGs
[2025-09-03T17:42:01.431+0000] {logging_mixin.py:190} INFO - [2025-09-03T17:42:01.431+0000] {dag.py:4180} INFO - Setting next_dagrun for etl_ssg_hanger_lines to 2025-09-03 17:00:00+00:00, run_after=2025-09-03 17:30:00+00:00
[2025-09-03T17:42:01.454+0000] {processor.py:208} INFO - Processing /opt/airflow/dags/hanger_lane_updated_v2.py took 0.197 seconds
[2025-09-03T17:42:31.986+0000] {processor.py:186} INFO - Started process (PID=1059) to work on /opt/airflow/dags/hanger_lane_updated_v2.py
[2025-09-03T17:42:31.987+0000] {processor.py:914} INFO - Processing file /opt/airflow/dags/hanger_lane_updated_v2.py for tasks to queue
[2025-09-03T17:42:31.989+0000] {logging_mixin.py:190} INFO - [2025-09-03T17:42:31.989+0000] {dagbag.py:588} INFO - Filling up the DagBag from /opt/airflow/dags/hanger_lane_updated_v2.py
[2025-09-03T17:42:32.020+0000] {logging_mixin.py:190} INFO - Python path: ['/home/airflow/.local/bin', '/opt/airflow', '/opt/airflow/include', '/usr/local/lib/python312.zip', '/usr/local/lib/python3.12', '/usr/local/lib/python3.12/lib-dynload', '/home/airflow/.local/lib/python3.12/site-packages', '/opt/airflow/config', '/opt/airflow/plugins', '/opt/airflow/dags', '/opt/airflow/include/dags']
[2025-09-03T17:42:32.021+0000] {logging_mixin.py:190} INFO - DAGs path exists: False
[2025-09-03T17:42:32.021+0000] {logging_mixin.py:190} INFO - db_utils.py exists: False
[2025-09-03T17:42:32.071+0000] {logging_mixin.py:190} INFO - Successfully imported PySpark modules
[2025-09-03T17:42:32.072+0000] {logging_mixin.py:190} INFO - Successfully imported db_utils
[2025-09-03T17:42:32.073+0000] {logging_mixin.py:190} INFO - Successfully imported functions from hanger_line_transform.py
[2025-09-03T17:42:32.097+0000] {logging_mixin.py:190} WARNING - /opt/airflow/dags/create_target_pg_hl_table.py:65 SAWarning: Table 'opd_date_shift' specifies columns 'id' as primary_key=True, not matching locally specified columns 'ODP_Date', 'Shift', 'source_connection'; setting the current primary key columns to 'ODP_Date', 'Shift', 'source_connection'. This warning may become an exception in a future release
[2025-09-03T17:42:32.099+0000] {logging_mixin.py:190} WARNING - /opt/airflow/dags/create_target_pg_hl_table.py:80 SAWarning: Table 'opd_date_oc' specifies columns 'id' as primary_key=True, not matching locally specified columns 'ODP_Date', 'OC_Description', 'source_connection'; setting the current primary key columns to 'ODP_Date', 'OC_Description', 'source_connection'. This warning may become an exception in a future release
[2025-09-03T17:42:32.100+0000] {logging_mixin.py:190} WARNING - /opt/airflow/dags/create_target_pg_hl_table.py:95 SAWarning: Table 'opd_date_employee' specifies columns 'id' as primary_key=True, not matching locally specified columns 'ODP_Date', 'ODP_EM_Key', 'source_connection'; setting the current primary key columns to 'ODP_Date', 'ODP_EM_Key', 'source_connection'. This warning may become an exception in a future release
[2025-09-03T17:42:32.102+0000] {processor.py:925} INFO - DAG(s) 'etl_ssg_hanger_lines' retrieved from /opt/airflow/dags/hanger_lane_updated_v2.py
[2025-09-03T17:42:32.196+0000] {logging_mixin.py:190} INFO - [2025-09-03T17:42:32.196+0000] {dag.py:3239} INFO - Sync 1 DAGs
[2025-09-03T17:42:32.221+0000] {logging_mixin.py:190} INFO - [2025-09-03T17:42:32.220+0000] {dag.py:4180} INFO - Setting next_dagrun for etl_ssg_hanger_lines to 2025-09-03 17:00:00+00:00, run_after=2025-09-03 17:30:00+00:00
[2025-09-03T17:42:32.242+0000] {processor.py:208} INFO - Processing /opt/airflow/dags/hanger_lane_updated_v2.py took 0.261 seconds
[2025-09-03T17:43:02.749+0000] {processor.py:186} INFO - Started process (PID=1166) to work on /opt/airflow/dags/hanger_lane_updated_v2.py
[2025-09-03T17:43:02.750+0000] {processor.py:914} INFO - Processing file /opt/airflow/dags/hanger_lane_updated_v2.py for tasks to queue
[2025-09-03T17:43:02.752+0000] {logging_mixin.py:190} INFO - [2025-09-03T17:43:02.752+0000] {dagbag.py:588} INFO - Filling up the DagBag from /opt/airflow/dags/hanger_lane_updated_v2.py
[2025-09-03T17:43:02.771+0000] {logging_mixin.py:190} INFO - Python path: ['/home/airflow/.local/bin', '/opt/airflow', '/opt/airflow/include', '/usr/local/lib/python312.zip', '/usr/local/lib/python3.12', '/usr/local/lib/python3.12/lib-dynload', '/home/airflow/.local/lib/python3.12/site-packages', '/opt/airflow/config', '/opt/airflow/plugins', '/opt/airflow/dags', '/opt/airflow/include/dags']
[2025-09-03T17:43:02.772+0000] {logging_mixin.py:190} INFO - DAGs path exists: False
[2025-09-03T17:43:02.773+0000] {logging_mixin.py:190} INFO - db_utils.py exists: False
[2025-09-03T17:43:02.832+0000] {logging_mixin.py:190} INFO - Successfully imported PySpark modules
[2025-09-03T17:43:02.833+0000] {logging_mixin.py:190} INFO - Successfully imported db_utils
[2025-09-03T17:43:02.833+0000] {logging_mixin.py:190} INFO - Successfully imported functions from hanger_line_transform.py
[2025-09-03T17:43:02.852+0000] {logging_mixin.py:190} WARNING - /opt/airflow/dags/create_target_pg_hl_table.py:65 SAWarning: Table 'opd_date_shift' specifies columns 'id' as primary_key=True, not matching locally specified columns 'ODP_Date', 'Shift', 'source_connection'; setting the current primary key columns to 'ODP_Date', 'Shift', 'source_connection'. This warning may become an exception in a future release
[2025-09-03T17:43:02.853+0000] {logging_mixin.py:190} WARNING - /opt/airflow/dags/create_target_pg_hl_table.py:80 SAWarning: Table 'opd_date_oc' specifies columns 'id' as primary_key=True, not matching locally specified columns 'ODP_Date', 'OC_Description', 'source_connection'; setting the current primary key columns to 'ODP_Date', 'OC_Description', 'source_connection'. This warning may become an exception in a future release
[2025-09-03T17:43:02.854+0000] {logging_mixin.py:190} WARNING - /opt/airflow/dags/create_target_pg_hl_table.py:95 SAWarning: Table 'opd_date_employee' specifies columns 'id' as primary_key=True, not matching locally specified columns 'ODP_Date', 'ODP_EM_Key', 'source_connection'; setting the current primary key columns to 'ODP_Date', 'ODP_EM_Key', 'source_connection'. This warning may become an exception in a future release
[2025-09-03T17:43:02.856+0000] {processor.py:925} INFO - DAG(s) 'etl_ssg_hanger_lines' retrieved from /opt/airflow/dags/hanger_lane_updated_v2.py
[2025-09-03T17:43:02.879+0000] {logging_mixin.py:190} INFO - [2025-09-03T17:43:02.879+0000] {dag.py:3239} INFO - Sync 1 DAGs
[2025-09-03T17:43:02.900+0000] {logging_mixin.py:190} INFO - [2025-09-03T17:43:02.900+0000] {dag.py:4180} INFO - Setting next_dagrun for etl_ssg_hanger_lines to 2025-09-03 17:00:00+00:00, run_after=2025-09-03 17:30:00+00:00
[2025-09-03T17:43:02.921+0000] {processor.py:208} INFO - Processing /opt/airflow/dags/hanger_lane_updated_v2.py took 0.178 seconds
[2025-09-03T17:43:33.592+0000] {processor.py:186} INFO - Started process (PID=1273) to work on /opt/airflow/dags/hanger_lane_updated_v2.py
[2025-09-03T17:43:33.593+0000] {processor.py:914} INFO - Processing file /opt/airflow/dags/hanger_lane_updated_v2.py for tasks to queue
[2025-09-03T17:43:33.595+0000] {logging_mixin.py:190} INFO - [2025-09-03T17:43:33.595+0000] {dagbag.py:588} INFO - Filling up the DagBag from /opt/airflow/dags/hanger_lane_updated_v2.py
[2025-09-03T17:43:33.617+0000] {logging_mixin.py:190} INFO - Python path: ['/home/airflow/.local/bin', '/opt/airflow', '/opt/airflow/include', '/usr/local/lib/python312.zip', '/usr/local/lib/python3.12', '/usr/local/lib/python3.12/lib-dynload', '/home/airflow/.local/lib/python3.12/site-packages', '/opt/airflow/config', '/opt/airflow/plugins', '/opt/airflow/dags', '/opt/airflow/include/dags']
[2025-09-03T17:43:33.618+0000] {logging_mixin.py:190} INFO - DAGs path exists: False
[2025-09-03T17:43:33.618+0000] {logging_mixin.py:190} INFO - db_utils.py exists: False
[2025-09-03T17:43:33.685+0000] {logging_mixin.py:190} INFO - Successfully imported PySpark modules
[2025-09-03T17:43:33.686+0000] {logging_mixin.py:190} INFO - Successfully imported db_utils
[2025-09-03T17:43:33.687+0000] {logging_mixin.py:190} INFO - Successfully imported functions from hanger_line_transform.py
[2025-09-03T17:43:33.704+0000] {logging_mixin.py:190} WARNING - /opt/airflow/dags/create_target_pg_hl_table.py:65 SAWarning: Table 'opd_date_shift' specifies columns 'id' as primary_key=True, not matching locally specified columns 'ODP_Date', 'Shift', 'source_connection'; setting the current primary key columns to 'ODP_Date', 'Shift', 'source_connection'. This warning may become an exception in a future release
[2025-09-03T17:43:33.705+0000] {logging_mixin.py:190} WARNING - /opt/airflow/dags/create_target_pg_hl_table.py:80 SAWarning: Table 'opd_date_oc' specifies columns 'id' as primary_key=True, not matching locally specified columns 'ODP_Date', 'OC_Description', 'source_connection'; setting the current primary key columns to 'ODP_Date', 'OC_Description', 'source_connection'. This warning may become an exception in a future release
[2025-09-03T17:43:33.706+0000] {logging_mixin.py:190} WARNING - /opt/airflow/dags/create_target_pg_hl_table.py:95 SAWarning: Table 'opd_date_employee' specifies columns 'id' as primary_key=True, not matching locally specified columns 'ODP_Date', 'ODP_EM_Key', 'source_connection'; setting the current primary key columns to 'ODP_Date', 'ODP_EM_Key', 'source_connection'. This warning may become an exception in a future release
[2025-09-03T17:43:33.711+0000] {processor.py:925} INFO - DAG(s) 'etl_ssg_hanger_lines' retrieved from /opt/airflow/dags/hanger_lane_updated_v2.py
[2025-09-03T17:43:33.843+0000] {logging_mixin.py:190} INFO - [2025-09-03T17:43:33.842+0000] {dag.py:3239} INFO - Sync 1 DAGs
[2025-09-03T17:43:33.869+0000] {logging_mixin.py:190} INFO - [2025-09-03T17:43:33.869+0000] {dag.py:4180} INFO - Setting next_dagrun for etl_ssg_hanger_lines to 2025-09-03 17:00:00+00:00, run_after=2025-09-03 17:30:00+00:00
[2025-09-03T17:43:33.895+0000] {processor.py:208} INFO - Processing /opt/airflow/dags/hanger_lane_updated_v2.py took 0.311 seconds
[2025-09-03T17:44:04.309+0000] {processor.py:186} INFO - Started process (PID=1380) to work on /opt/airflow/dags/hanger_lane_updated_v2.py
[2025-09-03T17:44:04.311+0000] {processor.py:914} INFO - Processing file /opt/airflow/dags/hanger_lane_updated_v2.py for tasks to queue
[2025-09-03T17:44:04.313+0000] {logging_mixin.py:190} INFO - [2025-09-03T17:44:04.312+0000] {dagbag.py:588} INFO - Filling up the DagBag from /opt/airflow/dags/hanger_lane_updated_v2.py
[2025-09-03T17:44:04.330+0000] {logging_mixin.py:190} INFO - Python path: ['/home/airflow/.local/bin', '/opt/airflow', '/opt/airflow/include', '/usr/local/lib/python312.zip', '/usr/local/lib/python3.12', '/usr/local/lib/python3.12/lib-dynload', '/home/airflow/.local/lib/python3.12/site-packages', '/opt/airflow/config', '/opt/airflow/plugins', '/opt/airflow/dags', '/opt/airflow/include/dags']
[2025-09-03T17:44:04.331+0000] {logging_mixin.py:190} INFO - DAGs path exists: False
[2025-09-03T17:44:04.333+0000] {logging_mixin.py:190} INFO - db_utils.py exists: False
[2025-09-03T17:44:04.393+0000] {logging_mixin.py:190} INFO - Successfully imported PySpark modules
[2025-09-03T17:44:04.394+0000] {logging_mixin.py:190} INFO - Successfully imported db_utils
[2025-09-03T17:44:04.394+0000] {logging_mixin.py:190} INFO - Successfully imported functions from hanger_line_transform.py
[2025-09-03T17:44:04.413+0000] {logging_mixin.py:190} WARNING - /opt/airflow/dags/create_target_pg_hl_table.py:65 SAWarning: Table 'opd_date_shift' specifies columns 'id' as primary_key=True, not matching locally specified columns 'ODP_Date', 'Shift', 'source_connection'; setting the current primary key columns to 'ODP_Date', 'Shift', 'source_connection'. This warning may become an exception in a future release
[2025-09-03T17:44:04.414+0000] {logging_mixin.py:190} WARNING - /opt/airflow/dags/create_target_pg_hl_table.py:80 SAWarning: Table 'opd_date_oc' specifies columns 'id' as primary_key=True, not matching locally specified columns 'ODP_Date', 'OC_Description', 'source_connection'; setting the current primary key columns to 'ODP_Date', 'OC_Description', 'source_connection'. This warning may become an exception in a future release
[2025-09-03T17:44:04.415+0000] {logging_mixin.py:190} WARNING - /opt/airflow/dags/create_target_pg_hl_table.py:95 SAWarning: Table 'opd_date_employee' specifies columns 'id' as primary_key=True, not matching locally specified columns 'ODP_Date', 'ODP_EM_Key', 'source_connection'; setting the current primary key columns to 'ODP_Date', 'ODP_EM_Key', 'source_connection'. This warning may become an exception in a future release
[2025-09-03T17:44:04.419+0000] {processor.py:925} INFO - DAG(s) 'etl_ssg_hanger_lines' retrieved from /opt/airflow/dags/hanger_lane_updated_v2.py
[2025-09-03T17:44:04.454+0000] {logging_mixin.py:190} INFO - [2025-09-03T17:44:04.454+0000] {dag.py:3239} INFO - Sync 1 DAGs
[2025-09-03T17:44:04.489+0000] {logging_mixin.py:190} INFO - [2025-09-03T17:44:04.489+0000] {dag.py:4180} INFO - Setting next_dagrun for etl_ssg_hanger_lines to 2025-09-03 17:00:00+00:00, run_after=2025-09-03 17:30:00+00:00
[2025-09-03T17:44:04.513+0000] {processor.py:208} INFO - Processing /opt/airflow/dags/hanger_lane_updated_v2.py took 0.210 seconds
[2025-09-03T17:44:34.981+0000] {processor.py:186} INFO - Started process (PID=1487) to work on /opt/airflow/dags/hanger_lane_updated_v2.py
[2025-09-03T17:44:34.982+0000] {processor.py:914} INFO - Processing file /opt/airflow/dags/hanger_lane_updated_v2.py for tasks to queue
[2025-09-03T17:44:34.986+0000] {logging_mixin.py:190} INFO - [2025-09-03T17:44:34.985+0000] {dagbag.py:588} INFO - Filling up the DagBag from /opt/airflow/dags/hanger_lane_updated_v2.py
[2025-09-03T17:44:35.004+0000] {logging_mixin.py:190} INFO - Python path: ['/home/airflow/.local/bin', '/opt/airflow', '/opt/airflow/include', '/usr/local/lib/python312.zip', '/usr/local/lib/python3.12', '/usr/local/lib/python3.12/lib-dynload', '/home/airflow/.local/lib/python3.12/site-packages', '/opt/airflow/config', '/opt/airflow/plugins', '/opt/airflow/dags', '/opt/airflow/include/dags']
[2025-09-03T17:44:35.004+0000] {logging_mixin.py:190} INFO - DAGs path exists: False
[2025-09-03T17:44:35.005+0000] {logging_mixin.py:190} INFO - db_utils.py exists: False
[2025-09-03T17:44:35.060+0000] {logging_mixin.py:190} INFO - Successfully imported PySpark modules
[2025-09-03T17:44:35.061+0000] {logging_mixin.py:190} INFO - Successfully imported db_utils
[2025-09-03T17:44:35.062+0000] {logging_mixin.py:190} INFO - Successfully imported functions from hanger_line_transform.py
[2025-09-03T17:44:35.079+0000] {logging_mixin.py:190} WARNING - /opt/airflow/dags/create_target_pg_hl_table.py:65 SAWarning: Table 'opd_date_shift' specifies columns 'id' as primary_key=True, not matching locally specified columns 'ODP_Date', 'Shift', 'source_connection'; setting the current primary key columns to 'ODP_Date', 'Shift', 'source_connection'. This warning may become an exception in a future release
[2025-09-03T17:44:35.080+0000] {logging_mixin.py:190} WARNING - /opt/airflow/dags/create_target_pg_hl_table.py:80 SAWarning: Table 'opd_date_oc' specifies columns 'id' as primary_key=True, not matching locally specified columns 'ODP_Date', 'OC_Description', 'source_connection'; setting the current primary key columns to 'ODP_Date', 'OC_Description', 'source_connection'. This warning may become an exception in a future release
[2025-09-03T17:44:35.082+0000] {logging_mixin.py:190} WARNING - /opt/airflow/dags/create_target_pg_hl_table.py:95 SAWarning: Table 'opd_date_employee' specifies columns 'id' as primary_key=True, not matching locally specified columns 'ODP_Date', 'ODP_EM_Key', 'source_connection'; setting the current primary key columns to 'ODP_Date', 'ODP_EM_Key', 'source_connection'. This warning may become an exception in a future release
[2025-09-03T17:44:35.085+0000] {processor.py:925} INFO - DAG(s) 'etl_ssg_hanger_lines' retrieved from /opt/airflow/dags/hanger_lane_updated_v2.py
[2025-09-03T17:44:35.184+0000] {logging_mixin.py:190} INFO - [2025-09-03T17:44:35.184+0000] {dag.py:3239} INFO - Sync 1 DAGs
[2025-09-03T17:44:35.213+0000] {logging_mixin.py:190} INFO - [2025-09-03T17:44:35.213+0000] {dag.py:4180} INFO - Setting next_dagrun for etl_ssg_hanger_lines to 2025-09-03 17:00:00+00:00, run_after=2025-09-03 17:30:00+00:00
[2025-09-03T17:44:35.234+0000] {processor.py:208} INFO - Processing /opt/airflow/dags/hanger_lane_updated_v2.py took 0.257 seconds
[2025-09-03T17:45:05.642+0000] {processor.py:186} INFO - Started process (PID=1594) to work on /opt/airflow/dags/hanger_lane_updated_v2.py
[2025-09-03T17:45:05.643+0000] {processor.py:914} INFO - Processing file /opt/airflow/dags/hanger_lane_updated_v2.py for tasks to queue
[2025-09-03T17:45:05.647+0000] {logging_mixin.py:190} INFO - [2025-09-03T17:45:05.646+0000] {dagbag.py:588} INFO - Filling up the DagBag from /opt/airflow/dags/hanger_lane_updated_v2.py
[2025-09-03T17:45:05.668+0000] {logging_mixin.py:190} INFO - Python path: ['/home/airflow/.local/bin', '/opt/airflow', '/opt/airflow/include', '/usr/local/lib/python312.zip', '/usr/local/lib/python3.12', '/usr/local/lib/python3.12/lib-dynload', '/home/airflow/.local/lib/python3.12/site-packages', '/opt/airflow/config', '/opt/airflow/plugins', '/opt/airflow/dags', '/opt/airflow/include/dags']
[2025-09-03T17:45:05.669+0000] {logging_mixin.py:190} INFO - DAGs path exists: False
[2025-09-03T17:45:05.669+0000] {logging_mixin.py:190} INFO - db_utils.py exists: False
[2025-09-03T17:45:05.720+0000] {logging_mixin.py:190} INFO - Successfully imported PySpark modules
[2025-09-03T17:45:05.724+0000] {logging_mixin.py:190} INFO - Successfully imported db_utils
[2025-09-03T17:45:05.725+0000] {logging_mixin.py:190} INFO - Successfully imported functions from hanger_line_transform.py
[2025-09-03T17:45:05.737+0000] {logging_mixin.py:190} WARNING - /opt/airflow/dags/create_target_pg_hl_table.py:65 SAWarning: Table 'opd_date_shift' specifies columns 'id' as primary_key=True, not matching locally specified columns 'ODP_Date', 'Shift', 'source_connection'; setting the current primary key columns to 'ODP_Date', 'Shift', 'source_connection'. This warning may become an exception in a future release
[2025-09-03T17:45:05.738+0000] {logging_mixin.py:190} WARNING - /opt/airflow/dags/create_target_pg_hl_table.py:80 SAWarning: Table 'opd_date_oc' specifies columns 'id' as primary_key=True, not matching locally specified columns 'ODP_Date', 'OC_Description', 'source_connection'; setting the current primary key columns to 'ODP_Date', 'OC_Description', 'source_connection'. This warning may become an exception in a future release
[2025-09-03T17:45:05.739+0000] {logging_mixin.py:190} WARNING - /opt/airflow/dags/create_target_pg_hl_table.py:95 SAWarning: Table 'opd_date_employee' specifies columns 'id' as primary_key=True, not matching locally specified columns 'ODP_Date', 'ODP_EM_Key', 'source_connection'; setting the current primary key columns to 'ODP_Date', 'ODP_EM_Key', 'source_connection'. This warning may become an exception in a future release
[2025-09-03T17:45:05.741+0000] {processor.py:925} INFO - DAG(s) 'etl_ssg_hanger_lines' retrieved from /opt/airflow/dags/hanger_lane_updated_v2.py
[2025-09-03T17:45:05.781+0000] {logging_mixin.py:190} INFO - [2025-09-03T17:45:05.781+0000] {dag.py:3239} INFO - Sync 1 DAGs
[2025-09-03T17:45:05.806+0000] {logging_mixin.py:190} INFO - [2025-09-03T17:45:05.805+0000] {dag.py:4180} INFO - Setting next_dagrun for etl_ssg_hanger_lines to 2025-09-03 17:00:00+00:00, run_after=2025-09-03 17:30:00+00:00
[2025-09-03T17:45:05.824+0000] {processor.py:208} INFO - Processing /opt/airflow/dags/hanger_lane_updated_v2.py took 0.188 seconds
[2025-09-03T17:45:36.153+0000] {processor.py:186} INFO - Started process (PID=1701) to work on /opt/airflow/dags/hanger_lane_updated_v2.py
[2025-09-03T17:45:36.154+0000] {processor.py:914} INFO - Processing file /opt/airflow/dags/hanger_lane_updated_v2.py for tasks to queue
[2025-09-03T17:45:36.156+0000] {logging_mixin.py:190} INFO - [2025-09-03T17:45:36.156+0000] {dagbag.py:588} INFO - Filling up the DagBag from /opt/airflow/dags/hanger_lane_updated_v2.py
[2025-09-03T17:45:36.176+0000] {logging_mixin.py:190} INFO - Python path: ['/home/airflow/.local/bin', '/opt/airflow', '/opt/airflow/include', '/usr/local/lib/python312.zip', '/usr/local/lib/python3.12', '/usr/local/lib/python3.12/lib-dynload', '/home/airflow/.local/lib/python3.12/site-packages', '/opt/airflow/config', '/opt/airflow/plugins', '/opt/airflow/dags', '/opt/airflow/include/dags']
[2025-09-03T17:45:36.176+0000] {logging_mixin.py:190} INFO - DAGs path exists: False
[2025-09-03T17:45:36.178+0000] {logging_mixin.py:190} INFO - db_utils.py exists: False
[2025-09-03T17:45:36.229+0000] {logging_mixin.py:190} INFO - Successfully imported PySpark modules
[2025-09-03T17:45:36.234+0000] {logging_mixin.py:190} INFO - Successfully imported db_utils
[2025-09-03T17:45:36.234+0000] {logging_mixin.py:190} INFO - Successfully imported functions from hanger_line_transform.py
[2025-09-03T17:45:36.254+0000] {logging_mixin.py:190} WARNING - /opt/airflow/dags/create_target_pg_hl_table.py:65 SAWarning: Table 'opd_date_shift' specifies columns 'id' as primary_key=True, not matching locally specified columns 'ODP_Date', 'Shift', 'source_connection'; setting the current primary key columns to 'ODP_Date', 'Shift', 'source_connection'. This warning may become an exception in a future release
[2025-09-03T17:45:36.256+0000] {logging_mixin.py:190} WARNING - /opt/airflow/dags/create_target_pg_hl_table.py:80 SAWarning: Table 'opd_date_oc' specifies columns 'id' as primary_key=True, not matching locally specified columns 'ODP_Date', 'OC_Description', 'source_connection'; setting the current primary key columns to 'ODP_Date', 'OC_Description', 'source_connection'. This warning may become an exception in a future release
[2025-09-03T17:45:36.258+0000] {logging_mixin.py:190} WARNING - /opt/airflow/dags/create_target_pg_hl_table.py:95 SAWarning: Table 'opd_date_employee' specifies columns 'id' as primary_key=True, not matching locally specified columns 'ODP_Date', 'ODP_EM_Key', 'source_connection'; setting the current primary key columns to 'ODP_Date', 'ODP_EM_Key', 'source_connection'. This warning may become an exception in a future release
[2025-09-03T17:45:36.262+0000] {processor.py:925} INFO - DAG(s) 'etl_ssg_hanger_lines' retrieved from /opt/airflow/dags/hanger_lane_updated_v2.py
[2025-09-03T17:45:36.379+0000] {logging_mixin.py:190} INFO - [2025-09-03T17:45:36.379+0000] {dag.py:3239} INFO - Sync 1 DAGs
[2025-09-03T17:45:36.412+0000] {logging_mixin.py:190} INFO - [2025-09-03T17:45:36.412+0000] {dag.py:4180} INFO - Setting next_dagrun for etl_ssg_hanger_lines to 2025-09-03 17:00:00+00:00, run_after=2025-09-03 17:30:00+00:00
[2025-09-03T17:45:36.439+0000] {processor.py:208} INFO - Processing /opt/airflow/dags/hanger_lane_updated_v2.py took 0.294 seconds
[2025-09-03T17:46:06.852+0000] {processor.py:186} INFO - Started process (PID=1808) to work on /opt/airflow/dags/hanger_lane_updated_v2.py
[2025-09-03T17:46:06.853+0000] {processor.py:914} INFO - Processing file /opt/airflow/dags/hanger_lane_updated_v2.py for tasks to queue
[2025-09-03T17:46:06.855+0000] {logging_mixin.py:190} INFO - [2025-09-03T17:46:06.855+0000] {dagbag.py:588} INFO - Filling up the DagBag from /opt/airflow/dags/hanger_lane_updated_v2.py
[2025-09-03T17:46:06.878+0000] {logging_mixin.py:190} INFO - Python path: ['/home/airflow/.local/bin', '/opt/airflow', '/opt/airflow/include', '/usr/local/lib/python312.zip', '/usr/local/lib/python3.12', '/usr/local/lib/python3.12/lib-dynload', '/home/airflow/.local/lib/python3.12/site-packages', '/opt/airflow/config', '/opt/airflow/plugins', '/opt/airflow/dags', '/opt/airflow/include/dags']
[2025-09-03T17:46:06.878+0000] {logging_mixin.py:190} INFO - DAGs path exists: False
[2025-09-03T17:46:06.880+0000] {logging_mixin.py:190} INFO - db_utils.py exists: False
[2025-09-03T17:46:06.944+0000] {logging_mixin.py:190} INFO - Successfully imported PySpark modules
[2025-09-03T17:46:06.945+0000] {logging_mixin.py:190} INFO - Successfully imported db_utils
[2025-09-03T17:46:06.945+0000] {logging_mixin.py:190} INFO - Successfully imported functions from hanger_line_transform.py
[2025-09-03T17:46:06.971+0000] {logging_mixin.py:190} WARNING - /opt/airflow/dags/create_target_pg_hl_table.py:65 SAWarning: Table 'opd_date_shift' specifies columns 'id' as primary_key=True, not matching locally specified columns 'ODP_Date', 'Shift', 'source_connection'; setting the current primary key columns to 'ODP_Date', 'Shift', 'source_connection'. This warning may become an exception in a future release
[2025-09-03T17:46:06.972+0000] {logging_mixin.py:190} WARNING - /opt/airflow/dags/create_target_pg_hl_table.py:80 SAWarning: Table 'opd_date_oc' specifies columns 'id' as primary_key=True, not matching locally specified columns 'ODP_Date', 'OC_Description', 'source_connection'; setting the current primary key columns to 'ODP_Date', 'OC_Description', 'source_connection'. This warning may become an exception in a future release
[2025-09-03T17:46:06.974+0000] {logging_mixin.py:190} WARNING - /opt/airflow/dags/create_target_pg_hl_table.py:95 SAWarning: Table 'opd_date_employee' specifies columns 'id' as primary_key=True, not matching locally specified columns 'ODP_Date', 'ODP_EM_Key', 'source_connection'; setting the current primary key columns to 'ODP_Date', 'ODP_EM_Key', 'source_connection'. This warning may become an exception in a future release
[2025-09-03T17:46:06.977+0000] {processor.py:925} INFO - DAG(s) 'etl_ssg_hanger_lines' retrieved from /opt/airflow/dags/hanger_lane_updated_v2.py
[2025-09-03T17:46:07.005+0000] {logging_mixin.py:190} INFO - [2025-09-03T17:46:07.004+0000] {dag.py:3239} INFO - Sync 1 DAGs
[2025-09-03T17:46:07.033+0000] {logging_mixin.py:190} INFO - [2025-09-03T17:46:07.032+0000] {dag.py:4180} INFO - Setting next_dagrun for etl_ssg_hanger_lines to 2025-09-03 17:00:00+00:00, run_after=2025-09-03 17:30:00+00:00
[2025-09-03T17:46:07.052+0000] {processor.py:208} INFO - Processing /opt/airflow/dags/hanger_lane_updated_v2.py took 0.208 seconds
[2025-09-03T17:46:37.548+0000] {processor.py:186} INFO - Started process (PID=1915) to work on /opt/airflow/dags/hanger_lane_updated_v2.py
[2025-09-03T17:46:37.549+0000] {processor.py:914} INFO - Processing file /opt/airflow/dags/hanger_lane_updated_v2.py for tasks to queue
[2025-09-03T17:46:37.552+0000] {logging_mixin.py:190} INFO - [2025-09-03T17:46:37.552+0000] {dagbag.py:588} INFO - Filling up the DagBag from /opt/airflow/dags/hanger_lane_updated_v2.py
[2025-09-03T17:46:37.579+0000] {logging_mixin.py:190} INFO - Python path: ['/home/airflow/.local/bin', '/opt/airflow', '/opt/airflow/include', '/usr/local/lib/python312.zip', '/usr/local/lib/python3.12', '/usr/local/lib/python3.12/lib-dynload', '/home/airflow/.local/lib/python3.12/site-packages', '/opt/airflow/config', '/opt/airflow/plugins', '/opt/airflow/dags', '/opt/airflow/include/dags']
[2025-09-03T17:46:37.580+0000] {logging_mixin.py:190} INFO - DAGs path exists: False
[2025-09-03T17:46:37.581+0000] {logging_mixin.py:190} INFO - db_utils.py exists: False
[2025-09-03T17:46:37.631+0000] {logging_mixin.py:190} INFO - Successfully imported PySpark modules
[2025-09-03T17:46:37.632+0000] {logging_mixin.py:190} INFO - Successfully imported db_utils
[2025-09-03T17:46:37.632+0000] {logging_mixin.py:190} INFO - Successfully imported functions from hanger_line_transform.py
[2025-09-03T17:46:37.654+0000] {logging_mixin.py:190} WARNING - /opt/airflow/dags/create_target_pg_hl_table.py:65 SAWarning: Table 'opd_date_shift' specifies columns 'id' as primary_key=True, not matching locally specified columns 'ODP_Date', 'Shift', 'source_connection'; setting the current primary key columns to 'ODP_Date', 'Shift', 'source_connection'. This warning may become an exception in a future release
[2025-09-03T17:46:37.656+0000] {logging_mixin.py:190} WARNING - /opt/airflow/dags/create_target_pg_hl_table.py:80 SAWarning: Table 'opd_date_oc' specifies columns 'id' as primary_key=True, not matching locally specified columns 'ODP_Date', 'OC_Description', 'source_connection'; setting the current primary key columns to 'ODP_Date', 'OC_Description', 'source_connection'. This warning may become an exception in a future release
[2025-09-03T17:46:37.658+0000] {logging_mixin.py:190} WARNING - /opt/airflow/dags/create_target_pg_hl_table.py:95 SAWarning: Table 'opd_date_employee' specifies columns 'id' as primary_key=True, not matching locally specified columns 'ODP_Date', 'ODP_EM_Key', 'source_connection'; setting the current primary key columns to 'ODP_Date', 'ODP_EM_Key', 'source_connection'. This warning may become an exception in a future release
[2025-09-03T17:46:37.661+0000] {processor.py:925} INFO - DAG(s) 'etl_ssg_hanger_lines' retrieved from /opt/airflow/dags/hanger_lane_updated_v2.py
[2025-09-03T17:46:37.772+0000] {logging_mixin.py:190} INFO - [2025-09-03T17:46:37.772+0000] {dag.py:3239} INFO - Sync 1 DAGs
[2025-09-03T17:46:37.801+0000] {logging_mixin.py:190} INFO - [2025-09-03T17:46:37.800+0000] {dag.py:4180} INFO - Setting next_dagrun for etl_ssg_hanger_lines to 2025-09-03 17:00:00+00:00, run_after=2025-09-03 17:30:00+00:00
[2025-09-03T17:46:37.825+0000] {processor.py:208} INFO - Processing /opt/airflow/dags/hanger_lane_updated_v2.py took 0.281 seconds
[2025-09-03T17:47:08.156+0000] {processor.py:186} INFO - Started process (PID=2022) to work on /opt/airflow/dags/hanger_lane_updated_v2.py
[2025-09-03T17:47:08.157+0000] {processor.py:914} INFO - Processing file /opt/airflow/dags/hanger_lane_updated_v2.py for tasks to queue
[2025-09-03T17:47:08.160+0000] {logging_mixin.py:190} INFO - [2025-09-03T17:47:08.160+0000] {dagbag.py:588} INFO - Filling up the DagBag from /opt/airflow/dags/hanger_lane_updated_v2.py
[2025-09-03T17:47:08.188+0000] {logging_mixin.py:190} INFO - Python path: ['/home/airflow/.local/bin', '/opt/airflow', '/opt/airflow/include', '/usr/local/lib/python312.zip', '/usr/local/lib/python3.12', '/usr/local/lib/python3.12/lib-dynload', '/home/airflow/.local/lib/python3.12/site-packages', '/opt/airflow/config', '/opt/airflow/plugins', '/opt/airflow/dags', '/opt/airflow/include/dags']
[2025-09-03T17:47:08.189+0000] {logging_mixin.py:190} INFO - DAGs path exists: False
[2025-09-03T17:47:08.189+0000] {logging_mixin.py:190} INFO - db_utils.py exists: False
[2025-09-03T17:47:08.242+0000] {logging_mixin.py:190} INFO - Successfully imported PySpark modules
[2025-09-03T17:47:08.244+0000] {logging_mixin.py:190} INFO - Successfully imported db_utils
[2025-09-03T17:47:08.244+0000] {logging_mixin.py:190} INFO - Successfully imported functions from hanger_line_transform.py
[2025-09-03T17:47:08.260+0000] {logging_mixin.py:190} WARNING - /opt/airflow/dags/create_target_pg_hl_table.py:65 SAWarning: Table 'opd_date_shift' specifies columns 'id' as primary_key=True, not matching locally specified columns 'ODP_Date', 'Shift', 'source_connection'; setting the current primary key columns to 'ODP_Date', 'Shift', 'source_connection'. This warning may become an exception in a future release
[2025-09-03T17:47:08.261+0000] {logging_mixin.py:190} WARNING - /opt/airflow/dags/create_target_pg_hl_table.py:80 SAWarning: Table 'opd_date_oc' specifies columns 'id' as primary_key=True, not matching locally specified columns 'ODP_Date', 'OC_Description', 'source_connection'; setting the current primary key columns to 'ODP_Date', 'OC_Description', 'source_connection'. This warning may become an exception in a future release
[2025-09-03T17:47:08.263+0000] {logging_mixin.py:190} WARNING - /opt/airflow/dags/create_target_pg_hl_table.py:95 SAWarning: Table 'opd_date_employee' specifies columns 'id' as primary_key=True, not matching locally specified columns 'ODP_Date', 'ODP_EM_Key', 'source_connection'; setting the current primary key columns to 'ODP_Date', 'ODP_EM_Key', 'source_connection'. This warning may become an exception in a future release
[2025-09-03T17:47:08.266+0000] {processor.py:925} INFO - DAG(s) 'etl_ssg_hanger_lines' retrieved from /opt/airflow/dags/hanger_lane_updated_v2.py
[2025-09-03T17:47:08.299+0000] {logging_mixin.py:190} INFO - [2025-09-03T17:47:08.298+0000] {dag.py:3239} INFO - Sync 1 DAGs
[2025-09-03T17:47:08.337+0000] {logging_mixin.py:190} INFO - [2025-09-03T17:47:08.337+0000] {dag.py:4180} INFO - Setting next_dagrun for etl_ssg_hanger_lines to 2025-09-03 17:00:00+00:00, run_after=2025-09-03 17:30:00+00:00
[2025-09-03T17:47:08.364+0000] {processor.py:208} INFO - Processing /opt/airflow/dags/hanger_lane_updated_v2.py took 0.213 seconds
[2025-09-03T17:47:38.961+0000] {processor.py:186} INFO - Started process (PID=2129) to work on /opt/airflow/dags/hanger_lane_updated_v2.py
[2025-09-03T17:47:38.962+0000] {processor.py:914} INFO - Processing file /opt/airflow/dags/hanger_lane_updated_v2.py for tasks to queue
[2025-09-03T17:47:38.965+0000] {logging_mixin.py:190} INFO - [2025-09-03T17:47:38.965+0000] {dagbag.py:588} INFO - Filling up the DagBag from /opt/airflow/dags/hanger_lane_updated_v2.py
[2025-09-03T17:47:38.988+0000] {logging_mixin.py:190} INFO - Python path: ['/home/airflow/.local/bin', '/opt/airflow', '/opt/airflow/include', '/usr/local/lib/python312.zip', '/usr/local/lib/python3.12', '/usr/local/lib/python3.12/lib-dynload', '/home/airflow/.local/lib/python3.12/site-packages', '/opt/airflow/config', '/opt/airflow/plugins', '/opt/airflow/dags', '/opt/airflow/include/dags']
[2025-09-03T17:47:38.988+0000] {logging_mixin.py:190} INFO - DAGs path exists: False
[2025-09-03T17:47:38.989+0000] {logging_mixin.py:190} INFO - db_utils.py exists: False
[2025-09-03T17:47:39.060+0000] {logging_mixin.py:190} INFO - Successfully imported PySpark modules
[2025-09-03T17:47:39.061+0000] {logging_mixin.py:190} INFO - Successfully imported db_utils
[2025-09-03T17:47:39.061+0000] {logging_mixin.py:190} INFO - Successfully imported functions from hanger_line_transform.py
[2025-09-03T17:47:39.080+0000] {logging_mixin.py:190} WARNING - /opt/airflow/dags/create_target_pg_hl_table.py:65 SAWarning: Table 'opd_date_shift' specifies columns 'id' as primary_key=True, not matching locally specified columns 'ODP_Date', 'Shift', 'source_connection'; setting the current primary key columns to 'ODP_Date', 'Shift', 'source_connection'. This warning may become an exception in a future release
[2025-09-03T17:47:39.082+0000] {logging_mixin.py:190} WARNING - /opt/airflow/dags/create_target_pg_hl_table.py:80 SAWarning: Table 'opd_date_oc' specifies columns 'id' as primary_key=True, not matching locally specified columns 'ODP_Date', 'OC_Description', 'source_connection'; setting the current primary key columns to 'ODP_Date', 'OC_Description', 'source_connection'. This warning may become an exception in a future release
[2025-09-03T17:47:39.083+0000] {logging_mixin.py:190} WARNING - /opt/airflow/dags/create_target_pg_hl_table.py:95 SAWarning: Table 'opd_date_employee' specifies columns 'id' as primary_key=True, not matching locally specified columns 'ODP_Date', 'ODP_EM_Key', 'source_connection'; setting the current primary key columns to 'ODP_Date', 'ODP_EM_Key', 'source_connection'. This warning may become an exception in a future release
[2025-09-03T17:47:39.087+0000] {processor.py:925} INFO - DAG(s) 'etl_ssg_hanger_lines' retrieved from /opt/airflow/dags/hanger_lane_updated_v2.py
[2025-09-03T17:47:39.185+0000] {logging_mixin.py:190} INFO - [2025-09-03T17:47:39.184+0000] {dag.py:3239} INFO - Sync 1 DAGs
[2025-09-03T17:47:39.211+0000] {logging_mixin.py:190} INFO - [2025-09-03T17:47:39.211+0000] {dag.py:4180} INFO - Setting next_dagrun for etl_ssg_hanger_lines to 2025-09-03 17:00:00+00:00, run_after=2025-09-03 17:30:00+00:00
[2025-09-03T17:47:39.234+0000] {processor.py:208} INFO - Processing /opt/airflow/dags/hanger_lane_updated_v2.py took 0.282 seconds
[2025-09-03T17:48:09.677+0000] {processor.py:186} INFO - Started process (PID=2236) to work on /opt/airflow/dags/hanger_lane_updated_v2.py
[2025-09-03T17:48:09.678+0000] {processor.py:914} INFO - Processing file /opt/airflow/dags/hanger_lane_updated_v2.py for tasks to queue
[2025-09-03T17:48:09.681+0000] {logging_mixin.py:190} INFO - [2025-09-03T17:48:09.680+0000] {dagbag.py:588} INFO - Filling up the DagBag from /opt/airflow/dags/hanger_lane_updated_v2.py
[2025-09-03T17:48:09.704+0000] {logging_mixin.py:190} INFO - Python path: ['/home/airflow/.local/bin', '/opt/airflow', '/opt/airflow/include', '/usr/local/lib/python312.zip', '/usr/local/lib/python3.12', '/usr/local/lib/python3.12/lib-dynload', '/home/airflow/.local/lib/python3.12/site-packages', '/opt/airflow/config', '/opt/airflow/plugins', '/opt/airflow/dags', '/opt/airflow/include/dags']
[2025-09-03T17:48:09.705+0000] {logging_mixin.py:190} INFO - DAGs path exists: False
[2025-09-03T17:48:09.705+0000] {logging_mixin.py:190} INFO - db_utils.py exists: False
[2025-09-03T17:48:09.774+0000] {logging_mixin.py:190} INFO - Successfully imported PySpark modules
[2025-09-03T17:48:09.775+0000] {logging_mixin.py:190} INFO - Successfully imported db_utils
[2025-09-03T17:48:09.775+0000] {logging_mixin.py:190} INFO - Successfully imported functions from hanger_line_transform.py
[2025-09-03T17:48:09.801+0000] {logging_mixin.py:190} WARNING - /opt/airflow/dags/create_target_pg_hl_table.py:65 SAWarning: Table 'opd_date_shift' specifies columns 'id' as primary_key=True, not matching locally specified columns 'ODP_Date', 'Shift', 'source_connection'; setting the current primary key columns to 'ODP_Date', 'Shift', 'source_connection'. This warning may become an exception in a future release
[2025-09-03T17:48:09.802+0000] {logging_mixin.py:190} WARNING - /opt/airflow/dags/create_target_pg_hl_table.py:80 SAWarning: Table 'opd_date_oc' specifies columns 'id' as primary_key=True, not matching locally specified columns 'ODP_Date', 'OC_Description', 'source_connection'; setting the current primary key columns to 'ODP_Date', 'OC_Description', 'source_connection'. This warning may become an exception in a future release
[2025-09-03T17:48:09.803+0000] {logging_mixin.py:190} WARNING - /opt/airflow/dags/create_target_pg_hl_table.py:95 SAWarning: Table 'opd_date_employee' specifies columns 'id' as primary_key=True, not matching locally specified columns 'ODP_Date', 'ODP_EM_Key', 'source_connection'; setting the current primary key columns to 'ODP_Date', 'ODP_EM_Key', 'source_connection'. This warning may become an exception in a future release
[2025-09-03T17:48:09.806+0000] {processor.py:925} INFO - DAG(s) 'etl_ssg_hanger_lines' retrieved from /opt/airflow/dags/hanger_lane_updated_v2.py
[2025-09-03T17:48:09.843+0000] {logging_mixin.py:190} INFO - [2025-09-03T17:48:09.842+0000] {dag.py:3239} INFO - Sync 1 DAGs
[2025-09-03T17:48:09.877+0000] {logging_mixin.py:190} INFO - [2025-09-03T17:48:09.876+0000] {dag.py:4180} INFO - Setting next_dagrun for etl_ssg_hanger_lines to 2025-09-03 17:00:00+00:00, run_after=2025-09-03 17:30:00+00:00
[2025-09-03T17:48:09.902+0000] {processor.py:208} INFO - Processing /opt/airflow/dags/hanger_lane_updated_v2.py took 0.230 seconds
[2025-09-03T17:48:40.589+0000] {processor.py:186} INFO - Started process (PID=2342) to work on /opt/airflow/dags/hanger_lane_updated_v2.py
[2025-09-03T17:48:40.589+0000] {processor.py:914} INFO - Processing file /opt/airflow/dags/hanger_lane_updated_v2.py for tasks to queue
[2025-09-03T17:48:40.594+0000] {logging_mixin.py:190} INFO - [2025-09-03T17:48:40.593+0000] {dagbag.py:588} INFO - Filling up the DagBag from /opt/airflow/dags/hanger_lane_updated_v2.py
[2025-09-03T17:48:40.617+0000] {logging_mixin.py:190} INFO - Python path: ['/home/airflow/.local/bin', '/opt/airflow', '/opt/airflow/include', '/usr/local/lib/python312.zip', '/usr/local/lib/python3.12', '/usr/local/lib/python3.12/lib-dynload', '/home/airflow/.local/lib/python3.12/site-packages', '/opt/airflow/config', '/opt/airflow/plugins', '/opt/airflow/dags', '/opt/airflow/include/dags']
[2025-09-03T17:48:40.618+0000] {logging_mixin.py:190} INFO - DAGs path exists: False
[2025-09-03T17:48:40.619+0000] {logging_mixin.py:190} INFO - db_utils.py exists: False
[2025-09-03T17:48:40.685+0000] {logging_mixin.py:190} INFO - Successfully imported PySpark modules
[2025-09-03T17:48:40.686+0000] {logging_mixin.py:190} INFO - Successfully imported db_utils
[2025-09-03T17:48:40.686+0000] {logging_mixin.py:190} INFO - Successfully imported functions from hanger_line_transform.py
[2025-09-03T17:48:40.708+0000] {logging_mixin.py:190} WARNING - /opt/airflow/dags/create_target_pg_hl_table.py:65 SAWarning: Table 'opd_date_shift' specifies columns 'id' as primary_key=True, not matching locally specified columns 'ODP_Date', 'Shift', 'source_connection'; setting the current primary key columns to 'ODP_Date', 'Shift', 'source_connection'. This warning may become an exception in a future release
[2025-09-03T17:48:40.709+0000] {logging_mixin.py:190} WARNING - /opt/airflow/dags/create_target_pg_hl_table.py:80 SAWarning: Table 'opd_date_oc' specifies columns 'id' as primary_key=True, not matching locally specified columns 'ODP_Date', 'OC_Description', 'source_connection'; setting the current primary key columns to 'ODP_Date', 'OC_Description', 'source_connection'. This warning may become an exception in a future release
[2025-09-03T17:48:40.710+0000] {logging_mixin.py:190} WARNING - /opt/airflow/dags/create_target_pg_hl_table.py:95 SAWarning: Table 'opd_date_employee' specifies columns 'id' as primary_key=True, not matching locally specified columns 'ODP_Date', 'ODP_EM_Key', 'source_connection'; setting the current primary key columns to 'ODP_Date', 'ODP_EM_Key', 'source_connection'. This warning may become an exception in a future release
[2025-09-03T17:48:40.712+0000] {processor.py:925} INFO - DAG(s) 'etl_ssg_hanger_lines' retrieved from /opt/airflow/dags/hanger_lane_updated_v2.py
[2025-09-03T17:48:40.819+0000] {logging_mixin.py:190} INFO - [2025-09-03T17:48:40.819+0000] {dag.py:3239} INFO - Sync 1 DAGs
[2025-09-03T17:48:40.850+0000] {logging_mixin.py:190} INFO - [2025-09-03T17:48:40.850+0000] {dag.py:4180} INFO - Setting next_dagrun for etl_ssg_hanger_lines to 2025-09-03 17:00:00+00:00, run_after=2025-09-03 17:30:00+00:00
[2025-09-03T17:48:40.877+0000] {processor.py:208} INFO - Processing /opt/airflow/dags/hanger_lane_updated_v2.py took 0.293 seconds
[2025-09-03T17:49:11.587+0000] {processor.py:186} INFO - Started process (PID=2449) to work on /opt/airflow/dags/hanger_lane_updated_v2.py
[2025-09-03T17:49:11.588+0000] {processor.py:914} INFO - Processing file /opt/airflow/dags/hanger_lane_updated_v2.py for tasks to queue
[2025-09-03T17:49:11.593+0000] {logging_mixin.py:190} INFO - [2025-09-03T17:49:11.592+0000] {dagbag.py:588} INFO - Filling up the DagBag from /opt/airflow/dags/hanger_lane_updated_v2.py
[2025-09-03T17:49:11.634+0000] {logging_mixin.py:190} INFO - Python path: ['/home/airflow/.local/bin', '/opt/airflow', '/opt/airflow/include', '/usr/local/lib/python312.zip', '/usr/local/lib/python3.12', '/usr/local/lib/python3.12/lib-dynload', '/home/airflow/.local/lib/python3.12/site-packages', '/opt/airflow/config', '/opt/airflow/plugins', '/opt/airflow/dags', '/opt/airflow/include/dags']
[2025-09-03T17:49:11.635+0000] {logging_mixin.py:190} INFO - DAGs path exists: False
[2025-09-03T17:49:11.636+0000] {logging_mixin.py:190} INFO - db_utils.py exists: False
[2025-09-03T17:49:11.744+0000] {logging_mixin.py:190} INFO - Successfully imported PySpark modules
[2025-09-03T17:49:11.746+0000] {logging_mixin.py:190} INFO - Successfully imported db_utils
[2025-09-03T17:49:11.746+0000] {logging_mixin.py:190} INFO - Successfully imported functions from hanger_line_transform.py
[2025-09-03T17:49:11.779+0000] {logging_mixin.py:190} WARNING - /opt/airflow/dags/create_target_pg_hl_table.py:65 SAWarning: Table 'opd_date_shift' specifies columns 'id' as primary_key=True, not matching locally specified columns 'ODP_Date', 'Shift', 'source_connection'; setting the current primary key columns to 'ODP_Date', 'Shift', 'source_connection'. This warning may become an exception in a future release
[2025-09-03T17:49:11.782+0000] {logging_mixin.py:190} WARNING - /opt/airflow/dags/create_target_pg_hl_table.py:80 SAWarning: Table 'opd_date_oc' specifies columns 'id' as primary_key=True, not matching locally specified columns 'ODP_Date', 'OC_Description', 'source_connection'; setting the current primary key columns to 'ODP_Date', 'OC_Description', 'source_connection'. This warning may become an exception in a future release
[2025-09-03T17:49:11.785+0000] {logging_mixin.py:190} WARNING - /opt/airflow/dags/create_target_pg_hl_table.py:95 SAWarning: Table 'opd_date_employee' specifies columns 'id' as primary_key=True, not matching locally specified columns 'ODP_Date', 'ODP_EM_Key', 'source_connection'; setting the current primary key columns to 'ODP_Date', 'ODP_EM_Key', 'source_connection'. This warning may become an exception in a future release
[2025-09-03T17:49:11.789+0000] {processor.py:925} INFO - DAG(s) 'etl_ssg_hanger_lines' retrieved from /opt/airflow/dags/hanger_lane_updated_v2.py
[2025-09-03T17:49:11.823+0000] {logging_mixin.py:190} INFO - [2025-09-03T17:49:11.823+0000] {dag.py:3239} INFO - Sync 1 DAGs
[2025-09-03T17:49:11.862+0000] {logging_mixin.py:190} INFO - [2025-09-03T17:49:11.861+0000] {dag.py:4180} INFO - Setting next_dagrun for etl_ssg_hanger_lines to 2025-09-03 17:00:00+00:00, run_after=2025-09-03 17:30:00+00:00
[2025-09-03T17:49:11.883+0000] {processor.py:208} INFO - Processing /opt/airflow/dags/hanger_lane_updated_v2.py took 0.306 seconds
[2025-09-03T17:49:42.402+0000] {processor.py:186} INFO - Started process (PID=2556) to work on /opt/airflow/dags/hanger_lane_updated_v2.py
[2025-09-03T17:49:42.403+0000] {processor.py:914} INFO - Processing file /opt/airflow/dags/hanger_lane_updated_v2.py for tasks to queue
[2025-09-03T17:49:42.406+0000] {logging_mixin.py:190} INFO - [2025-09-03T17:49:42.405+0000] {dagbag.py:588} INFO - Filling up the DagBag from /opt/airflow/dags/hanger_lane_updated_v2.py
[2025-09-03T17:49:42.431+0000] {logging_mixin.py:190} INFO - Python path: ['/home/airflow/.local/bin', '/opt/airflow', '/opt/airflow/include', '/usr/local/lib/python312.zip', '/usr/local/lib/python3.12', '/usr/local/lib/python3.12/lib-dynload', '/home/airflow/.local/lib/python3.12/site-packages', '/opt/airflow/config', '/opt/airflow/plugins', '/opt/airflow/dags', '/opt/airflow/include/dags']
[2025-09-03T17:49:42.432+0000] {logging_mixin.py:190} INFO - DAGs path exists: False
[2025-09-03T17:49:42.433+0000] {logging_mixin.py:190} INFO - db_utils.py exists: False
[2025-09-03T17:49:42.484+0000] {logging_mixin.py:190} INFO - Successfully imported PySpark modules
[2025-09-03T17:49:42.486+0000] {logging_mixin.py:190} INFO - Successfully imported db_utils
[2025-09-03T17:49:42.487+0000] {logging_mixin.py:190} INFO - Successfully imported functions from hanger_line_transform.py
[2025-09-03T17:49:42.502+0000] {logging_mixin.py:190} WARNING - /opt/airflow/dags/create_target_pg_hl_table.py:65 SAWarning: Table 'opd_date_shift' specifies columns 'id' as primary_key=True, not matching locally specified columns 'ODP_Date', 'Shift', 'source_connection'; setting the current primary key columns to 'ODP_Date', 'Shift', 'source_connection'. This warning may become an exception in a future release
[2025-09-03T17:49:42.503+0000] {logging_mixin.py:190} WARNING - /opt/airflow/dags/create_target_pg_hl_table.py:80 SAWarning: Table 'opd_date_oc' specifies columns 'id' as primary_key=True, not matching locally specified columns 'ODP_Date', 'OC_Description', 'source_connection'; setting the current primary key columns to 'ODP_Date', 'OC_Description', 'source_connection'. This warning may become an exception in a future release
[2025-09-03T17:49:42.505+0000] {logging_mixin.py:190} WARNING - /opt/airflow/dags/create_target_pg_hl_table.py:95 SAWarning: Table 'opd_date_employee' specifies columns 'id' as primary_key=True, not matching locally specified columns 'ODP_Date', 'ODP_EM_Key', 'source_connection'; setting the current primary key columns to 'ODP_Date', 'ODP_EM_Key', 'source_connection'. This warning may become an exception in a future release
[2025-09-03T17:49:42.507+0000] {processor.py:925} INFO - DAG(s) 'etl_ssg_hanger_lines' retrieved from /opt/airflow/dags/hanger_lane_updated_v2.py
[2025-09-03T17:49:42.618+0000] {logging_mixin.py:190} INFO - [2025-09-03T17:49:42.617+0000] {dag.py:3239} INFO - Sync 1 DAGs
[2025-09-03T17:49:42.647+0000] {logging_mixin.py:190} INFO - [2025-09-03T17:49:42.646+0000] {dag.py:4180} INFO - Setting next_dagrun for etl_ssg_hanger_lines to 2025-09-03 17:00:00+00:00, run_after=2025-09-03 17:30:00+00:00
[2025-09-03T17:49:42.665+0000] {processor.py:208} INFO - Processing /opt/airflow/dags/hanger_lane_updated_v2.py took 0.267 seconds
[2025-09-03T17:50:13.237+0000] {processor.py:186} INFO - Started process (PID=2663) to work on /opt/airflow/dags/hanger_lane_updated_v2.py
[2025-09-03T17:50:13.238+0000] {processor.py:914} INFO - Processing file /opt/airflow/dags/hanger_lane_updated_v2.py for tasks to queue
[2025-09-03T17:50:13.241+0000] {logging_mixin.py:190} INFO - [2025-09-03T17:50:13.241+0000] {dagbag.py:588} INFO - Filling up the DagBag from /opt/airflow/dags/hanger_lane_updated_v2.py
[2025-09-03T17:50:13.264+0000] {logging_mixin.py:190} INFO - Python path: ['/home/airflow/.local/bin', '/opt/airflow', '/opt/airflow/include', '/usr/local/lib/python312.zip', '/usr/local/lib/python3.12', '/usr/local/lib/python3.12/lib-dynload', '/home/airflow/.local/lib/python3.12/site-packages', '/opt/airflow/config', '/opt/airflow/plugins', '/opt/airflow/dags', '/opt/airflow/include/dags']
[2025-09-03T17:50:13.265+0000] {logging_mixin.py:190} INFO - DAGs path exists: False
[2025-09-03T17:50:13.266+0000] {logging_mixin.py:190} INFO - db_utils.py exists: False
[2025-09-03T17:50:13.328+0000] {logging_mixin.py:190} INFO - Successfully imported PySpark modules
[2025-09-03T17:50:13.329+0000] {logging_mixin.py:190} INFO - Successfully imported db_utils
[2025-09-03T17:50:13.329+0000] {logging_mixin.py:190} INFO - Successfully imported functions from hanger_line_transform.py
[2025-09-03T17:50:13.344+0000] {logging_mixin.py:190} WARNING - /opt/airflow/dags/create_target_pg_hl_table.py:65 SAWarning: Table 'opd_date_shift' specifies columns 'id' as primary_key=True, not matching locally specified columns 'ODP_Date', 'Shift', 'source_connection'; setting the current primary key columns to 'ODP_Date', 'Shift', 'source_connection'. This warning may become an exception in a future release
[2025-09-03T17:50:13.345+0000] {logging_mixin.py:190} WARNING - /opt/airflow/dags/create_target_pg_hl_table.py:80 SAWarning: Table 'opd_date_oc' specifies columns 'id' as primary_key=True, not matching locally specified columns 'ODP_Date', 'OC_Description', 'source_connection'; setting the current primary key columns to 'ODP_Date', 'OC_Description', 'source_connection'. This warning may become an exception in a future release
[2025-09-03T17:50:13.346+0000] {logging_mixin.py:190} WARNING - /opt/airflow/dags/create_target_pg_hl_table.py:95 SAWarning: Table 'opd_date_employee' specifies columns 'id' as primary_key=True, not matching locally specified columns 'ODP_Date', 'ODP_EM_Key', 'source_connection'; setting the current primary key columns to 'ODP_Date', 'ODP_EM_Key', 'source_connection'. This warning may become an exception in a future release
[2025-09-03T17:50:13.348+0000] {processor.py:925} INFO - DAG(s) 'etl_ssg_hanger_lines' retrieved from /opt/airflow/dags/hanger_lane_updated_v2.py
[2025-09-03T17:50:13.374+0000] {logging_mixin.py:190} INFO - [2025-09-03T17:50:13.374+0000] {dag.py:3239} INFO - Sync 1 DAGs
[2025-09-03T17:50:13.404+0000] {logging_mixin.py:190} INFO - [2025-09-03T17:50:13.404+0000] {dag.py:4180} INFO - Setting next_dagrun for etl_ssg_hanger_lines to 2025-09-03 17:00:00+00:00, run_after=2025-09-03 17:30:00+00:00
[2025-09-03T17:50:13.422+0000] {processor.py:208} INFO - Processing /opt/airflow/dags/hanger_lane_updated_v2.py took 0.191 seconds
[2025-09-03T17:50:44.016+0000] {processor.py:186} INFO - Started process (PID=2770) to work on /opt/airflow/dags/hanger_lane_updated_v2.py
[2025-09-03T17:50:44.017+0000] {processor.py:914} INFO - Processing file /opt/airflow/dags/hanger_lane_updated_v2.py for tasks to queue
[2025-09-03T17:50:44.019+0000] {logging_mixin.py:190} INFO - [2025-09-03T17:50:44.019+0000] {dagbag.py:588} INFO - Filling up the DagBag from /opt/airflow/dags/hanger_lane_updated_v2.py
[2025-09-03T17:50:44.038+0000] {logging_mixin.py:190} INFO - Python path: ['/home/airflow/.local/bin', '/opt/airflow', '/opt/airflow/include', '/usr/local/lib/python312.zip', '/usr/local/lib/python3.12', '/usr/local/lib/python3.12/lib-dynload', '/home/airflow/.local/lib/python3.12/site-packages', '/opt/airflow/config', '/opt/airflow/plugins', '/opt/airflow/dags', '/opt/airflow/include/dags']
[2025-09-03T17:50:44.039+0000] {logging_mixin.py:190} INFO - DAGs path exists: False
[2025-09-03T17:50:44.039+0000] {logging_mixin.py:190} INFO - db_utils.py exists: False
[2025-09-03T17:50:44.091+0000] {logging_mixin.py:190} INFO - Successfully imported PySpark modules
[2025-09-03T17:50:44.092+0000] {logging_mixin.py:190} INFO - Successfully imported db_utils
[2025-09-03T17:50:44.093+0000] {logging_mixin.py:190} INFO - Successfully imported functions from hanger_line_transform.py
[2025-09-03T17:50:44.112+0000] {logging_mixin.py:190} WARNING - /opt/airflow/dags/create_target_pg_hl_table.py:65 SAWarning: Table 'opd_date_shift' specifies columns 'id' as primary_key=True, not matching locally specified columns 'ODP_Date', 'Shift', 'source_connection'; setting the current primary key columns to 'ODP_Date', 'Shift', 'source_connection'. This warning may become an exception in a future release
[2025-09-03T17:50:44.113+0000] {logging_mixin.py:190} WARNING - /opt/airflow/dags/create_target_pg_hl_table.py:80 SAWarning: Table 'opd_date_oc' specifies columns 'id' as primary_key=True, not matching locally specified columns 'ODP_Date', 'OC_Description', 'source_connection'; setting the current primary key columns to 'ODP_Date', 'OC_Description', 'source_connection'. This warning may become an exception in a future release
[2025-09-03T17:50:44.114+0000] {logging_mixin.py:190} WARNING - /opt/airflow/dags/create_target_pg_hl_table.py:95 SAWarning: Table 'opd_date_employee' specifies columns 'id' as primary_key=True, not matching locally specified columns 'ODP_Date', 'ODP_EM_Key', 'source_connection'; setting the current primary key columns to 'ODP_Date', 'ODP_EM_Key', 'source_connection'. This warning may become an exception in a future release
[2025-09-03T17:50:44.116+0000] {processor.py:925} INFO - DAG(s) 'etl_ssg_hanger_lines' retrieved from /opt/airflow/dags/hanger_lane_updated_v2.py
[2025-09-03T17:50:44.222+0000] {logging_mixin.py:190} INFO - [2025-09-03T17:50:44.222+0000] {dag.py:3239} INFO - Sync 1 DAGs
[2025-09-03T17:50:44.262+0000] {logging_mixin.py:190} INFO - [2025-09-03T17:50:44.262+0000] {dag.py:4180} INFO - Setting next_dagrun for etl_ssg_hanger_lines to 2025-09-03 17:00:00+00:00, run_after=2025-09-03 17:30:00+00:00
[2025-09-03T17:50:44.412+0000] {processor.py:208} INFO - Processing /opt/airflow/dags/hanger_lane_updated_v2.py took 0.401 seconds
[2025-09-03T17:51:14.904+0000] {processor.py:186} INFO - Started process (PID=2877) to work on /opt/airflow/dags/hanger_lane_updated_v2.py
[2025-09-03T17:51:14.906+0000] {processor.py:914} INFO - Processing file /opt/airflow/dags/hanger_lane_updated_v2.py for tasks to queue
[2025-09-03T17:51:14.910+0000] {logging_mixin.py:190} INFO - [2025-09-03T17:51:14.909+0000] {dagbag.py:588} INFO - Filling up the DagBag from /opt/airflow/dags/hanger_lane_updated_v2.py
[2025-09-03T17:51:14.941+0000] {logging_mixin.py:190} INFO - Python path: ['/home/airflow/.local/bin', '/opt/airflow', '/opt/airflow/include', '/usr/local/lib/python312.zip', '/usr/local/lib/python3.12', '/usr/local/lib/python3.12/lib-dynload', '/home/airflow/.local/lib/python3.12/site-packages', '/opt/airflow/config', '/opt/airflow/plugins', '/opt/airflow/dags', '/opt/airflow/include/dags']
[2025-09-03T17:51:14.941+0000] {logging_mixin.py:190} INFO - DAGs path exists: False
[2025-09-03T17:51:14.942+0000] {logging_mixin.py:190} INFO - db_utils.py exists: False
[2025-09-03T17:51:15.003+0000] {logging_mixin.py:190} INFO - Successfully imported PySpark modules
[2025-09-03T17:51:15.008+0000] {logging_mixin.py:190} INFO - Successfully imported db_utils
[2025-09-03T17:51:15.009+0000] {logging_mixin.py:190} INFO - Successfully imported functions from hanger_line_transform.py
[2025-09-03T17:51:15.024+0000] {logging_mixin.py:190} WARNING - /opt/airflow/dags/create_target_pg_hl_table.py:65 SAWarning: Table 'opd_date_shift' specifies columns 'id' as primary_key=True, not matching locally specified columns 'ODP_Date', 'Shift', 'source_connection'; setting the current primary key columns to 'ODP_Date', 'Shift', 'source_connection'. This warning may become an exception in a future release
[2025-09-03T17:51:15.025+0000] {logging_mixin.py:190} WARNING - /opt/airflow/dags/create_target_pg_hl_table.py:80 SAWarning: Table 'opd_date_oc' specifies columns 'id' as primary_key=True, not matching locally specified columns 'ODP_Date', 'OC_Description', 'source_connection'; setting the current primary key columns to 'ODP_Date', 'OC_Description', 'source_connection'. This warning may become an exception in a future release
[2025-09-03T17:51:15.027+0000] {logging_mixin.py:190} WARNING - /opt/airflow/dags/create_target_pg_hl_table.py:95 SAWarning: Table 'opd_date_employee' specifies columns 'id' as primary_key=True, not matching locally specified columns 'ODP_Date', 'ODP_EM_Key', 'source_connection'; setting the current primary key columns to 'ODP_Date', 'ODP_EM_Key', 'source_connection'. This warning may become an exception in a future release
[2025-09-03T17:51:15.030+0000] {processor.py:925} INFO - DAG(s) 'etl_ssg_hanger_lines' retrieved from /opt/airflow/dags/hanger_lane_updated_v2.py
[2025-09-03T17:51:15.064+0000] {logging_mixin.py:190} INFO - [2025-09-03T17:51:15.064+0000] {dag.py:3239} INFO - Sync 1 DAGs
[2025-09-03T17:51:15.097+0000] {logging_mixin.py:190} INFO - [2025-09-03T17:51:15.097+0000] {dag.py:4180} INFO - Setting next_dagrun for etl_ssg_hanger_lines to 2025-09-03 17:00:00+00:00, run_after=2025-09-03 17:30:00+00:00
[2025-09-03T17:51:15.118+0000] {processor.py:208} INFO - Processing /opt/airflow/dags/hanger_lane_updated_v2.py took 0.224 seconds
[2025-09-03T17:51:45.825+0000] {processor.py:186} INFO - Started process (PID=2984) to work on /opt/airflow/dags/hanger_lane_updated_v2.py
[2025-09-03T17:51:45.827+0000] {processor.py:914} INFO - Processing file /opt/airflow/dags/hanger_lane_updated_v2.py for tasks to queue
[2025-09-03T17:51:45.830+0000] {logging_mixin.py:190} INFO - [2025-09-03T17:51:45.829+0000] {dagbag.py:588} INFO - Filling up the DagBag from /opt/airflow/dags/hanger_lane_updated_v2.py
[2025-09-03T17:51:45.853+0000] {logging_mixin.py:190} INFO - Python path: ['/home/airflow/.local/bin', '/opt/airflow', '/opt/airflow/include', '/usr/local/lib/python312.zip', '/usr/local/lib/python3.12', '/usr/local/lib/python3.12/lib-dynload', '/home/airflow/.local/lib/python3.12/site-packages', '/opt/airflow/config', '/opt/airflow/plugins', '/opt/airflow/dags', '/opt/airflow/include/dags']
[2025-09-03T17:51:45.853+0000] {logging_mixin.py:190} INFO - DAGs path exists: False
[2025-09-03T17:51:45.854+0000] {logging_mixin.py:190} INFO - db_utils.py exists: False
[2025-09-03T17:51:45.931+0000] {logging_mixin.py:190} INFO - Successfully imported PySpark modules
[2025-09-03T17:51:45.932+0000] {logging_mixin.py:190} INFO - Successfully imported db_utils
[2025-09-03T17:51:45.933+0000] {logging_mixin.py:190} INFO - Successfully imported functions from hanger_line_transform.py
[2025-09-03T17:51:45.957+0000] {logging_mixin.py:190} WARNING - /opt/airflow/dags/create_target_pg_hl_table.py:65 SAWarning: Table 'opd_date_shift' specifies columns 'id' as primary_key=True, not matching locally specified columns 'ODP_Date', 'Shift', 'source_connection'; setting the current primary key columns to 'ODP_Date', 'Shift', 'source_connection'. This warning may become an exception in a future release
[2025-09-03T17:51:45.959+0000] {logging_mixin.py:190} WARNING - /opt/airflow/dags/create_target_pg_hl_table.py:80 SAWarning: Table 'opd_date_oc' specifies columns 'id' as primary_key=True, not matching locally specified columns 'ODP_Date', 'OC_Description', 'source_connection'; setting the current primary key columns to 'ODP_Date', 'OC_Description', 'source_connection'. This warning may become an exception in a future release
[2025-09-03T17:51:45.960+0000] {logging_mixin.py:190} WARNING - /opt/airflow/dags/create_target_pg_hl_table.py:95 SAWarning: Table 'opd_date_employee' specifies columns 'id' as primary_key=True, not matching locally specified columns 'ODP_Date', 'ODP_EM_Key', 'source_connection'; setting the current primary key columns to 'ODP_Date', 'ODP_EM_Key', 'source_connection'. This warning may become an exception in a future release
[2025-09-03T17:51:45.964+0000] {processor.py:925} INFO - DAG(s) 'etl_ssg_hanger_lines' retrieved from /opt/airflow/dags/hanger_lane_updated_v2.py
[2025-09-03T17:51:46.235+0000] {logging_mixin.py:190} INFO - [2025-09-03T17:51:46.235+0000] {dag.py:3239} INFO - Sync 1 DAGs
[2025-09-03T17:51:46.262+0000] {logging_mixin.py:190} INFO - [2025-09-03T17:51:46.261+0000] {dag.py:4180} INFO - Setting next_dagrun for etl_ssg_hanger_lines to 2025-09-03 17:00:00+00:00, run_after=2025-09-03 17:30:00+00:00
[2025-09-03T17:51:46.283+0000] {processor.py:208} INFO - Processing /opt/airflow/dags/hanger_lane_updated_v2.py took 0.464 seconds
[2025-09-03T17:52:16.946+0000] {processor.py:186} INFO - Started process (PID=3090) to work on /opt/airflow/dags/hanger_lane_updated_v2.py
[2025-09-03T17:52:16.947+0000] {processor.py:914} INFO - Processing file /opt/airflow/dags/hanger_lane_updated_v2.py for tasks to queue
[2025-09-03T17:52:16.949+0000] {logging_mixin.py:190} INFO - [2025-09-03T17:52:16.949+0000] {dagbag.py:588} INFO - Filling up the DagBag from /opt/airflow/dags/hanger_lane_updated_v2.py
[2025-09-03T17:52:16.971+0000] {logging_mixin.py:190} INFO - Python path: ['/home/airflow/.local/bin', '/opt/airflow', '/opt/airflow/include', '/usr/local/lib/python312.zip', '/usr/local/lib/python3.12', '/usr/local/lib/python3.12/lib-dynload', '/home/airflow/.local/lib/python3.12/site-packages', '/opt/airflow/config', '/opt/airflow/plugins', '/opt/airflow/dags', '/opt/airflow/include/dags']
[2025-09-03T17:52:16.973+0000] {logging_mixin.py:190} INFO - DAGs path exists: False
[2025-09-03T17:52:16.973+0000] {logging_mixin.py:190} INFO - db_utils.py exists: False
[2025-09-03T17:52:17.033+0000] {logging_mixin.py:190} INFO - Successfully imported PySpark modules
[2025-09-03T17:52:17.034+0000] {logging_mixin.py:190} INFO - Successfully imported db_utils
[2025-09-03T17:52:17.035+0000] {logging_mixin.py:190} INFO - Successfully imported functions from hanger_line_transform.py
[2025-09-03T17:52:17.057+0000] {logging_mixin.py:190} WARNING - /opt/airflow/dags/create_target_pg_hl_table.py:65 SAWarning: Table 'opd_date_shift' specifies columns 'id' as primary_key=True, not matching locally specified columns 'ODP_Date', 'Shift', 'source_connection'; setting the current primary key columns to 'ODP_Date', 'Shift', 'source_connection'. This warning may become an exception in a future release
[2025-09-03T17:52:17.058+0000] {logging_mixin.py:190} WARNING - /opt/airflow/dags/create_target_pg_hl_table.py:80 SAWarning: Table 'opd_date_oc' specifies columns 'id' as primary_key=True, not matching locally specified columns 'ODP_Date', 'OC_Description', 'source_connection'; setting the current primary key columns to 'ODP_Date', 'OC_Description', 'source_connection'. This warning may become an exception in a future release
[2025-09-03T17:52:17.059+0000] {logging_mixin.py:190} WARNING - /opt/airflow/dags/create_target_pg_hl_table.py:95 SAWarning: Table 'opd_date_employee' specifies columns 'id' as primary_key=True, not matching locally specified columns 'ODP_Date', 'ODP_EM_Key', 'source_connection'; setting the current primary key columns to 'ODP_Date', 'ODP_EM_Key', 'source_connection'. This warning may become an exception in a future release
[2025-09-03T17:52:17.063+0000] {processor.py:925} INFO - DAG(s) 'etl_ssg_hanger_lines' retrieved from /opt/airflow/dags/hanger_lane_updated_v2.py
[2025-09-03T17:52:17.233+0000] {logging_mixin.py:190} INFO - [2025-09-03T17:52:17.233+0000] {dag.py:3239} INFO - Sync 1 DAGs
[2025-09-03T17:52:17.258+0000] {logging_mixin.py:190} INFO - [2025-09-03T17:52:17.257+0000] {dag.py:4180} INFO - Setting next_dagrun for etl_ssg_hanger_lines to 2025-09-03 17:00:00+00:00, run_after=2025-09-03 17:30:00+00:00
[2025-09-03T17:52:17.279+0000] {processor.py:208} INFO - Processing /opt/airflow/dags/hanger_lane_updated_v2.py took 0.338 seconds
[2025-09-03T17:52:48.014+0000] {processor.py:186} INFO - Started process (PID=3197) to work on /opt/airflow/dags/hanger_lane_updated_v2.py
[2025-09-03T17:52:48.015+0000] {processor.py:914} INFO - Processing file /opt/airflow/dags/hanger_lane_updated_v2.py for tasks to queue
[2025-09-03T17:52:48.017+0000] {logging_mixin.py:190} INFO - [2025-09-03T17:52:48.017+0000] {dagbag.py:588} INFO - Filling up the DagBag from /opt/airflow/dags/hanger_lane_updated_v2.py
[2025-09-03T17:52:48.040+0000] {logging_mixin.py:190} INFO - Python path: ['/home/airflow/.local/bin', '/opt/airflow', '/opt/airflow/include', '/usr/local/lib/python312.zip', '/usr/local/lib/python3.12', '/usr/local/lib/python3.12/lib-dynload', '/home/airflow/.local/lib/python3.12/site-packages', '/opt/airflow/config', '/opt/airflow/plugins', '/opt/airflow/dags', '/opt/airflow/include/dags']
[2025-09-03T17:52:48.040+0000] {logging_mixin.py:190} INFO - DAGs path exists: False
[2025-09-03T17:52:48.040+0000] {logging_mixin.py:190} INFO - db_utils.py exists: False
[2025-09-03T17:52:48.087+0000] {logging_mixin.py:190} INFO - Successfully imported PySpark modules
[2025-09-03T17:52:48.088+0000] {logging_mixin.py:190} INFO - Successfully imported db_utils
[2025-09-03T17:52:48.088+0000] {logging_mixin.py:190} INFO - Successfully imported functions from hanger_line_transform.py
[2025-09-03T17:52:48.100+0000] {logging_mixin.py:190} WARNING - /opt/airflow/dags/create_target_pg_hl_table.py:65 SAWarning: Table 'opd_date_shift' specifies columns 'id' as primary_key=True, not matching locally specified columns 'ODP_Date', 'Shift', 'source_connection'; setting the current primary key columns to 'ODP_Date', 'Shift', 'source_connection'. This warning may become an exception in a future release
[2025-09-03T17:52:48.101+0000] {logging_mixin.py:190} WARNING - /opt/airflow/dags/create_target_pg_hl_table.py:80 SAWarning: Table 'opd_date_oc' specifies columns 'id' as primary_key=True, not matching locally specified columns 'ODP_Date', 'OC_Description', 'source_connection'; setting the current primary key columns to 'ODP_Date', 'OC_Description', 'source_connection'. This warning may become an exception in a future release
[2025-09-03T17:52:48.102+0000] {logging_mixin.py:190} WARNING - /opt/airflow/dags/create_target_pg_hl_table.py:95 SAWarning: Table 'opd_date_employee' specifies columns 'id' as primary_key=True, not matching locally specified columns 'ODP_Date', 'ODP_EM_Key', 'source_connection'; setting the current primary key columns to 'ODP_Date', 'ODP_EM_Key', 'source_connection'. This warning may become an exception in a future release
[2025-09-03T17:52:48.104+0000] {processor.py:925} INFO - DAG(s) 'etl_ssg_hanger_lines' retrieved from /opt/airflow/dags/hanger_lane_updated_v2.py
[2025-09-03T17:52:48.329+0000] {logging_mixin.py:190} INFO - [2025-09-03T17:52:48.329+0000] {dag.py:3239} INFO - Sync 1 DAGs
[2025-09-03T17:52:48.354+0000] {logging_mixin.py:190} INFO - [2025-09-03T17:52:48.354+0000] {dag.py:4180} INFO - Setting next_dagrun for etl_ssg_hanger_lines to 2025-09-03 17:00:00+00:00, run_after=2025-09-03 17:30:00+00:00
[2025-09-03T17:52:48.382+0000] {processor.py:208} INFO - Processing /opt/airflow/dags/hanger_lane_updated_v2.py took 0.376 seconds
[2025-09-03T17:53:18.938+0000] {processor.py:186} INFO - Started process (PID=3304) to work on /opt/airflow/dags/hanger_lane_updated_v2.py
[2025-09-03T17:53:18.938+0000] {processor.py:914} INFO - Processing file /opt/airflow/dags/hanger_lane_updated_v2.py for tasks to queue
[2025-09-03T17:53:18.941+0000] {logging_mixin.py:190} INFO - [2025-09-03T17:53:18.940+0000] {dagbag.py:588} INFO - Filling up the DagBag from /opt/airflow/dags/hanger_lane_updated_v2.py
[2025-09-03T17:53:18.957+0000] {logging_mixin.py:190} INFO - Python path: ['/home/airflow/.local/bin', '/opt/airflow', '/opt/airflow/include', '/usr/local/lib/python312.zip', '/usr/local/lib/python3.12', '/usr/local/lib/python3.12/lib-dynload', '/home/airflow/.local/lib/python3.12/site-packages', '/opt/airflow/config', '/opt/airflow/plugins', '/opt/airflow/dags', '/opt/airflow/include/dags']
[2025-09-03T17:53:18.957+0000] {logging_mixin.py:190} INFO - DAGs path exists: False
[2025-09-03T17:53:18.958+0000] {logging_mixin.py:190} INFO - db_utils.py exists: False
[2025-09-03T17:53:19.015+0000] {logging_mixin.py:190} INFO - Successfully imported PySpark modules
[2025-09-03T17:53:19.016+0000] {logging_mixin.py:190} INFO - Successfully imported db_utils
[2025-09-03T17:53:19.017+0000] {logging_mixin.py:190} INFO - Successfully imported functions from hanger_line_transform.py
[2025-09-03T17:53:19.034+0000] {logging_mixin.py:190} WARNING - /opt/airflow/dags/create_target_pg_hl_table.py:65 SAWarning: Table 'opd_date_shift' specifies columns 'id' as primary_key=True, not matching locally specified columns 'ODP_Date', 'Shift', 'source_connection'; setting the current primary key columns to 'ODP_Date', 'Shift', 'source_connection'. This warning may become an exception in a future release
[2025-09-03T17:53:19.036+0000] {logging_mixin.py:190} WARNING - /opt/airflow/dags/create_target_pg_hl_table.py:80 SAWarning: Table 'opd_date_oc' specifies columns 'id' as primary_key=True, not matching locally specified columns 'ODP_Date', 'OC_Description', 'source_connection'; setting the current primary key columns to 'ODP_Date', 'OC_Description', 'source_connection'. This warning may become an exception in a future release
[2025-09-03T17:53:19.037+0000] {logging_mixin.py:190} WARNING - /opt/airflow/dags/create_target_pg_hl_table.py:95 SAWarning: Table 'opd_date_employee' specifies columns 'id' as primary_key=True, not matching locally specified columns 'ODP_Date', 'ODP_EM_Key', 'source_connection'; setting the current primary key columns to 'ODP_Date', 'ODP_EM_Key', 'source_connection'. This warning may become an exception in a future release
[2025-09-03T17:53:19.042+0000] {processor.py:925} INFO - DAG(s) 'etl_ssg_hanger_lines' retrieved from /opt/airflow/dags/hanger_lane_updated_v2.py
[2025-09-03T17:53:19.086+0000] {logging_mixin.py:190} INFO - [2025-09-03T17:53:19.086+0000] {dag.py:3239} INFO - Sync 1 DAGs
[2025-09-03T17:53:19.269+0000] {logging_mixin.py:190} INFO - [2025-09-03T17:53:19.268+0000] {dag.py:4180} INFO - Setting next_dagrun for etl_ssg_hanger_lines to 2025-09-03 17:00:00+00:00, run_after=2025-09-03 17:30:00+00:00
[2025-09-03T17:53:19.293+0000] {processor.py:208} INFO - Processing /opt/airflow/dags/hanger_lane_updated_v2.py took 0.361 seconds
[2025-09-03T17:53:50.221+0000] {processor.py:186} INFO - Started process (PID=3411) to work on /opt/airflow/dags/hanger_lane_updated_v2.py
[2025-09-03T17:53:50.222+0000] {processor.py:914} INFO - Processing file /opt/airflow/dags/hanger_lane_updated_v2.py for tasks to queue
[2025-09-03T17:53:50.225+0000] {logging_mixin.py:190} INFO - [2025-09-03T17:53:50.225+0000] {dagbag.py:588} INFO - Filling up the DagBag from /opt/airflow/dags/hanger_lane_updated_v2.py
[2025-09-03T17:53:50.258+0000] {logging_mixin.py:190} INFO - Python path: ['/home/airflow/.local/bin', '/opt/airflow', '/opt/airflow/include', '/usr/local/lib/python312.zip', '/usr/local/lib/python3.12', '/usr/local/lib/python3.12/lib-dynload', '/home/airflow/.local/lib/python3.12/site-packages', '/opt/airflow/config', '/opt/airflow/plugins', '/opt/airflow/dags', '/opt/airflow/include/dags']
[2025-09-03T17:53:50.258+0000] {logging_mixin.py:190} INFO - DAGs path exists: False
[2025-09-03T17:53:50.259+0000] {logging_mixin.py:190} INFO - db_utils.py exists: False
[2025-09-03T17:53:50.434+0000] {logging_mixin.py:190} INFO - Successfully imported PySpark modules
[2025-09-03T17:53:50.434+0000] {logging_mixin.py:190} INFO - Successfully imported db_utils
[2025-09-03T17:53:50.435+0000] {logging_mixin.py:190} INFO - Successfully imported functions from hanger_line_transform.py
[2025-09-03T17:53:50.445+0000] {logging_mixin.py:190} WARNING - /opt/airflow/dags/create_target_pg_hl_table.py:65 SAWarning: Table 'opd_date_shift' specifies columns 'id' as primary_key=True, not matching locally specified columns 'ODP_Date', 'Shift', 'source_connection'; setting the current primary key columns to 'ODP_Date', 'Shift', 'source_connection'. This warning may become an exception in a future release
[2025-09-03T17:53:50.446+0000] {logging_mixin.py:190} WARNING - /opt/airflow/dags/create_target_pg_hl_table.py:80 SAWarning: Table 'opd_date_oc' specifies columns 'id' as primary_key=True, not matching locally specified columns 'ODP_Date', 'OC_Description', 'source_connection'; setting the current primary key columns to 'ODP_Date', 'OC_Description', 'source_connection'. This warning may become an exception in a future release
[2025-09-03T17:53:50.447+0000] {logging_mixin.py:190} WARNING - /opt/airflow/dags/create_target_pg_hl_table.py:95 SAWarning: Table 'opd_date_employee' specifies columns 'id' as primary_key=True, not matching locally specified columns 'ODP_Date', 'ODP_EM_Key', 'source_connection'; setting the current primary key columns to 'ODP_Date', 'ODP_EM_Key', 'source_connection'. This warning may become an exception in a future release
[2025-09-03T17:53:50.449+0000] {processor.py:925} INFO - DAG(s) 'etl_ssg_hanger_lines' retrieved from /opt/airflow/dags/hanger_lane_updated_v2.py
[2025-09-03T17:53:50.542+0000] {logging_mixin.py:190} INFO - [2025-09-03T17:53:50.542+0000] {dag.py:3239} INFO - Sync 1 DAGs
[2025-09-03T17:53:50.563+0000] {logging_mixin.py:190} INFO - [2025-09-03T17:53:50.563+0000] {dag.py:4180} INFO - Setting next_dagrun for etl_ssg_hanger_lines to 2025-09-03 17:00:00+00:00, run_after=2025-09-03 17:30:00+00:00
[2025-09-03T17:53:50.588+0000] {processor.py:208} INFO - Processing /opt/airflow/dags/hanger_lane_updated_v2.py took 0.374 seconds
[2025-09-03T17:54:21.332+0000] {processor.py:186} INFO - Started process (PID=3518) to work on /opt/airflow/dags/hanger_lane_updated_v2.py
[2025-09-03T17:54:21.333+0000] {processor.py:914} INFO - Processing file /opt/airflow/dags/hanger_lane_updated_v2.py for tasks to queue
[2025-09-03T17:54:21.335+0000] {logging_mixin.py:190} INFO - [2025-09-03T17:54:21.335+0000] {dagbag.py:588} INFO - Filling up the DagBag from /opt/airflow/dags/hanger_lane_updated_v2.py
[2025-09-03T17:54:21.353+0000] {logging_mixin.py:190} INFO - Python path: ['/home/airflow/.local/bin', '/opt/airflow', '/opt/airflow/include', '/usr/local/lib/python312.zip', '/usr/local/lib/python3.12', '/usr/local/lib/python3.12/lib-dynload', '/home/airflow/.local/lib/python3.12/site-packages', '/opt/airflow/config', '/opt/airflow/plugins', '/opt/airflow/dags', '/opt/airflow/include/dags']
[2025-09-03T17:54:21.355+0000] {logging_mixin.py:190} INFO - DAGs path exists: False
[2025-09-03T17:54:21.355+0000] {logging_mixin.py:190} INFO - db_utils.py exists: False
[2025-09-03T17:54:21.542+0000] {logging_mixin.py:190} INFO - Successfully imported PySpark modules
[2025-09-03T17:54:21.544+0000] {logging_mixin.py:190} INFO - Successfully imported db_utils
[2025-09-03T17:54:21.545+0000] {logging_mixin.py:190} INFO - Successfully imported functions from hanger_line_transform.py
[2025-09-03T17:54:21.569+0000] {logging_mixin.py:190} WARNING - /opt/airflow/dags/create_target_pg_hl_table.py:65 SAWarning: Table 'opd_date_shift' specifies columns 'id' as primary_key=True, not matching locally specified columns 'ODP_Date', 'Shift', 'source_connection'; setting the current primary key columns to 'ODP_Date', 'Shift', 'source_connection'. This warning may become an exception in a future release
[2025-09-03T17:54:21.571+0000] {logging_mixin.py:190} WARNING - /opt/airflow/dags/create_target_pg_hl_table.py:80 SAWarning: Table 'opd_date_oc' specifies columns 'id' as primary_key=True, not matching locally specified columns 'ODP_Date', 'OC_Description', 'source_connection'; setting the current primary key columns to 'ODP_Date', 'OC_Description', 'source_connection'. This warning may become an exception in a future release
[2025-09-03T17:54:21.573+0000] {logging_mixin.py:190} WARNING - /opt/airflow/dags/create_target_pg_hl_table.py:95 SAWarning: Table 'opd_date_employee' specifies columns 'id' as primary_key=True, not matching locally specified columns 'ODP_Date', 'ODP_EM_Key', 'source_connection'; setting the current primary key columns to 'ODP_Date', 'ODP_EM_Key', 'source_connection'. This warning may become an exception in a future release
[2025-09-03T17:54:21.576+0000] {processor.py:925} INFO - DAG(s) 'etl_ssg_hanger_lines' retrieved from /opt/airflow/dags/hanger_lane_updated_v2.py
[2025-09-03T17:54:21.619+0000] {logging_mixin.py:190} INFO - [2025-09-03T17:54:21.619+0000] {dag.py:3239} INFO - Sync 1 DAGs
[2025-09-03T17:54:21.659+0000] {logging_mixin.py:190} INFO - [2025-09-03T17:54:21.659+0000] {dag.py:4180} INFO - Setting next_dagrun for etl_ssg_hanger_lines to 2025-09-03 17:00:00+00:00, run_after=2025-09-03 17:30:00+00:00
[2025-09-03T17:54:21.689+0000] {processor.py:208} INFO - Processing /opt/airflow/dags/hanger_lane_updated_v2.py took 0.362 seconds
[2025-09-03T17:55:55.160+0000] {processor.py:186} INFO - Started process (PID=203) to work on /opt/airflow/dags/hanger_lane_updated_v2.py
[2025-09-03T17:55:55.162+0000] {processor.py:914} INFO - Processing file /opt/airflow/dags/hanger_lane_updated_v2.py for tasks to queue
[2025-09-03T17:55:55.166+0000] {logging_mixin.py:190} INFO - [2025-09-03T17:55:55.165+0000] {dagbag.py:588} INFO - Filling up the DagBag from /opt/airflow/dags/hanger_lane_updated_v2.py
[2025-09-03T17:55:55.250+0000] {logging_mixin.py:190} INFO - Python path: ['/home/airflow/.local/bin', '/opt/airflow', '/opt/airflow/include', '/usr/local/lib/python312.zip', '/usr/local/lib/python3.12', '/usr/local/lib/python3.12/lib-dynload', '/home/airflow/.local/lib/python3.12/site-packages', '/opt/airflow/config', '/opt/airflow/plugins', '/opt/airflow/dags', '/opt/airflow/include/dags']
[2025-09-03T17:55:55.251+0000] {logging_mixin.py:190} INFO - DAGs path exists: False
[2025-09-03T17:55:55.251+0000] {logging_mixin.py:190} INFO - db_utils.py exists: False
[2025-09-03T17:55:55.389+0000] {logging_mixin.py:190} INFO - Successfully imported PySpark modules
[2025-09-03T17:55:55.392+0000] {logging_mixin.py:190} INFO - Successfully imported db_utils
[2025-09-03T17:55:55.393+0000] {logging_mixin.py:190} INFO - Successfully imported functions from hanger_line_transform.py
[2025-09-03T17:55:55.413+0000] {logging_mixin.py:190} WARNING - /opt/airflow/dags/create_target_pg_hl_table.py:65 SAWarning: Table 'opd_date_shift' specifies columns 'id' as primary_key=True, not matching locally specified columns 'ODP_Date', 'Shift', 'source_connection'; setting the current primary key columns to 'ODP_Date', 'Shift', 'source_connection'. This warning may become an exception in a future release
[2025-09-03T17:55:55.415+0000] {logging_mixin.py:190} WARNING - /opt/airflow/dags/create_target_pg_hl_table.py:80 SAWarning: Table 'opd_date_oc' specifies columns 'id' as primary_key=True, not matching locally specified columns 'ODP_Date', 'OC_Description', 'source_connection'; setting the current primary key columns to 'ODP_Date', 'OC_Description', 'source_connection'. This warning may become an exception in a future release
[2025-09-03T17:55:55.416+0000] {logging_mixin.py:190} WARNING - /opt/airflow/dags/create_target_pg_hl_table.py:95 SAWarning: Table 'opd_date_employee' specifies columns 'id' as primary_key=True, not matching locally specified columns 'ODP_Date', 'ODP_EM_Key', 'source_connection'; setting the current primary key columns to 'ODP_Date', 'ODP_EM_Key', 'source_connection'. This warning may become an exception in a future release
[2025-09-03T17:55:55.419+0000] {processor.py:925} INFO - DAG(s) 'etl_ssg_hanger_lines' retrieved from /opt/airflow/dags/hanger_lane_updated_v2.py
[2025-09-03T17:55:55.443+0000] {logging_mixin.py:190} INFO - [2025-09-03T17:55:55.442+0000] {dag.py:3239} INFO - Sync 1 DAGs
[2025-09-03T17:55:55.497+0000] {logging_mixin.py:190} INFO - [2025-09-03T17:55:55.497+0000] {dag.py:4180} INFO - Setting next_dagrun for etl_ssg_hanger_lines to 2025-09-03 17:00:00+00:00, run_after=2025-09-03 17:30:00+00:00
[2025-09-03T17:55:55.538+0000] {processor.py:208} INFO - Processing /opt/airflow/dags/hanger_lane_updated_v2.py took 0.386 seconds
[2025-09-03T17:56:26.264+0000] {processor.py:186} INFO - Started process (PID=311) to work on /opt/airflow/dags/hanger_lane_updated_v2.py
[2025-09-03T17:56:26.266+0000] {processor.py:914} INFO - Processing file /opt/airflow/dags/hanger_lane_updated_v2.py for tasks to queue
[2025-09-03T17:56:26.270+0000] {logging_mixin.py:190} INFO - [2025-09-03T17:56:26.270+0000] {dagbag.py:588} INFO - Filling up the DagBag from /opt/airflow/dags/hanger_lane_updated_v2.py
[2025-09-03T17:56:26.296+0000] {logging_mixin.py:190} INFO - Python path: ['/home/airflow/.local/bin', '/opt/airflow', '/opt/airflow/include', '/usr/local/lib/python312.zip', '/usr/local/lib/python3.12', '/usr/local/lib/python3.12/lib-dynload', '/home/airflow/.local/lib/python3.12/site-packages', '/opt/airflow/config', '/opt/airflow/plugins', '/opt/airflow/dags', '/opt/airflow/include/dags']
[2025-09-03T17:56:26.296+0000] {logging_mixin.py:190} INFO - DAGs path exists: False
[2025-09-03T17:56:26.297+0000] {logging_mixin.py:190} INFO - db_utils.py exists: False
[2025-09-03T17:56:26.381+0000] {logging_mixin.py:190} INFO - Successfully imported PySpark modules
[2025-09-03T17:56:26.385+0000] {logging_mixin.py:190} INFO - Successfully imported db_utils
[2025-09-03T17:56:26.386+0000] {logging_mixin.py:190} INFO - Successfully imported functions from hanger_line_transform.py
[2025-09-03T17:56:26.402+0000] {logging_mixin.py:190} WARNING - /opt/airflow/dags/create_target_pg_hl_table.py:65 SAWarning: Table 'opd_date_shift' specifies columns 'id' as primary_key=True, not matching locally specified columns 'ODP_Date', 'Shift', 'source_connection'; setting the current primary key columns to 'ODP_Date', 'Shift', 'source_connection'. This warning may become an exception in a future release
[2025-09-03T17:56:26.403+0000] {logging_mixin.py:190} WARNING - /opt/airflow/dags/create_target_pg_hl_table.py:80 SAWarning: Table 'opd_date_oc' specifies columns 'id' as primary_key=True, not matching locally specified columns 'ODP_Date', 'OC_Description', 'source_connection'; setting the current primary key columns to 'ODP_Date', 'OC_Description', 'source_connection'. This warning may become an exception in a future release
[2025-09-03T17:56:26.404+0000] {logging_mixin.py:190} WARNING - /opt/airflow/dags/create_target_pg_hl_table.py:95 SAWarning: Table 'opd_date_employee' specifies columns 'id' as primary_key=True, not matching locally specified columns 'ODP_Date', 'ODP_EM_Key', 'source_connection'; setting the current primary key columns to 'ODP_Date', 'ODP_EM_Key', 'source_connection'. This warning may become an exception in a future release
[2025-09-03T17:56:26.407+0000] {processor.py:925} INFO - DAG(s) 'etl_ssg_hanger_lines' retrieved from /opt/airflow/dags/hanger_lane_updated_v2.py
[2025-09-03T17:56:26.714+0000] {logging_mixin.py:190} INFO - [2025-09-03T17:56:26.714+0000] {dag.py:3239} INFO - Sync 1 DAGs
[2025-09-03T17:56:26.742+0000] {logging_mixin.py:190} INFO - [2025-09-03T17:56:26.742+0000] {dag.py:4180} INFO - Setting next_dagrun for etl_ssg_hanger_lines to 2025-09-03 17:00:00+00:00, run_after=2025-09-03 17:30:00+00:00
[2025-09-03T17:56:26.770+0000] {processor.py:208} INFO - Processing /opt/airflow/dags/hanger_lane_updated_v2.py took 0.514 seconds
[2025-09-03T17:56:57.122+0000] {processor.py:186} INFO - Started process (PID=420) to work on /opt/airflow/dags/hanger_lane_updated_v2.py
[2025-09-03T17:56:57.123+0000] {processor.py:914} INFO - Processing file /opt/airflow/dags/hanger_lane_updated_v2.py for tasks to queue
[2025-09-03T17:56:57.126+0000] {logging_mixin.py:190} INFO - [2025-09-03T17:56:57.126+0000] {dagbag.py:588} INFO - Filling up the DagBag from /opt/airflow/dags/hanger_lane_updated_v2.py
[2025-09-03T17:56:57.155+0000] {logging_mixin.py:190} INFO - Python path: ['/home/airflow/.local/bin', '/opt/airflow', '/opt/airflow/include', '/usr/local/lib/python312.zip', '/usr/local/lib/python3.12', '/usr/local/lib/python3.12/lib-dynload', '/home/airflow/.local/lib/python3.12/site-packages', '/opt/airflow/config', '/opt/airflow/plugins', '/opt/airflow/dags', '/opt/airflow/include/dags']
[2025-09-03T17:56:57.156+0000] {logging_mixin.py:190} INFO - DAGs path exists: False
[2025-09-03T17:56:57.157+0000] {logging_mixin.py:190} INFO - db_utils.py exists: False
[2025-09-03T17:56:57.219+0000] {logging_mixin.py:190} INFO - Successfully imported PySpark modules
[2025-09-03T17:56:57.220+0000] {logging_mixin.py:190} INFO - Successfully imported db_utils
[2025-09-03T17:56:57.221+0000] {logging_mixin.py:190} INFO - Successfully imported functions from hanger_line_transform.py
[2025-09-03T17:56:57.235+0000] {logging_mixin.py:190} WARNING - /opt/airflow/dags/create_target_pg_hl_table.py:65 SAWarning: Table 'opd_date_shift' specifies columns 'id' as primary_key=True, not matching locally specified columns 'ODP_Date', 'Shift', 'source_connection'; setting the current primary key columns to 'ODP_Date', 'Shift', 'source_connection'. This warning may become an exception in a future release
[2025-09-03T17:56:57.235+0000] {logging_mixin.py:190} WARNING - /opt/airflow/dags/create_target_pg_hl_table.py:80 SAWarning: Table 'opd_date_oc' specifies columns 'id' as primary_key=True, not matching locally specified columns 'ODP_Date', 'OC_Description', 'source_connection'; setting the current primary key columns to 'ODP_Date', 'OC_Description', 'source_connection'. This warning may become an exception in a future release
[2025-09-03T17:56:57.236+0000] {logging_mixin.py:190} WARNING - /opt/airflow/dags/create_target_pg_hl_table.py:95 SAWarning: Table 'opd_date_employee' specifies columns 'id' as primary_key=True, not matching locally specified columns 'ODP_Date', 'ODP_EM_Key', 'source_connection'; setting the current primary key columns to 'ODP_Date', 'ODP_EM_Key', 'source_connection'. This warning may become an exception in a future release
[2025-09-03T17:56:57.238+0000] {processor.py:925} INFO - DAG(s) 'etl_ssg_hanger_lines' retrieved from /opt/airflow/dags/hanger_lane_updated_v2.py
[2025-09-03T17:56:57.254+0000] {logging_mixin.py:190} INFO - [2025-09-03T17:56:57.254+0000] {dag.py:3239} INFO - Sync 1 DAGs
[2025-09-03T17:56:57.288+0000] {logging_mixin.py:190} INFO - [2025-09-03T17:56:57.288+0000] {dag.py:4180} INFO - Setting next_dagrun for etl_ssg_hanger_lines to 2025-09-03 17:00:00+00:00, run_after=2025-09-03 17:30:00+00:00
[2025-09-03T17:56:57.433+0000] {processor.py:208} INFO - Processing /opt/airflow/dags/hanger_lane_updated_v2.py took 0.316 seconds
[2025-09-03T17:57:28.068+0000] {processor.py:186} INFO - Started process (PID=525) to work on /opt/airflow/dags/hanger_lane_updated_v2.py
[2025-09-03T17:57:28.069+0000] {processor.py:914} INFO - Processing file /opt/airflow/dags/hanger_lane_updated_v2.py for tasks to queue
[2025-09-03T17:57:28.071+0000] {logging_mixin.py:190} INFO - [2025-09-03T17:57:28.071+0000] {dagbag.py:588} INFO - Filling up the DagBag from /opt/airflow/dags/hanger_lane_updated_v2.py
[2025-09-03T17:57:28.086+0000] {logging_mixin.py:190} INFO - Python path: ['/home/airflow/.local/bin', '/opt/airflow', '/opt/airflow/include', '/usr/local/lib/python312.zip', '/usr/local/lib/python3.12', '/usr/local/lib/python3.12/lib-dynload', '/home/airflow/.local/lib/python3.12/site-packages', '/opt/airflow/config', '/opt/airflow/plugins', '/opt/airflow/dags', '/opt/airflow/include/dags']
[2025-09-03T17:57:28.087+0000] {logging_mixin.py:190} INFO - DAGs path exists: False
[2025-09-03T17:57:28.088+0000] {logging_mixin.py:190} INFO - db_utils.py exists: False
[2025-09-03T17:57:28.273+0000] {logging_mixin.py:190} INFO - Successfully imported PySpark modules
[2025-09-03T17:57:28.274+0000] {logging_mixin.py:190} INFO - Successfully imported db_utils
[2025-09-03T17:57:28.275+0000] {logging_mixin.py:190} INFO - Successfully imported functions from hanger_line_transform.py
[2025-09-03T17:57:28.292+0000] {logging_mixin.py:190} WARNING - /opt/airflow/dags/create_target_pg_hl_table.py:65 SAWarning: Table 'opd_date_shift' specifies columns 'id' as primary_key=True, not matching locally specified columns 'ODP_Date', 'Shift', 'source_connection'; setting the current primary key columns to 'ODP_Date', 'Shift', 'source_connection'. This warning may become an exception in a future release
[2025-09-03T17:57:28.293+0000] {logging_mixin.py:190} WARNING - /opt/airflow/dags/create_target_pg_hl_table.py:80 SAWarning: Table 'opd_date_oc' specifies columns 'id' as primary_key=True, not matching locally specified columns 'ODP_Date', 'OC_Description', 'source_connection'; setting the current primary key columns to 'ODP_Date', 'OC_Description', 'source_connection'. This warning may become an exception in a future release
[2025-09-03T17:57:28.294+0000] {logging_mixin.py:190} WARNING - /opt/airflow/dags/create_target_pg_hl_table.py:95 SAWarning: Table 'opd_date_employee' specifies columns 'id' as primary_key=True, not matching locally specified columns 'ODP_Date', 'ODP_EM_Key', 'source_connection'; setting the current primary key columns to 'ODP_Date', 'ODP_EM_Key', 'source_connection'. This warning may become an exception in a future release
[2025-09-03T17:57:28.296+0000] {processor.py:925} INFO - DAG(s) 'etl_ssg_hanger_lines' retrieved from /opt/airflow/dags/hanger_lane_updated_v2.py
[2025-09-03T17:57:28.389+0000] {logging_mixin.py:190} INFO - [2025-09-03T17:57:28.389+0000] {dag.py:3239} INFO - Sync 1 DAGs
[2025-09-03T17:57:28.411+0000] {logging_mixin.py:190} INFO - [2025-09-03T17:57:28.411+0000] {dag.py:4180} INFO - Setting next_dagrun for etl_ssg_hanger_lines to 2025-09-03 17:00:00+00:00, run_after=2025-09-03 17:30:00+00:00
[2025-09-03T17:57:28.437+0000] {processor.py:208} INFO - Processing /opt/airflow/dags/hanger_lane_updated_v2.py took 0.373 seconds
[2025-09-03T17:57:59.340+0000] {processor.py:186} INFO - Started process (PID=634) to work on /opt/airflow/dags/hanger_lane_updated_v2.py
[2025-09-03T17:57:59.341+0000] {processor.py:914} INFO - Processing file /opt/airflow/dags/hanger_lane_updated_v2.py for tasks to queue
[2025-09-03T17:57:59.343+0000] {logging_mixin.py:190} INFO - [2025-09-03T17:57:59.343+0000] {dagbag.py:588} INFO - Filling up the DagBag from /opt/airflow/dags/hanger_lane_updated_v2.py
[2025-09-03T17:57:59.370+0000] {logging_mixin.py:190} INFO - Python path: ['/home/airflow/.local/bin', '/opt/airflow', '/opt/airflow/include', '/usr/local/lib/python312.zip', '/usr/local/lib/python3.12', '/usr/local/lib/python3.12/lib-dynload', '/home/airflow/.local/lib/python3.12/site-packages', '/opt/airflow/config', '/opt/airflow/plugins', '/opt/airflow/dags', '/opt/airflow/include/dags']
[2025-09-03T17:57:59.371+0000] {logging_mixin.py:190} INFO - DAGs path exists: False
[2025-09-03T17:57:59.371+0000] {logging_mixin.py:190} INFO - db_utils.py exists: False
[2025-09-03T17:57:59.584+0000] {logging_mixin.py:190} INFO - Successfully imported PySpark modules
[2025-09-03T17:57:59.585+0000] {logging_mixin.py:190} INFO - Successfully imported db_utils
[2025-09-03T17:57:59.586+0000] {logging_mixin.py:190} INFO - Successfully imported functions from hanger_line_transform.py
[2025-09-03T17:57:59.605+0000] {logging_mixin.py:190} WARNING - /opt/airflow/dags/create_target_pg_hl_table.py:65 SAWarning: Table 'opd_date_shift' specifies columns 'id' as primary_key=True, not matching locally specified columns 'ODP_Date', 'Shift', 'source_connection'; setting the current primary key columns to 'ODP_Date', 'Shift', 'source_connection'. This warning may become an exception in a future release
[2025-09-03T17:57:59.606+0000] {logging_mixin.py:190} WARNING - /opt/airflow/dags/create_target_pg_hl_table.py:80 SAWarning: Table 'opd_date_oc' specifies columns 'id' as primary_key=True, not matching locally specified columns 'ODP_Date', 'OC_Description', 'source_connection'; setting the current primary key columns to 'ODP_Date', 'OC_Description', 'source_connection'. This warning may become an exception in a future release
[2025-09-03T17:57:59.608+0000] {logging_mixin.py:190} WARNING - /opt/airflow/dags/create_target_pg_hl_table.py:95 SAWarning: Table 'opd_date_employee' specifies columns 'id' as primary_key=True, not matching locally specified columns 'ODP_Date', 'ODP_EM_Key', 'source_connection'; setting the current primary key columns to 'ODP_Date', 'ODP_EM_Key', 'source_connection'. This warning may become an exception in a future release
[2025-09-03T17:57:59.611+0000] {processor.py:925} INFO - DAG(s) 'etl_ssg_hanger_lines' retrieved from /opt/airflow/dags/hanger_lane_updated_v2.py
[2025-09-03T17:57:59.626+0000] {logging_mixin.py:190} INFO - [2025-09-03T17:57:59.626+0000] {dag.py:3239} INFO - Sync 1 DAGs
[2025-09-03T17:57:59.656+0000] {logging_mixin.py:190} INFO - [2025-09-03T17:57:59.656+0000] {dag.py:4180} INFO - Setting next_dagrun for etl_ssg_hanger_lines to 2025-09-03 17:00:00+00:00, run_after=2025-09-03 17:30:00+00:00
[2025-09-03T17:57:59.676+0000] {processor.py:208} INFO - Processing /opt/airflow/dags/hanger_lane_updated_v2.py took 0.343 seconds
[2025-09-03T17:58:30.603+0000] {processor.py:186} INFO - Started process (PID=739) to work on /opt/airflow/dags/hanger_lane_updated_v2.py
[2025-09-03T17:58:30.604+0000] {processor.py:914} INFO - Processing file /opt/airflow/dags/hanger_lane_updated_v2.py for tasks to queue
[2025-09-03T17:58:30.608+0000] {logging_mixin.py:190} INFO - [2025-09-03T17:58:30.607+0000] {dagbag.py:588} INFO - Filling up the DagBag from /opt/airflow/dags/hanger_lane_updated_v2.py
[2025-09-03T17:58:30.625+0000] {logging_mixin.py:190} INFO - Python path: ['/home/airflow/.local/bin', '/opt/airflow', '/opt/airflow/include', '/usr/local/lib/python312.zip', '/usr/local/lib/python3.12', '/usr/local/lib/python3.12/lib-dynload', '/home/airflow/.local/lib/python3.12/site-packages', '/opt/airflow/config', '/opt/airflow/plugins', '/opt/airflow/dags', '/opt/airflow/include/dags']
[2025-09-03T17:58:30.625+0000] {logging_mixin.py:190} INFO - DAGs path exists: False
[2025-09-03T17:58:30.626+0000] {logging_mixin.py:190} INFO - db_utils.py exists: False
[2025-09-03T17:58:30.813+0000] {logging_mixin.py:190} INFO - Successfully imported PySpark modules
[2025-09-03T17:58:30.815+0000] {logging_mixin.py:190} INFO - Successfully imported db_utils
[2025-09-03T17:58:30.816+0000] {logging_mixin.py:190} INFO - Successfully imported functions from hanger_line_transform.py
[2025-09-03T17:58:30.835+0000] {logging_mixin.py:190} WARNING - /opt/airflow/dags/create_target_pg_hl_table.py:65 SAWarning: Table 'opd_date_shift' specifies columns 'id' as primary_key=True, not matching locally specified columns 'ODP_Date', 'Shift', 'source_connection'; setting the current primary key columns to 'ODP_Date', 'Shift', 'source_connection'. This warning may become an exception in a future release
[2025-09-03T17:58:30.836+0000] {logging_mixin.py:190} WARNING - /opt/airflow/dags/create_target_pg_hl_table.py:80 SAWarning: Table 'opd_date_oc' specifies columns 'id' as primary_key=True, not matching locally specified columns 'ODP_Date', 'OC_Description', 'source_connection'; setting the current primary key columns to 'ODP_Date', 'OC_Description', 'source_connection'. This warning may become an exception in a future release
[2025-09-03T17:58:30.837+0000] {logging_mixin.py:190} WARNING - /opt/airflow/dags/create_target_pg_hl_table.py:95 SAWarning: Table 'opd_date_employee' specifies columns 'id' as primary_key=True, not matching locally specified columns 'ODP_Date', 'ODP_EM_Key', 'source_connection'; setting the current primary key columns to 'ODP_Date', 'ODP_EM_Key', 'source_connection'. This warning may become an exception in a future release
[2025-09-03T17:58:30.838+0000] {processor.py:925} INFO - DAG(s) 'etl_ssg_hanger_lines' retrieved from /opt/airflow/dags/hanger_lane_updated_v2.py
[2025-09-03T17:58:30.934+0000] {logging_mixin.py:190} INFO - [2025-09-03T17:58:30.933+0000] {dag.py:3239} INFO - Sync 1 DAGs
[2025-09-03T17:58:30.953+0000] {logging_mixin.py:190} INFO - [2025-09-03T17:58:30.953+0000] {dag.py:4180} INFO - Setting next_dagrun for etl_ssg_hanger_lines to 2025-09-03 17:00:00+00:00, run_after=2025-09-03 17:30:00+00:00
[2025-09-03T17:58:30.978+0000] {processor.py:208} INFO - Processing /opt/airflow/dags/hanger_lane_updated_v2.py took 0.379 seconds
[2025-09-03T17:59:01.845+0000] {processor.py:186} INFO - Started process (PID=846) to work on /opt/airflow/dags/hanger_lane_updated_v2.py
[2025-09-03T17:59:01.846+0000] {processor.py:914} INFO - Processing file /opt/airflow/dags/hanger_lane_updated_v2.py for tasks to queue
[2025-09-03T17:59:01.847+0000] {logging_mixin.py:190} INFO - [2025-09-03T17:59:01.847+0000] {dagbag.py:588} INFO - Filling up the DagBag from /opt/airflow/dags/hanger_lane_updated_v2.py
[2025-09-03T17:59:01.871+0000] {logging_mixin.py:190} INFO - Python path: ['/home/airflow/.local/bin', '/opt/airflow', '/opt/airflow/include', '/usr/local/lib/python312.zip', '/usr/local/lib/python3.12', '/usr/local/lib/python3.12/lib-dynload', '/home/airflow/.local/lib/python3.12/site-packages', '/opt/airflow/config', '/opt/airflow/plugins', '/opt/airflow/dags', '/opt/airflow/include/dags']
[2025-09-03T17:59:01.872+0000] {logging_mixin.py:190} INFO - DAGs path exists: False
[2025-09-03T17:59:01.872+0000] {logging_mixin.py:190} INFO - db_utils.py exists: False
[2025-09-03T17:59:02.056+0000] {logging_mixin.py:190} INFO - Successfully imported PySpark modules
[2025-09-03T17:59:02.058+0000] {logging_mixin.py:190} INFO - Successfully imported db_utils
[2025-09-03T17:59:02.058+0000] {logging_mixin.py:190} INFO - Successfully imported functions from hanger_line_transform.py
[2025-09-03T17:59:02.075+0000] {logging_mixin.py:190} WARNING - /opt/airflow/dags/create_target_pg_hl_table.py:65 SAWarning: Table 'opd_date_shift' specifies columns 'id' as primary_key=True, not matching locally specified columns 'ODP_Date', 'Shift', 'source_connection'; setting the current primary key columns to 'ODP_Date', 'Shift', 'source_connection'. This warning may become an exception in a future release
[2025-09-03T17:59:02.076+0000] {logging_mixin.py:190} WARNING - /opt/airflow/dags/create_target_pg_hl_table.py:80 SAWarning: Table 'opd_date_oc' specifies columns 'id' as primary_key=True, not matching locally specified columns 'ODP_Date', 'OC_Description', 'source_connection'; setting the current primary key columns to 'ODP_Date', 'OC_Description', 'source_connection'. This warning may become an exception in a future release
[2025-09-03T17:59:02.077+0000] {logging_mixin.py:190} WARNING - /opt/airflow/dags/create_target_pg_hl_table.py:95 SAWarning: Table 'opd_date_employee' specifies columns 'id' as primary_key=True, not matching locally specified columns 'ODP_Date', 'ODP_EM_Key', 'source_connection'; setting the current primary key columns to 'ODP_Date', 'ODP_EM_Key', 'source_connection'. This warning may become an exception in a future release
[2025-09-03T17:59:02.078+0000] {processor.py:925} INFO - DAG(s) 'etl_ssg_hanger_lines' retrieved from /opt/airflow/dags/hanger_lane_updated_v2.py
[2025-09-03T17:59:02.086+0000] {logging_mixin.py:190} INFO - [2025-09-03T17:59:02.086+0000] {dag.py:3239} INFO - Sync 1 DAGs
[2025-09-03T17:59:02.106+0000] {logging_mixin.py:190} INFO - [2025-09-03T17:59:02.106+0000] {dag.py:4180} INFO - Setting next_dagrun for etl_ssg_hanger_lines to 2025-09-03 17:00:00+00:00, run_after=2025-09-03 17:30:00+00:00
[2025-09-03T17:59:02.125+0000] {processor.py:208} INFO - Processing /opt/airflow/dags/hanger_lane_updated_v2.py took 0.285 seconds
[2025-09-03T17:59:33.207+0000] {processor.py:186} INFO - Started process (PID=955) to work on /opt/airflow/dags/hanger_lane_updated_v2.py
[2025-09-03T17:59:33.208+0000] {processor.py:914} INFO - Processing file /opt/airflow/dags/hanger_lane_updated_v2.py for tasks to queue
[2025-09-03T17:59:33.209+0000] {logging_mixin.py:190} INFO - [2025-09-03T17:59:33.209+0000] {dagbag.py:588} INFO - Filling up the DagBag from /opt/airflow/dags/hanger_lane_updated_v2.py
[2025-09-03T17:59:33.225+0000] {logging_mixin.py:190} INFO - Python path: ['/home/airflow/.local/bin', '/opt/airflow', '/opt/airflow/include', '/usr/local/lib/python312.zip', '/usr/local/lib/python3.12', '/usr/local/lib/python3.12/lib-dynload', '/home/airflow/.local/lib/python3.12/site-packages', '/opt/airflow/config', '/opt/airflow/plugins', '/opt/airflow/dags', '/opt/airflow/include/dags']
[2025-09-03T17:59:33.226+0000] {logging_mixin.py:190} INFO - DAGs path exists: False
[2025-09-03T17:59:33.226+0000] {logging_mixin.py:190} INFO - db_utils.py exists: False
[2025-09-03T17:59:33.277+0000] {logging_mixin.py:190} INFO - Successfully imported PySpark modules
[2025-09-03T17:59:33.278+0000] {logging_mixin.py:190} INFO - Successfully imported db_utils
[2025-09-03T17:59:33.279+0000] {logging_mixin.py:190} INFO - Successfully imported functions from hanger_line_transform.py
[2025-09-03T17:59:33.293+0000] {logging_mixin.py:190} WARNING - /opt/airflow/dags/create_target_pg_hl_table.py:65 SAWarning: Table 'opd_date_shift' specifies columns 'id' as primary_key=True, not matching locally specified columns 'ODP_Date', 'Shift', 'source_connection'; setting the current primary key columns to 'ODP_Date', 'Shift', 'source_connection'. This warning may become an exception in a future release
[2025-09-03T17:59:33.294+0000] {logging_mixin.py:190} WARNING - /opt/airflow/dags/create_target_pg_hl_table.py:80 SAWarning: Table 'opd_date_oc' specifies columns 'id' as primary_key=True, not matching locally specified columns 'ODP_Date', 'OC_Description', 'source_connection'; setting the current primary key columns to 'ODP_Date', 'OC_Description', 'source_connection'. This warning may become an exception in a future release
[2025-09-03T17:59:33.295+0000] {logging_mixin.py:190} WARNING - /opt/airflow/dags/create_target_pg_hl_table.py:95 SAWarning: Table 'opd_date_employee' specifies columns 'id' as primary_key=True, not matching locally specified columns 'ODP_Date', 'ODP_EM_Key', 'source_connection'; setting the current primary key columns to 'ODP_Date', 'ODP_EM_Key', 'source_connection'. This warning may become an exception in a future release
[2025-09-03T17:59:33.297+0000] {processor.py:925} INFO - DAG(s) 'etl_ssg_hanger_lines' retrieved from /opt/airflow/dags/hanger_lane_updated_v2.py
[2025-09-03T17:59:33.381+0000] {logging_mixin.py:190} INFO - [2025-09-03T17:59:33.380+0000] {dag.py:3239} INFO - Sync 1 DAGs
[2025-09-03T17:59:33.401+0000] {logging_mixin.py:190} INFO - [2025-09-03T17:59:33.401+0000] {dag.py:4180} INFO - Setting next_dagrun for etl_ssg_hanger_lines to 2025-09-03 17:00:00+00:00, run_after=2025-09-03 17:30:00+00:00
[2025-09-03T17:59:33.423+0000] {processor.py:208} INFO - Processing /opt/airflow/dags/hanger_lane_updated_v2.py took 0.221 seconds
[2025-09-03T18:00:04.221+0000] {processor.py:186} INFO - Started process (PID=1060) to work on /opt/airflow/dags/hanger_lane_updated_v2.py
[2025-09-03T18:00:04.222+0000] {processor.py:914} INFO - Processing file /opt/airflow/dags/hanger_lane_updated_v2.py for tasks to queue
[2025-09-03T18:00:04.224+0000] {logging_mixin.py:190} INFO - [2025-09-03T18:00:04.224+0000] {dagbag.py:588} INFO - Filling up the DagBag from /opt/airflow/dags/hanger_lane_updated_v2.py
[2025-09-03T18:00:04.253+0000] {logging_mixin.py:190} INFO - Python path: ['/home/airflow/.local/bin', '/opt/airflow', '/opt/airflow/include', '/usr/local/lib/python312.zip', '/usr/local/lib/python3.12', '/usr/local/lib/python3.12/lib-dynload', '/home/airflow/.local/lib/python3.12/site-packages', '/opt/airflow/config', '/opt/airflow/plugins', '/opt/airflow/dags', '/opt/airflow/include/dags']
[2025-09-03T18:00:04.253+0000] {logging_mixin.py:190} INFO - DAGs path exists: False
[2025-09-03T18:00:04.253+0000] {logging_mixin.py:190} INFO - db_utils.py exists: False
[2025-09-03T18:00:04.312+0000] {logging_mixin.py:190} INFO - Successfully imported PySpark modules
[2025-09-03T18:00:04.313+0000] {logging_mixin.py:190} INFO - Successfully imported db_utils
[2025-09-03T18:00:04.314+0000] {logging_mixin.py:190} INFO - Successfully imported functions from hanger_line_transform.py
[2025-09-03T18:00:04.330+0000] {logging_mixin.py:190} WARNING - /opt/airflow/dags/create_target_pg_hl_table.py:65 SAWarning: Table 'opd_date_shift' specifies columns 'id' as primary_key=True, not matching locally specified columns 'ODP_Date', 'Shift', 'source_connection'; setting the current primary key columns to 'ODP_Date', 'Shift', 'source_connection'. This warning may become an exception in a future release
[2025-09-03T18:00:04.331+0000] {logging_mixin.py:190} WARNING - /opt/airflow/dags/create_target_pg_hl_table.py:80 SAWarning: Table 'opd_date_oc' specifies columns 'id' as primary_key=True, not matching locally specified columns 'ODP_Date', 'OC_Description', 'source_connection'; setting the current primary key columns to 'ODP_Date', 'OC_Description', 'source_connection'. This warning may become an exception in a future release
[2025-09-03T18:00:04.332+0000] {logging_mixin.py:190} WARNING - /opt/airflow/dags/create_target_pg_hl_table.py:95 SAWarning: Table 'opd_date_employee' specifies columns 'id' as primary_key=True, not matching locally specified columns 'ODP_Date', 'ODP_EM_Key', 'source_connection'; setting the current primary key columns to 'ODP_Date', 'ODP_EM_Key', 'source_connection'. This warning may become an exception in a future release
[2025-09-03T18:00:04.334+0000] {processor.py:925} INFO - DAG(s) 'etl_ssg_hanger_lines' retrieved from /opt/airflow/dags/hanger_lane_updated_v2.py
[2025-09-03T18:00:04.345+0000] {logging_mixin.py:190} INFO - [2025-09-03T18:00:04.345+0000] {dag.py:3239} INFO - Sync 1 DAGs
[2025-09-03T18:00:04.371+0000] {logging_mixin.py:190} INFO - [2025-09-03T18:00:04.371+0000] {dag.py:4180} INFO - Setting next_dagrun for etl_ssg_hanger_lines to 2025-09-03 17:30:00+00:00, run_after=2025-09-03 18:00:00+00:00
[2025-09-03T18:00:04.392+0000] {processor.py:208} INFO - Processing /opt/airflow/dags/hanger_lane_updated_v2.py took 0.176 seconds
[2025-09-03T18:00:34.950+0000] {processor.py:186} INFO - Started process (PID=1167) to work on /opt/airflow/dags/hanger_lane_updated_v2.py
[2025-09-03T18:00:34.951+0000] {processor.py:914} INFO - Processing file /opt/airflow/dags/hanger_lane_updated_v2.py for tasks to queue
[2025-09-03T18:00:34.954+0000] {logging_mixin.py:190} INFO - [2025-09-03T18:00:34.954+0000] {dagbag.py:588} INFO - Filling up the DagBag from /opt/airflow/dags/hanger_lane_updated_v2.py
[2025-09-03T18:00:34.980+0000] {logging_mixin.py:190} INFO - Python path: ['/home/airflow/.local/bin', '/opt/airflow', '/opt/airflow/include', '/usr/local/lib/python312.zip', '/usr/local/lib/python3.12', '/usr/local/lib/python3.12/lib-dynload', '/home/airflow/.local/lib/python3.12/site-packages', '/opt/airflow/config', '/opt/airflow/plugins', '/opt/airflow/dags', '/opt/airflow/include/dags']
[2025-09-03T18:00:34.981+0000] {logging_mixin.py:190} INFO - DAGs path exists: False
[2025-09-03T18:00:34.981+0000] {logging_mixin.py:190} INFO - db_utils.py exists: False
[2025-09-03T18:00:35.050+0000] {logging_mixin.py:190} INFO - Successfully imported PySpark modules
[2025-09-03T18:00:35.051+0000] {logging_mixin.py:190} INFO - Successfully imported db_utils
[2025-09-03T18:00:35.052+0000] {logging_mixin.py:190} INFO - Successfully imported functions from hanger_line_transform.py
[2025-09-03T18:00:35.088+0000] {logging_mixin.py:190} WARNING - /opt/airflow/dags/create_target_pg_hl_table.py:65 SAWarning: Table 'opd_date_shift' specifies columns 'id' as primary_key=True, not matching locally specified columns 'ODP_Date', 'Shift', 'source_connection'; setting the current primary key columns to 'ODP_Date', 'Shift', 'source_connection'. This warning may become an exception in a future release
[2025-09-03T18:00:35.090+0000] {logging_mixin.py:190} WARNING - /opt/airflow/dags/create_target_pg_hl_table.py:80 SAWarning: Table 'opd_date_oc' specifies columns 'id' as primary_key=True, not matching locally specified columns 'ODP_Date', 'OC_Description', 'source_connection'; setting the current primary key columns to 'ODP_Date', 'OC_Description', 'source_connection'. This warning may become an exception in a future release
[2025-09-03T18:00:35.092+0000] {logging_mixin.py:190} WARNING - /opt/airflow/dags/create_target_pg_hl_table.py:95 SAWarning: Table 'opd_date_employee' specifies columns 'id' as primary_key=True, not matching locally specified columns 'ODP_Date', 'ODP_EM_Key', 'source_connection'; setting the current primary key columns to 'ODP_Date', 'ODP_EM_Key', 'source_connection'. This warning may become an exception in a future release
[2025-09-03T18:00:35.096+0000] {processor.py:925} INFO - DAG(s) 'etl_ssg_hanger_lines' retrieved from /opt/airflow/dags/hanger_lane_updated_v2.py
[2025-09-03T18:00:35.251+0000] {logging_mixin.py:190} INFO - [2025-09-03T18:00:35.250+0000] {dag.py:3239} INFO - Sync 1 DAGs
[2025-09-03T18:00:35.280+0000] {logging_mixin.py:190} INFO - [2025-09-03T18:00:35.280+0000] {dag.py:4180} INFO - Setting next_dagrun for etl_ssg_hanger_lines to 2025-09-03 17:30:00+00:00, run_after=2025-09-03 18:00:00+00:00
[2025-09-03T18:00:35.303+0000] {processor.py:208} INFO - Processing /opt/airflow/dags/hanger_lane_updated_v2.py took 0.358 seconds
[2025-09-03T18:01:05.936+0000] {processor.py:186} INFO - Started process (PID=1274) to work on /opt/airflow/dags/hanger_lane_updated_v2.py
[2025-09-03T18:01:05.936+0000] {processor.py:914} INFO - Processing file /opt/airflow/dags/hanger_lane_updated_v2.py for tasks to queue
[2025-09-03T18:01:05.940+0000] {logging_mixin.py:190} INFO - [2025-09-03T18:01:05.939+0000] {dagbag.py:588} INFO - Filling up the DagBag from /opt/airflow/dags/hanger_lane_updated_v2.py
[2025-09-03T18:01:05.966+0000] {logging_mixin.py:190} INFO - Python path: ['/home/airflow/.local/bin', '/opt/airflow', '/opt/airflow/include', '/usr/local/lib/python312.zip', '/usr/local/lib/python3.12', '/usr/local/lib/python3.12/lib-dynload', '/home/airflow/.local/lib/python3.12/site-packages', '/opt/airflow/config', '/opt/airflow/plugins', '/opt/airflow/dags', '/opt/airflow/include/dags']
[2025-09-03T18:01:05.967+0000] {logging_mixin.py:190} INFO - DAGs path exists: False
[2025-09-03T18:01:05.968+0000] {logging_mixin.py:190} INFO - db_utils.py exists: False
[2025-09-03T18:01:06.031+0000] {logging_mixin.py:190} INFO - Successfully imported PySpark modules
[2025-09-03T18:01:06.033+0000] {logging_mixin.py:190} INFO - Successfully imported db_utils
[2025-09-03T18:01:06.033+0000] {logging_mixin.py:190} INFO - Successfully imported functions from hanger_line_transform.py
[2025-09-03T18:01:06.048+0000] {logging_mixin.py:190} WARNING - /opt/airflow/dags/create_target_pg_hl_table.py:65 SAWarning: Table 'opd_date_shift' specifies columns 'id' as primary_key=True, not matching locally specified columns 'ODP_Date', 'Shift', 'source_connection'; setting the current primary key columns to 'ODP_Date', 'Shift', 'source_connection'. This warning may become an exception in a future release
[2025-09-03T18:01:06.049+0000] {logging_mixin.py:190} WARNING - /opt/airflow/dags/create_target_pg_hl_table.py:80 SAWarning: Table 'opd_date_oc' specifies columns 'id' as primary_key=True, not matching locally specified columns 'ODP_Date', 'OC_Description', 'source_connection'; setting the current primary key columns to 'ODP_Date', 'OC_Description', 'source_connection'. This warning may become an exception in a future release
[2025-09-03T18:01:06.050+0000] {logging_mixin.py:190} WARNING - /opt/airflow/dags/create_target_pg_hl_table.py:95 SAWarning: Table 'opd_date_employee' specifies columns 'id' as primary_key=True, not matching locally specified columns 'ODP_Date', 'ODP_EM_Key', 'source_connection'; setting the current primary key columns to 'ODP_Date', 'ODP_EM_Key', 'source_connection'. This warning may become an exception in a future release
[2025-09-03T18:01:06.053+0000] {processor.py:925} INFO - DAG(s) 'etl_ssg_hanger_lines' retrieved from /opt/airflow/dags/hanger_lane_updated_v2.py
[2025-09-03T18:01:06.067+0000] {logging_mixin.py:190} INFO - [2025-09-03T18:01:06.067+0000] {dag.py:3239} INFO - Sync 1 DAGs
[2025-09-03T18:01:06.094+0000] {logging_mixin.py:190} INFO - [2025-09-03T18:01:06.094+0000] {dag.py:4180} INFO - Setting next_dagrun for etl_ssg_hanger_lines to 2025-09-03 17:30:00+00:00, run_after=2025-09-03 18:00:00+00:00
[2025-09-03T18:01:06.117+0000] {processor.py:208} INFO - Processing /opt/airflow/dags/hanger_lane_updated_v2.py took 0.187 seconds
[2025-09-03T18:01:36.704+0000] {processor.py:186} INFO - Started process (PID=1383) to work on /opt/airflow/dags/hanger_lane_updated_v2.py
[2025-09-03T18:01:36.705+0000] {processor.py:914} INFO - Processing file /opt/airflow/dags/hanger_lane_updated_v2.py for tasks to queue
[2025-09-03T18:01:36.707+0000] {logging_mixin.py:190} INFO - [2025-09-03T18:01:36.706+0000] {dagbag.py:588} INFO - Filling up the DagBag from /opt/airflow/dags/hanger_lane_updated_v2.py
[2025-09-03T18:01:36.736+0000] {logging_mixin.py:190} INFO - Python path: ['/home/airflow/.local/bin', '/opt/airflow', '/opt/airflow/include', '/usr/local/lib/python312.zip', '/usr/local/lib/python3.12', '/usr/local/lib/python3.12/lib-dynload', '/home/airflow/.local/lib/python3.12/site-packages', '/opt/airflow/config', '/opt/airflow/plugins', '/opt/airflow/dags', '/opt/airflow/include/dags']
[2025-09-03T18:01:36.738+0000] {logging_mixin.py:190} INFO - DAGs path exists: False
[2025-09-03T18:01:36.738+0000] {logging_mixin.py:190} INFO - db_utils.py exists: False
[2025-09-03T18:01:36.794+0000] {logging_mixin.py:190} INFO - Successfully imported PySpark modules
[2025-09-03T18:01:36.796+0000] {logging_mixin.py:190} INFO - Successfully imported db_utils
[2025-09-03T18:01:36.796+0000] {logging_mixin.py:190} INFO - Successfully imported functions from hanger_line_transform.py
[2025-09-03T18:01:36.815+0000] {logging_mixin.py:190} WARNING - /opt/airflow/dags/create_target_pg_hl_table.py:65 SAWarning: Table 'opd_date_shift' specifies columns 'id' as primary_key=True, not matching locally specified columns 'ODP_Date', 'Shift', 'source_connection'; setting the current primary key columns to 'ODP_Date', 'Shift', 'source_connection'. This warning may become an exception in a future release
[2025-09-03T18:01:36.816+0000] {logging_mixin.py:190} WARNING - /opt/airflow/dags/create_target_pg_hl_table.py:80 SAWarning: Table 'opd_date_oc' specifies columns 'id' as primary_key=True, not matching locally specified columns 'ODP_Date', 'OC_Description', 'source_connection'; setting the current primary key columns to 'ODP_Date', 'OC_Description', 'source_connection'. This warning may become an exception in a future release
[2025-09-03T18:01:36.817+0000] {logging_mixin.py:190} WARNING - /opt/airflow/dags/create_target_pg_hl_table.py:95 SAWarning: Table 'opd_date_employee' specifies columns 'id' as primary_key=True, not matching locally specified columns 'ODP_Date', 'ODP_EM_Key', 'source_connection'; setting the current primary key columns to 'ODP_Date', 'ODP_EM_Key', 'source_connection'. This warning may become an exception in a future release
[2025-09-03T18:01:36.819+0000] {processor.py:925} INFO - DAG(s) 'etl_ssg_hanger_lines' retrieved from /opt/airflow/dags/hanger_lane_updated_v2.py
[2025-09-03T18:01:36.906+0000] {logging_mixin.py:190} INFO - [2025-09-03T18:01:36.906+0000] {dag.py:3239} INFO - Sync 1 DAGs
[2025-09-03T18:01:36.925+0000] {logging_mixin.py:190} INFO - [2025-09-03T18:01:36.924+0000] {dag.py:4180} INFO - Setting next_dagrun for etl_ssg_hanger_lines to 2025-09-03 17:30:00+00:00, run_after=2025-09-03 18:00:00+00:00
[2025-09-03T18:01:36.946+0000] {processor.py:208} INFO - Processing /opt/airflow/dags/hanger_lane_updated_v2.py took 0.249 seconds
[2025-09-03T18:02:07.459+0000] {processor.py:186} INFO - Started process (PID=1488) to work on /opt/airflow/dags/hanger_lane_updated_v2.py
[2025-09-03T18:02:07.460+0000] {processor.py:914} INFO - Processing file /opt/airflow/dags/hanger_lane_updated_v2.py for tasks to queue
[2025-09-03T18:02:07.463+0000] {logging_mixin.py:190} INFO - [2025-09-03T18:02:07.463+0000] {dagbag.py:588} INFO - Filling up the DagBag from /opt/airflow/dags/hanger_lane_updated_v2.py
[2025-09-03T18:02:07.489+0000] {logging_mixin.py:190} INFO - Python path: ['/home/airflow/.local/bin', '/opt/airflow', '/opt/airflow/include', '/usr/local/lib/python312.zip', '/usr/local/lib/python3.12', '/usr/local/lib/python3.12/lib-dynload', '/home/airflow/.local/lib/python3.12/site-packages', '/opt/airflow/config', '/opt/airflow/plugins', '/opt/airflow/dags', '/opt/airflow/include/dags']
[2025-09-03T18:02:07.490+0000] {logging_mixin.py:190} INFO - DAGs path exists: False
[2025-09-03T18:02:07.491+0000] {logging_mixin.py:190} INFO - db_utils.py exists: False
[2025-09-03T18:02:07.565+0000] {logging_mixin.py:190} INFO - Successfully imported PySpark modules
[2025-09-03T18:02:07.566+0000] {logging_mixin.py:190} INFO - Successfully imported db_utils
[2025-09-03T18:02:07.567+0000] {logging_mixin.py:190} INFO - Successfully imported functions from hanger_line_transform.py
[2025-09-03T18:02:07.583+0000] {logging_mixin.py:190} WARNING - /opt/airflow/dags/create_target_pg_hl_table.py:65 SAWarning: Table 'opd_date_shift' specifies columns 'id' as primary_key=True, not matching locally specified columns 'ODP_Date', 'Shift', 'source_connection'; setting the current primary key columns to 'ODP_Date', 'Shift', 'source_connection'. This warning may become an exception in a future release
[2025-09-03T18:02:07.584+0000] {logging_mixin.py:190} WARNING - /opt/airflow/dags/create_target_pg_hl_table.py:80 SAWarning: Table 'opd_date_oc' specifies columns 'id' as primary_key=True, not matching locally specified columns 'ODP_Date', 'OC_Description', 'source_connection'; setting the current primary key columns to 'ODP_Date', 'OC_Description', 'source_connection'. This warning may become an exception in a future release
[2025-09-03T18:02:07.585+0000] {logging_mixin.py:190} WARNING - /opt/airflow/dags/create_target_pg_hl_table.py:95 SAWarning: Table 'opd_date_employee' specifies columns 'id' as primary_key=True, not matching locally specified columns 'ODP_Date', 'ODP_EM_Key', 'source_connection'; setting the current primary key columns to 'ODP_Date', 'ODP_EM_Key', 'source_connection'. This warning may become an exception in a future release
[2025-09-03T18:02:07.587+0000] {processor.py:925} INFO - DAG(s) 'etl_ssg_hanger_lines' retrieved from /opt/airflow/dags/hanger_lane_updated_v2.py
[2025-09-03T18:02:07.602+0000] {logging_mixin.py:190} INFO - [2025-09-03T18:02:07.602+0000] {dag.py:3239} INFO - Sync 1 DAGs
[2025-09-03T18:02:07.637+0000] {logging_mixin.py:190} INFO - [2025-09-03T18:02:07.637+0000] {dag.py:4180} INFO - Setting next_dagrun for etl_ssg_hanger_lines to 2025-09-03 17:30:00+00:00, run_after=2025-09-03 18:00:00+00:00
[2025-09-03T18:02:07.656+0000] {processor.py:208} INFO - Processing /opt/airflow/dags/hanger_lane_updated_v2.py took 0.204 seconds
[2025-09-03T18:02:38.091+0000] {processor.py:186} INFO - Started process (PID=1595) to work on /opt/airflow/dags/hanger_lane_updated_v2.py
[2025-09-03T18:02:38.092+0000] {processor.py:914} INFO - Processing file /opt/airflow/dags/hanger_lane_updated_v2.py for tasks to queue
[2025-09-03T18:02:38.094+0000] {logging_mixin.py:190} INFO - [2025-09-03T18:02:38.094+0000] {dagbag.py:588} INFO - Filling up the DagBag from /opt/airflow/dags/hanger_lane_updated_v2.py
[2025-09-03T18:02:38.113+0000] {logging_mixin.py:190} INFO - Python path: ['/home/airflow/.local/bin', '/opt/airflow', '/opt/airflow/include', '/usr/local/lib/python312.zip', '/usr/local/lib/python3.12', '/usr/local/lib/python3.12/lib-dynload', '/home/airflow/.local/lib/python3.12/site-packages', '/opt/airflow/config', '/opt/airflow/plugins', '/opt/airflow/dags', '/opt/airflow/include/dags']
[2025-09-03T18:02:38.113+0000] {logging_mixin.py:190} INFO - DAGs path exists: False
[2025-09-03T18:02:38.113+0000] {logging_mixin.py:190} INFO - db_utils.py exists: False
[2025-09-03T18:02:38.191+0000] {logging_mixin.py:190} INFO - Successfully imported PySpark modules
[2025-09-03T18:02:38.192+0000] {logging_mixin.py:190} INFO - Successfully imported db_utils
[2025-09-03T18:02:38.193+0000] {logging_mixin.py:190} INFO - Successfully imported functions from hanger_line_transform.py
[2025-09-03T18:02:38.209+0000] {logging_mixin.py:190} WARNING - /opt/airflow/dags/create_target_pg_hl_table.py:65 SAWarning: Table 'opd_date_shift' specifies columns 'id' as primary_key=True, not matching locally specified columns 'ODP_Date', 'Shift', 'source_connection'; setting the current primary key columns to 'ODP_Date', 'Shift', 'source_connection'. This warning may become an exception in a future release
[2025-09-03T18:02:38.210+0000] {logging_mixin.py:190} WARNING - /opt/airflow/dags/create_target_pg_hl_table.py:80 SAWarning: Table 'opd_date_oc' specifies columns 'id' as primary_key=True, not matching locally specified columns 'ODP_Date', 'OC_Description', 'source_connection'; setting the current primary key columns to 'ODP_Date', 'OC_Description', 'source_connection'. This warning may become an exception in a future release
[2025-09-03T18:02:38.211+0000] {logging_mixin.py:190} WARNING - /opt/airflow/dags/create_target_pg_hl_table.py:95 SAWarning: Table 'opd_date_employee' specifies columns 'id' as primary_key=True, not matching locally specified columns 'ODP_Date', 'ODP_EM_Key', 'source_connection'; setting the current primary key columns to 'ODP_Date', 'ODP_EM_Key', 'source_connection'. This warning may become an exception in a future release
[2025-09-03T18:02:38.213+0000] {processor.py:925} INFO - DAG(s) 'etl_ssg_hanger_lines' retrieved from /opt/airflow/dags/hanger_lane_updated_v2.py
[2025-09-03T18:02:38.313+0000] {logging_mixin.py:190} INFO - [2025-09-03T18:02:38.313+0000] {dag.py:3239} INFO - Sync 1 DAGs
[2025-09-03T18:02:38.332+0000] {logging_mixin.py:190} INFO - [2025-09-03T18:02:38.332+0000] {dag.py:4180} INFO - Setting next_dagrun for etl_ssg_hanger_lines to 2025-09-03 17:30:00+00:00, run_after=2025-09-03 18:00:00+00:00
[2025-09-03T18:02:38.355+0000] {processor.py:208} INFO - Processing /opt/airflow/dags/hanger_lane_updated_v2.py took 0.271 seconds
[2025-09-03T18:03:08.814+0000] {processor.py:186} INFO - Started process (PID=1704) to work on /opt/airflow/dags/hanger_lane_updated_v2.py
[2025-09-03T18:03:08.815+0000] {processor.py:914} INFO - Processing file /opt/airflow/dags/hanger_lane_updated_v2.py for tasks to queue
[2025-09-03T18:03:08.818+0000] {logging_mixin.py:190} INFO - [2025-09-03T18:03:08.818+0000] {dagbag.py:588} INFO - Filling up the DagBag from /opt/airflow/dags/hanger_lane_updated_v2.py
[2025-09-03T18:03:08.835+0000] {logging_mixin.py:190} INFO - Python path: ['/home/airflow/.local/bin', '/opt/airflow', '/opt/airflow/include', '/usr/local/lib/python312.zip', '/usr/local/lib/python3.12', '/usr/local/lib/python3.12/lib-dynload', '/home/airflow/.local/lib/python3.12/site-packages', '/opt/airflow/config', '/opt/airflow/plugins', '/opt/airflow/dags', '/opt/airflow/include/dags']
[2025-09-03T18:03:08.836+0000] {logging_mixin.py:190} INFO - DAGs path exists: False
[2025-09-03T18:03:08.836+0000] {logging_mixin.py:190} INFO - db_utils.py exists: False
[2025-09-03T18:03:08.894+0000] {logging_mixin.py:190} INFO - Successfully imported PySpark modules
[2025-09-03T18:03:08.895+0000] {logging_mixin.py:190} INFO - Successfully imported db_utils
[2025-09-03T18:03:08.895+0000] {logging_mixin.py:190} INFO - Successfully imported functions from hanger_line_transform.py
[2025-09-03T18:03:08.913+0000] {logging_mixin.py:190} WARNING - /opt/airflow/dags/create_target_pg_hl_table.py:65 SAWarning: Table 'opd_date_shift' specifies columns 'id' as primary_key=True, not matching locally specified columns 'ODP_Date', 'Shift', 'source_connection'; setting the current primary key columns to 'ODP_Date', 'Shift', 'source_connection'. This warning may become an exception in a future release
[2025-09-03T18:03:08.913+0000] {logging_mixin.py:190} WARNING - /opt/airflow/dags/create_target_pg_hl_table.py:80 SAWarning: Table 'opd_date_oc' specifies columns 'id' as primary_key=True, not matching locally specified columns 'ODP_Date', 'OC_Description', 'source_connection'; setting the current primary key columns to 'ODP_Date', 'OC_Description', 'source_connection'. This warning may become an exception in a future release
[2025-09-03T18:03:08.915+0000] {logging_mixin.py:190} WARNING - /opt/airflow/dags/create_target_pg_hl_table.py:95 SAWarning: Table 'opd_date_employee' specifies columns 'id' as primary_key=True, not matching locally specified columns 'ODP_Date', 'ODP_EM_Key', 'source_connection'; setting the current primary key columns to 'ODP_Date', 'ODP_EM_Key', 'source_connection'. This warning may become an exception in a future release
[2025-09-03T18:03:08.918+0000] {processor.py:925} INFO - DAG(s) 'etl_ssg_hanger_lines' retrieved from /opt/airflow/dags/hanger_lane_updated_v2.py
[2025-09-03T18:03:08.936+0000] {logging_mixin.py:190} INFO - [2025-09-03T18:03:08.935+0000] {dag.py:3239} INFO - Sync 1 DAGs
[2025-09-03T18:03:08.967+0000] {logging_mixin.py:190} INFO - [2025-09-03T18:03:08.966+0000] {dag.py:4180} INFO - Setting next_dagrun for etl_ssg_hanger_lines to 2025-09-03 17:30:00+00:00, run_after=2025-09-03 18:00:00+00:00
[2025-09-03T18:03:08.986+0000] {processor.py:208} INFO - Processing /opt/airflow/dags/hanger_lane_updated_v2.py took 0.177 seconds
[2025-09-03T18:03:39.386+0000] {processor.py:186} INFO - Started process (PID=1809) to work on /opt/airflow/dags/hanger_lane_updated_v2.py
[2025-09-03T18:03:39.388+0000] {processor.py:914} INFO - Processing file /opt/airflow/dags/hanger_lane_updated_v2.py for tasks to queue
[2025-09-03T18:03:39.390+0000] {logging_mixin.py:190} INFO - [2025-09-03T18:03:39.389+0000] {dagbag.py:588} INFO - Filling up the DagBag from /opt/airflow/dags/hanger_lane_updated_v2.py
[2025-09-03T18:03:39.406+0000] {logging_mixin.py:190} INFO - Python path: ['/home/airflow/.local/bin', '/opt/airflow', '/opt/airflow/include', '/usr/local/lib/python312.zip', '/usr/local/lib/python3.12', '/usr/local/lib/python3.12/lib-dynload', '/home/airflow/.local/lib/python3.12/site-packages', '/opt/airflow/config', '/opt/airflow/plugins', '/opt/airflow/dags', '/opt/airflow/include/dags']
[2025-09-03T18:03:39.406+0000] {logging_mixin.py:190} INFO - DAGs path exists: False
[2025-09-03T18:03:39.407+0000] {logging_mixin.py:190} INFO - db_utils.py exists: False
[2025-09-03T18:03:39.460+0000] {logging_mixin.py:190} INFO - Successfully imported PySpark modules
[2025-09-03T18:03:39.461+0000] {logging_mixin.py:190} INFO - Successfully imported db_utils
[2025-09-03T18:03:39.462+0000] {logging_mixin.py:190} INFO - Successfully imported functions from hanger_line_transform.py
[2025-09-03T18:03:39.475+0000] {logging_mixin.py:190} WARNING - /opt/airflow/dags/create_target_pg_hl_table.py:65 SAWarning: Table 'opd_date_shift' specifies columns 'id' as primary_key=True, not matching locally specified columns 'ODP_Date', 'Shift', 'source_connection'; setting the current primary key columns to 'ODP_Date', 'Shift', 'source_connection'. This warning may become an exception in a future release
[2025-09-03T18:03:39.475+0000] {logging_mixin.py:190} WARNING - /opt/airflow/dags/create_target_pg_hl_table.py:80 SAWarning: Table 'opd_date_oc' specifies columns 'id' as primary_key=True, not matching locally specified columns 'ODP_Date', 'OC_Description', 'source_connection'; setting the current primary key columns to 'ODP_Date', 'OC_Description', 'source_connection'. This warning may become an exception in a future release
[2025-09-03T18:03:39.480+0000] {logging_mixin.py:190} WARNING - /opt/airflow/dags/create_target_pg_hl_table.py:95 SAWarning: Table 'opd_date_employee' specifies columns 'id' as primary_key=True, not matching locally specified columns 'ODP_Date', 'ODP_EM_Key', 'source_connection'; setting the current primary key columns to 'ODP_Date', 'ODP_EM_Key', 'source_connection'. This warning may become an exception in a future release
[2025-09-03T18:03:39.482+0000] {processor.py:925} INFO - DAG(s) 'etl_ssg_hanger_lines' retrieved from /opt/airflow/dags/hanger_lane_updated_v2.py
[2025-09-03T18:03:39.598+0000] {logging_mixin.py:190} INFO - [2025-09-03T18:03:39.597+0000] {dag.py:3239} INFO - Sync 1 DAGs
[2025-09-03T18:03:39.623+0000] {logging_mixin.py:190} INFO - [2025-09-03T18:03:39.623+0000] {dag.py:4180} INFO - Setting next_dagrun for etl_ssg_hanger_lines to 2025-09-03 17:30:00+00:00, run_after=2025-09-03 18:00:00+00:00
[2025-09-03T18:03:39.647+0000] {processor.py:208} INFO - Processing /opt/airflow/dags/hanger_lane_updated_v2.py took 0.269 seconds
