[2025-09-03T17:38:26.480+0000] {processor.py:186} INFO - Started process (PID=244) to work on /opt/airflow/dags/ssg_erp_op.py
[2025-09-03T17:38:26.482+0000] {processor.py:914} INFO - Processing file /opt/airflow/dags/ssg_erp_op.py for tasks to queue
[2025-09-03T17:38:26.485+0000] {logging_mixin.py:190} INFO - [2025-09-03T17:38:26.485+0000] {dagbag.py:588} INFO - Filling up the DagBag from /opt/airflow/dags/ssg_erp_op.py
[2025-09-03T17:38:26.524+0000] {processor.py:925} INFO - DAG(s) 'ssg_gl_op' retrieved from /opt/airflow/dags/ssg_erp_op.py
[2025-09-03T17:38:26.707+0000] {logging_mixin.py:190} INFO - [2025-09-03T17:38:26.706+0000] {override.py:1930} INFO - Created Permission View: can delete on DAG:ssg_gl_op
[2025-09-03T17:38:26.720+0000] {logging_mixin.py:190} INFO - [2025-09-03T17:38:26.720+0000] {override.py:1930} INFO - Created Permission View: can edit on DAG:ssg_gl_op
[2025-09-03T17:38:26.728+0000] {logging_mixin.py:190} INFO - [2025-09-03T17:38:26.728+0000] {override.py:1930} INFO - Created Permission View: can read on DAG:ssg_gl_op
[2025-09-03T17:38:26.736+0000] {logging_mixin.py:190} INFO - [2025-09-03T17:38:26.736+0000] {override.py:1930} INFO - Created Permission View: can delete on DAG Run:ssg_gl_op
[2025-09-03T17:38:26.746+0000] {logging_mixin.py:190} INFO - [2025-09-03T17:38:26.745+0000] {override.py:1930} INFO - Created Permission View: can create on DAG Run:ssg_gl_op
[2025-09-03T17:38:26.754+0000] {logging_mixin.py:190} INFO - [2025-09-03T17:38:26.754+0000] {override.py:1930} INFO - Created Permission View: menu access on DAG Run:ssg_gl_op
[2025-09-03T17:38:26.762+0000] {logging_mixin.py:190} INFO - [2025-09-03T17:38:26.762+0000] {override.py:1930} INFO - Created Permission View: can read on DAG Run:ssg_gl_op
[2025-09-03T17:38:26.762+0000] {logging_mixin.py:190} INFO - [2025-09-03T17:38:26.762+0000] {dag.py:3239} INFO - Sync 1 DAGs
[2025-09-03T17:38:26.777+0000] {logging_mixin.py:190} INFO - [2025-09-03T17:38:26.777+0000] {dag.py:3262} INFO - Creating ORM DAG for ssg_gl_op
[2025-09-03T17:38:26.791+0000] {logging_mixin.py:190} INFO - [2025-09-03T17:38:26.791+0000] {dag.py:4180} INFO - Setting next_dagrun for ssg_gl_op to 2025-08-31 19:00:00+00:00, run_after=2025-09-30 19:00:00+00:00
[2025-09-03T17:38:26.815+0000] {processor.py:208} INFO - Processing /opt/airflow/dags/ssg_erp_op.py took 0.341 seconds
[2025-09-03T17:38:57.182+0000] {processor.py:186} INFO - Started process (PID=345) to work on /opt/airflow/dags/ssg_erp_op.py
[2025-09-03T17:38:57.183+0000] {processor.py:914} INFO - Processing file /opt/airflow/dags/ssg_erp_op.py for tasks to queue
[2025-09-03T17:38:57.186+0000] {logging_mixin.py:190} INFO - [2025-09-03T17:38:57.185+0000] {dagbag.py:588} INFO - Filling up the DagBag from /opt/airflow/dags/ssg_erp_op.py
[2025-09-03T17:38:57.210+0000] {processor.py:925} INFO - DAG(s) 'ssg_gl_op' retrieved from /opt/airflow/dags/ssg_erp_op.py
[2025-09-03T17:38:57.239+0000] {logging_mixin.py:190} INFO - [2025-09-03T17:38:57.239+0000] {dag.py:3239} INFO - Sync 1 DAGs
[2025-09-03T17:38:57.274+0000] {logging_mixin.py:190} INFO - [2025-09-03T17:38:57.274+0000] {dag.py:4180} INFO - Setting next_dagrun for ssg_gl_op to 2025-08-31 19:00:00+00:00, run_after=2025-09-30 19:00:00+00:00
[2025-09-03T17:38:57.296+0000] {processor.py:208} INFO - Processing /opt/airflow/dags/ssg_erp_op.py took 0.121 seconds
[2025-09-03T17:39:28.341+0000] {processor.py:186} INFO - Started process (PID=458) to work on /opt/airflow/dags/ssg_erp_op.py
[2025-09-03T17:39:28.342+0000] {processor.py:914} INFO - Processing file /opt/airflow/dags/ssg_erp_op.py for tasks to queue
[2025-09-03T17:39:28.344+0000] {logging_mixin.py:190} INFO - [2025-09-03T17:39:28.344+0000] {dagbag.py:588} INFO - Filling up the DagBag from /opt/airflow/dags/ssg_erp_op.py
[2025-09-03T17:39:28.365+0000] {processor.py:925} INFO - DAG(s) 'ssg_gl_op' retrieved from /opt/airflow/dags/ssg_erp_op.py
[2025-09-03T17:39:28.391+0000] {logging_mixin.py:190} INFO - [2025-09-03T17:39:28.391+0000] {dag.py:3239} INFO - Sync 1 DAGs
[2025-09-03T17:39:28.411+0000] {logging_mixin.py:190} INFO - [2025-09-03T17:39:28.410+0000] {dag.py:4180} INFO - Setting next_dagrun for ssg_gl_op to 2025-08-31 19:00:00+00:00, run_after=2025-09-30 19:00:00+00:00
[2025-09-03T17:39:28.426+0000] {processor.py:208} INFO - Processing /opt/airflow/dags/ssg_erp_op.py took 0.092 seconds
[2025-09-03T17:39:59.377+0000] {processor.py:186} INFO - Started process (PID=565) to work on /opt/airflow/dags/ssg_erp_op.py
[2025-09-03T17:39:59.379+0000] {processor.py:914} INFO - Processing file /opt/airflow/dags/ssg_erp_op.py for tasks to queue
[2025-09-03T17:39:59.382+0000] {logging_mixin.py:190} INFO - [2025-09-03T17:39:59.381+0000] {dagbag.py:588} INFO - Filling up the DagBag from /opt/airflow/dags/ssg_erp_op.py
[2025-09-03T17:39:59.405+0000] {processor.py:925} INFO - DAG(s) 'ssg_gl_op' retrieved from /opt/airflow/dags/ssg_erp_op.py
[2025-09-03T17:39:59.437+0000] {logging_mixin.py:190} INFO - [2025-09-03T17:39:59.437+0000] {dag.py:3239} INFO - Sync 1 DAGs
[2025-09-03T17:39:59.467+0000] {logging_mixin.py:190} INFO - [2025-09-03T17:39:59.467+0000] {dag.py:4180} INFO - Setting next_dagrun for ssg_gl_op to 2025-08-31 19:00:00+00:00, run_after=2025-09-30 19:00:00+00:00
[2025-09-03T17:39:59.490+0000] {processor.py:208} INFO - Processing /opt/airflow/dags/ssg_erp_op.py took 0.120 seconds
[2025-09-03T17:40:30.641+0000] {processor.py:186} INFO - Started process (PID=671) to work on /opt/airflow/dags/ssg_erp_op.py
[2025-09-03T17:40:30.643+0000] {processor.py:914} INFO - Processing file /opt/airflow/dags/ssg_erp_op.py for tasks to queue
[2025-09-03T17:40:30.644+0000] {logging_mixin.py:190} INFO - [2025-09-03T17:40:30.644+0000] {dagbag.py:588} INFO - Filling up the DagBag from /opt/airflow/dags/ssg_erp_op.py
[2025-09-03T17:40:30.663+0000] {processor.py:925} INFO - DAG(s) 'ssg_gl_op' retrieved from /opt/airflow/dags/ssg_erp_op.py
[2025-09-03T17:40:30.690+0000] {logging_mixin.py:190} INFO - [2025-09-03T17:40:30.690+0000] {dag.py:3239} INFO - Sync 1 DAGs
[2025-09-03T17:40:30.715+0000] {logging_mixin.py:190} INFO - [2025-09-03T17:40:30.715+0000] {dag.py:4180} INFO - Setting next_dagrun for ssg_gl_op to 2025-08-31 19:00:00+00:00, run_after=2025-09-30 19:00:00+00:00
[2025-09-03T17:40:30.736+0000] {processor.py:208} INFO - Processing /opt/airflow/dags/ssg_erp_op.py took 0.102 seconds
[2025-09-03T17:41:01.795+0000] {processor.py:186} INFO - Started process (PID=778) to work on /opt/airflow/dags/ssg_erp_op.py
[2025-09-03T17:41:01.796+0000] {processor.py:914} INFO - Processing file /opt/airflow/dags/ssg_erp_op.py for tasks to queue
[2025-09-03T17:41:01.799+0000] {logging_mixin.py:190} INFO - [2025-09-03T17:41:01.798+0000] {dagbag.py:588} INFO - Filling up the DagBag from /opt/airflow/dags/ssg_erp_op.py
[2025-09-03T17:41:01.826+0000] {processor.py:925} INFO - DAG(s) 'ssg_gl_op' retrieved from /opt/airflow/dags/ssg_erp_op.py
[2025-09-03T17:41:01.855+0000] {logging_mixin.py:190} INFO - [2025-09-03T17:41:01.854+0000] {dag.py:3239} INFO - Sync 1 DAGs
[2025-09-03T17:41:02.004+0000] {logging_mixin.py:190} INFO - [2025-09-03T17:41:02.004+0000] {dag.py:4180} INFO - Setting next_dagrun for ssg_gl_op to 2025-08-31 19:00:00+00:00, run_after=2025-09-30 19:00:00+00:00
[2025-09-03T17:41:02.022+0000] {processor.py:208} INFO - Processing /opt/airflow/dags/ssg_erp_op.py took 0.234 seconds
[2025-09-03T17:41:32.214+0000] {processor.py:186} INFO - Started process (PID=889) to work on /opt/airflow/dags/ssg_erp_op.py
[2025-09-03T17:41:32.215+0000] {processor.py:914} INFO - Processing file /opt/airflow/dags/ssg_erp_op.py for tasks to queue
[2025-09-03T17:41:32.217+0000] {logging_mixin.py:190} INFO - [2025-09-03T17:41:32.217+0000] {dagbag.py:588} INFO - Filling up the DagBag from /opt/airflow/dags/ssg_erp_op.py
[2025-09-03T17:41:32.244+0000] {processor.py:925} INFO - DAG(s) 'ssg_gl_op' retrieved from /opt/airflow/dags/ssg_erp_op.py
[2025-09-03T17:41:32.271+0000] {logging_mixin.py:190} INFO - [2025-09-03T17:41:32.271+0000] {dag.py:3239} INFO - Sync 1 DAGs
[2025-09-03T17:41:32.302+0000] {logging_mixin.py:190} INFO - [2025-09-03T17:41:32.302+0000] {dag.py:4180} INFO - Setting next_dagrun for ssg_gl_op to 2025-08-31 19:00:00+00:00, run_after=2025-09-30 19:00:00+00:00
[2025-09-03T17:41:32.324+0000] {processor.py:208} INFO - Processing /opt/airflow/dags/ssg_erp_op.py took 0.114 seconds
[2025-09-03T17:42:02.960+0000] {processor.py:186} INFO - Started process (PID=991) to work on /opt/airflow/dags/ssg_erp_op.py
[2025-09-03T17:42:02.961+0000] {processor.py:914} INFO - Processing file /opt/airflow/dags/ssg_erp_op.py for tasks to queue
[2025-09-03T17:42:02.964+0000] {logging_mixin.py:190} INFO - [2025-09-03T17:42:02.963+0000] {dagbag.py:588} INFO - Filling up the DagBag from /opt/airflow/dags/ssg_erp_op.py
[2025-09-03T17:42:02.991+0000] {processor.py:925} INFO - DAG(s) 'ssg_gl_op' retrieved from /opt/airflow/dags/ssg_erp_op.py
[2025-09-03T17:42:03.015+0000] {logging_mixin.py:190} INFO - [2025-09-03T17:42:03.015+0000] {dag.py:3239} INFO - Sync 1 DAGs
[2025-09-03T17:42:03.046+0000] {logging_mixin.py:190} INFO - [2025-09-03T17:42:03.046+0000] {dag.py:4180} INFO - Setting next_dagrun for ssg_gl_op to 2025-08-31 19:00:00+00:00, run_after=2025-09-30 19:00:00+00:00
[2025-09-03T17:42:03.071+0000] {processor.py:208} INFO - Processing /opt/airflow/dags/ssg_erp_op.py took 0.119 seconds
[2025-09-03T17:42:33.592+0000] {processor.py:186} INFO - Started process (PID=1098) to work on /opt/airflow/dags/ssg_erp_op.py
[2025-09-03T17:42:33.593+0000] {processor.py:914} INFO - Processing file /opt/airflow/dags/ssg_erp_op.py for tasks to queue
[2025-09-03T17:42:33.596+0000] {logging_mixin.py:190} INFO - [2025-09-03T17:42:33.596+0000] {dagbag.py:588} INFO - Filling up the DagBag from /opt/airflow/dags/ssg_erp_op.py
[2025-09-03T17:42:33.617+0000] {processor.py:925} INFO - DAG(s) 'ssg_gl_op' retrieved from /opt/airflow/dags/ssg_erp_op.py
[2025-09-03T17:42:33.642+0000] {logging_mixin.py:190} INFO - [2025-09-03T17:42:33.641+0000] {dag.py:3239} INFO - Sync 1 DAGs
[2025-09-03T17:42:33.670+0000] {logging_mixin.py:190} INFO - [2025-09-03T17:42:33.670+0000] {dag.py:4180} INFO - Setting next_dagrun for ssg_gl_op to 2025-08-31 19:00:00+00:00, run_after=2025-09-30 19:00:00+00:00
[2025-09-03T17:42:33.705+0000] {processor.py:208} INFO - Processing /opt/airflow/dags/ssg_erp_op.py took 0.120 seconds
[2025-09-03T17:43:04.406+0000] {processor.py:186} INFO - Started process (PID=1205) to work on /opt/airflow/dags/ssg_erp_op.py
[2025-09-03T17:43:04.407+0000] {processor.py:914} INFO - Processing file /opt/airflow/dags/ssg_erp_op.py for tasks to queue
[2025-09-03T17:43:04.411+0000] {logging_mixin.py:190} INFO - [2025-09-03T17:43:04.410+0000] {dagbag.py:588} INFO - Filling up the DagBag from /opt/airflow/dags/ssg_erp_op.py
[2025-09-03T17:43:04.445+0000] {processor.py:925} INFO - DAG(s) 'ssg_gl_op' retrieved from /opt/airflow/dags/ssg_erp_op.py
[2025-09-03T17:43:04.479+0000] {logging_mixin.py:190} INFO - [2025-09-03T17:43:04.479+0000] {dag.py:3239} INFO - Sync 1 DAGs
[2025-09-03T17:43:04.515+0000] {logging_mixin.py:190} INFO - [2025-09-03T17:43:04.515+0000] {dag.py:4180} INFO - Setting next_dagrun for ssg_gl_op to 2025-08-31 19:00:00+00:00, run_after=2025-09-30 19:00:00+00:00
[2025-09-03T17:43:04.537+0000] {processor.py:208} INFO - Processing /opt/airflow/dags/ssg_erp_op.py took 0.136 seconds
[2025-09-03T17:43:35.293+0000] {processor.py:186} INFO - Started process (PID=1312) to work on /opt/airflow/dags/ssg_erp_op.py
[2025-09-03T17:43:35.294+0000] {processor.py:914} INFO - Processing file /opt/airflow/dags/ssg_erp_op.py for tasks to queue
[2025-09-03T17:43:35.297+0000] {logging_mixin.py:190} INFO - [2025-09-03T17:43:35.297+0000] {dagbag.py:588} INFO - Filling up the DagBag from /opt/airflow/dags/ssg_erp_op.py
[2025-09-03T17:43:35.323+0000] {processor.py:925} INFO - DAG(s) 'ssg_gl_op' retrieved from /opt/airflow/dags/ssg_erp_op.py
[2025-09-03T17:43:35.343+0000] {logging_mixin.py:190} INFO - [2025-09-03T17:43:35.343+0000] {dag.py:3239} INFO - Sync 1 DAGs
[2025-09-03T17:43:35.366+0000] {logging_mixin.py:190} INFO - [2025-09-03T17:43:35.365+0000] {dag.py:4180} INFO - Setting next_dagrun for ssg_gl_op to 2025-08-31 19:00:00+00:00, run_after=2025-09-30 19:00:00+00:00
[2025-09-03T17:43:35.387+0000] {processor.py:208} INFO - Processing /opt/airflow/dags/ssg_erp_op.py took 0.099 seconds
[2025-09-03T17:44:05.905+0000] {processor.py:186} INFO - Started process (PID=1419) to work on /opt/airflow/dags/ssg_erp_op.py
[2025-09-03T17:44:05.906+0000] {processor.py:914} INFO - Processing file /opt/airflow/dags/ssg_erp_op.py for tasks to queue
[2025-09-03T17:44:05.909+0000] {logging_mixin.py:190} INFO - [2025-09-03T17:44:05.909+0000] {dagbag.py:588} INFO - Filling up the DagBag from /opt/airflow/dags/ssg_erp_op.py
[2025-09-03T17:44:05.932+0000] {processor.py:925} INFO - DAG(s) 'ssg_gl_op' retrieved from /opt/airflow/dags/ssg_erp_op.py
[2025-09-03T17:44:05.955+0000] {logging_mixin.py:190} INFO - [2025-09-03T17:44:05.955+0000] {dag.py:3239} INFO - Sync 1 DAGs
[2025-09-03T17:44:05.982+0000] {logging_mixin.py:190} INFO - [2025-09-03T17:44:05.982+0000] {dag.py:4180} INFO - Setting next_dagrun for ssg_gl_op to 2025-08-31 19:00:00+00:00, run_after=2025-09-30 19:00:00+00:00
[2025-09-03T17:44:06.005+0000] {processor.py:208} INFO - Processing /opt/airflow/dags/ssg_erp_op.py took 0.107 seconds
[2025-09-03T17:44:36.576+0000] {processor.py:186} INFO - Started process (PID=1526) to work on /opt/airflow/dags/ssg_erp_op.py
[2025-09-03T17:44:36.578+0000] {processor.py:914} INFO - Processing file /opt/airflow/dags/ssg_erp_op.py for tasks to queue
[2025-09-03T17:44:36.582+0000] {logging_mixin.py:190} INFO - [2025-09-03T17:44:36.581+0000] {dagbag.py:588} INFO - Filling up the DagBag from /opt/airflow/dags/ssg_erp_op.py
[2025-09-03T17:44:36.613+0000] {processor.py:925} INFO - DAG(s) 'ssg_gl_op' retrieved from /opt/airflow/dags/ssg_erp_op.py
[2025-09-03T17:44:36.636+0000] {logging_mixin.py:190} INFO - [2025-09-03T17:44:36.636+0000] {dag.py:3239} INFO - Sync 1 DAGs
[2025-09-03T17:44:36.660+0000] {logging_mixin.py:190} INFO - [2025-09-03T17:44:36.660+0000] {dag.py:4180} INFO - Setting next_dagrun for ssg_gl_op to 2025-08-31 19:00:00+00:00, run_after=2025-09-30 19:00:00+00:00
[2025-09-03T17:44:36.683+0000] {processor.py:208} INFO - Processing /opt/airflow/dags/ssg_erp_op.py took 0.116 seconds
[2025-09-03T17:45:07.190+0000] {processor.py:186} INFO - Started process (PID=1633) to work on /opt/airflow/dags/ssg_erp_op.py
[2025-09-03T17:45:07.191+0000] {processor.py:914} INFO - Processing file /opt/airflow/dags/ssg_erp_op.py for tasks to queue
[2025-09-03T17:45:07.194+0000] {logging_mixin.py:190} INFO - [2025-09-03T17:45:07.194+0000] {dagbag.py:588} INFO - Filling up the DagBag from /opt/airflow/dags/ssg_erp_op.py
[2025-09-03T17:45:07.222+0000] {processor.py:925} INFO - DAG(s) 'ssg_gl_op' retrieved from /opt/airflow/dags/ssg_erp_op.py
[2025-09-03T17:45:07.245+0000] {logging_mixin.py:190} INFO - [2025-09-03T17:45:07.244+0000] {dag.py:3239} INFO - Sync 1 DAGs
[2025-09-03T17:45:07.275+0000] {logging_mixin.py:190} INFO - [2025-09-03T17:45:07.275+0000] {dag.py:4180} INFO - Setting next_dagrun for ssg_gl_op to 2025-08-31 19:00:00+00:00, run_after=2025-09-30 19:00:00+00:00
[2025-09-03T17:45:07.301+0000] {processor.py:208} INFO - Processing /opt/airflow/dags/ssg_erp_op.py took 0.117 seconds
[2025-09-03T17:45:37.784+0000] {processor.py:186} INFO - Started process (PID=1740) to work on /opt/airflow/dags/ssg_erp_op.py
[2025-09-03T17:45:37.785+0000] {processor.py:914} INFO - Processing file /opt/airflow/dags/ssg_erp_op.py for tasks to queue
[2025-09-03T17:45:37.788+0000] {logging_mixin.py:190} INFO - [2025-09-03T17:45:37.787+0000] {dagbag.py:588} INFO - Filling up the DagBag from /opt/airflow/dags/ssg_erp_op.py
[2025-09-03T17:45:37.814+0000] {processor.py:925} INFO - DAG(s) 'ssg_gl_op' retrieved from /opt/airflow/dags/ssg_erp_op.py
[2025-09-03T17:45:37.839+0000] {logging_mixin.py:190} INFO - [2025-09-03T17:45:37.839+0000] {dag.py:3239} INFO - Sync 1 DAGs
[2025-09-03T17:45:37.859+0000] {logging_mixin.py:190} INFO - [2025-09-03T17:45:37.859+0000] {dag.py:4180} INFO - Setting next_dagrun for ssg_gl_op to 2025-08-31 19:00:00+00:00, run_after=2025-09-30 19:00:00+00:00
[2025-09-03T17:45:37.881+0000] {processor.py:208} INFO - Processing /opt/airflow/dags/ssg_erp_op.py took 0.102 seconds
[2025-09-03T17:46:08.464+0000] {processor.py:186} INFO - Started process (PID=1847) to work on /opt/airflow/dags/ssg_erp_op.py
[2025-09-03T17:46:08.465+0000] {processor.py:914} INFO - Processing file /opt/airflow/dags/ssg_erp_op.py for tasks to queue
[2025-09-03T17:46:08.468+0000] {logging_mixin.py:190} INFO - [2025-09-03T17:46:08.468+0000] {dagbag.py:588} INFO - Filling up the DagBag from /opt/airflow/dags/ssg_erp_op.py
[2025-09-03T17:46:08.488+0000] {processor.py:925} INFO - DAG(s) 'ssg_gl_op' retrieved from /opt/airflow/dags/ssg_erp_op.py
[2025-09-03T17:46:08.512+0000] {logging_mixin.py:190} INFO - [2025-09-03T17:46:08.512+0000] {dag.py:3239} INFO - Sync 1 DAGs
[2025-09-03T17:46:08.537+0000] {logging_mixin.py:190} INFO - [2025-09-03T17:46:08.537+0000] {dag.py:4180} INFO - Setting next_dagrun for ssg_gl_op to 2025-08-31 19:00:00+00:00, run_after=2025-09-30 19:00:00+00:00
[2025-09-03T17:46:08.558+0000] {processor.py:208} INFO - Processing /opt/airflow/dags/ssg_erp_op.py took 0.101 seconds
[2025-09-03T17:46:39.114+0000] {processor.py:186} INFO - Started process (PID=1954) to work on /opt/airflow/dags/ssg_erp_op.py
[2025-09-03T17:46:39.115+0000] {processor.py:914} INFO - Processing file /opt/airflow/dags/ssg_erp_op.py for tasks to queue
[2025-09-03T17:46:39.117+0000] {logging_mixin.py:190} INFO - [2025-09-03T17:46:39.117+0000] {dagbag.py:588} INFO - Filling up the DagBag from /opt/airflow/dags/ssg_erp_op.py
[2025-09-03T17:46:39.139+0000] {processor.py:925} INFO - DAG(s) 'ssg_gl_op' retrieved from /opt/airflow/dags/ssg_erp_op.py
[2025-09-03T17:46:39.163+0000] {logging_mixin.py:190} INFO - [2025-09-03T17:46:39.163+0000] {dag.py:3239} INFO - Sync 1 DAGs
[2025-09-03T17:46:39.197+0000] {logging_mixin.py:190} INFO - [2025-09-03T17:46:39.197+0000] {dag.py:4180} INFO - Setting next_dagrun for ssg_gl_op to 2025-08-31 19:00:00+00:00, run_after=2025-09-30 19:00:00+00:00
[2025-09-03T17:46:39.218+0000] {processor.py:208} INFO - Processing /opt/airflow/dags/ssg_erp_op.py took 0.109 seconds
[2025-09-03T17:47:09.791+0000] {processor.py:186} INFO - Started process (PID=2061) to work on /opt/airflow/dags/ssg_erp_op.py
[2025-09-03T17:47:09.792+0000] {processor.py:914} INFO - Processing file /opt/airflow/dags/ssg_erp_op.py for tasks to queue
[2025-09-03T17:47:09.794+0000] {logging_mixin.py:190} INFO - [2025-09-03T17:47:09.794+0000] {dagbag.py:588} INFO - Filling up the DagBag from /opt/airflow/dags/ssg_erp_op.py
[2025-09-03T17:47:09.816+0000] {processor.py:925} INFO - DAG(s) 'ssg_gl_op' retrieved from /opt/airflow/dags/ssg_erp_op.py
[2025-09-03T17:47:09.842+0000] {logging_mixin.py:190} INFO - [2025-09-03T17:47:09.841+0000] {dag.py:3239} INFO - Sync 1 DAGs
[2025-09-03T17:47:09.874+0000] {logging_mixin.py:190} INFO - [2025-09-03T17:47:09.873+0000] {dag.py:4180} INFO - Setting next_dagrun for ssg_gl_op to 2025-08-31 19:00:00+00:00, run_after=2025-09-30 19:00:00+00:00
[2025-09-03T17:47:09.902+0000] {processor.py:208} INFO - Processing /opt/airflow/dags/ssg_erp_op.py took 0.116 seconds
[2025-09-03T17:47:40.528+0000] {processor.py:186} INFO - Started process (PID=2168) to work on /opt/airflow/dags/ssg_erp_op.py
[2025-09-03T17:47:40.529+0000] {processor.py:914} INFO - Processing file /opt/airflow/dags/ssg_erp_op.py for tasks to queue
[2025-09-03T17:47:40.533+0000] {logging_mixin.py:190} INFO - [2025-09-03T17:47:40.532+0000] {dagbag.py:588} INFO - Filling up the DagBag from /opt/airflow/dags/ssg_erp_op.py
[2025-09-03T17:47:40.558+0000] {processor.py:925} INFO - DAG(s) 'ssg_gl_op' retrieved from /opt/airflow/dags/ssg_erp_op.py
[2025-09-03T17:47:40.591+0000] {logging_mixin.py:190} INFO - [2025-09-03T17:47:40.591+0000] {dag.py:3239} INFO - Sync 1 DAGs
[2025-09-03T17:47:40.621+0000] {logging_mixin.py:190} INFO - [2025-09-03T17:47:40.620+0000] {dag.py:4180} INFO - Setting next_dagrun for ssg_gl_op to 2025-08-31 19:00:00+00:00, run_after=2025-09-30 19:00:00+00:00
[2025-09-03T17:47:40.641+0000] {processor.py:208} INFO - Processing /opt/airflow/dags/ssg_erp_op.py took 0.118 seconds
[2025-09-03T17:48:11.341+0000] {processor.py:186} INFO - Started process (PID=2275) to work on /opt/airflow/dags/ssg_erp_op.py
[2025-09-03T17:48:11.342+0000] {processor.py:914} INFO - Processing file /opt/airflow/dags/ssg_erp_op.py for tasks to queue
[2025-09-03T17:48:11.344+0000] {logging_mixin.py:190} INFO - [2025-09-03T17:48:11.344+0000] {dagbag.py:588} INFO - Filling up the DagBag from /opt/airflow/dags/ssg_erp_op.py
[2025-09-03T17:48:11.369+0000] {processor.py:925} INFO - DAG(s) 'ssg_gl_op' retrieved from /opt/airflow/dags/ssg_erp_op.py
[2025-09-03T17:48:11.397+0000] {logging_mixin.py:190} INFO - [2025-09-03T17:48:11.396+0000] {dag.py:3239} INFO - Sync 1 DAGs
[2025-09-03T17:48:11.422+0000] {logging_mixin.py:190} INFO - [2025-09-03T17:48:11.422+0000] {dag.py:4180} INFO - Setting next_dagrun for ssg_gl_op to 2025-08-31 19:00:00+00:00, run_after=2025-09-30 19:00:00+00:00
[2025-09-03T17:48:11.441+0000] {processor.py:208} INFO - Processing /opt/airflow/dags/ssg_erp_op.py took 0.104 seconds
[2025-09-03T17:48:42.209+0000] {processor.py:186} INFO - Started process (PID=2381) to work on /opt/airflow/dags/ssg_erp_op.py
[2025-09-03T17:48:42.211+0000] {processor.py:914} INFO - Processing file /opt/airflow/dags/ssg_erp_op.py for tasks to queue
[2025-09-03T17:48:42.216+0000] {logging_mixin.py:190} INFO - [2025-09-03T17:48:42.215+0000] {dagbag.py:588} INFO - Filling up the DagBag from /opt/airflow/dags/ssg_erp_op.py
[2025-09-03T17:48:42.286+0000] {processor.py:925} INFO - DAG(s) 'ssg_gl_op' retrieved from /opt/airflow/dags/ssg_erp_op.py
[2025-09-03T17:48:42.354+0000] {logging_mixin.py:190} INFO - [2025-09-03T17:48:42.353+0000] {dag.py:3239} INFO - Sync 1 DAGs
[2025-09-03T17:48:42.396+0000] {logging_mixin.py:190} INFO - [2025-09-03T17:48:42.396+0000] {dag.py:4180} INFO - Setting next_dagrun for ssg_gl_op to 2025-08-31 19:00:00+00:00, run_after=2025-09-30 19:00:00+00:00
[2025-09-03T17:48:42.427+0000] {processor.py:208} INFO - Processing /opt/airflow/dags/ssg_erp_op.py took 0.227 seconds
[2025-09-03T17:49:13.283+0000] {processor.py:186} INFO - Started process (PID=2488) to work on /opt/airflow/dags/ssg_erp_op.py
[2025-09-03T17:49:13.283+0000] {processor.py:914} INFO - Processing file /opt/airflow/dags/ssg_erp_op.py for tasks to queue
[2025-09-03T17:49:13.285+0000] {logging_mixin.py:190} INFO - [2025-09-03T17:49:13.285+0000] {dagbag.py:588} INFO - Filling up the DagBag from /opt/airflow/dags/ssg_erp_op.py
[2025-09-03T17:49:13.307+0000] {processor.py:925} INFO - DAG(s) 'ssg_gl_op' retrieved from /opt/airflow/dags/ssg_erp_op.py
[2025-09-03T17:49:13.331+0000] {logging_mixin.py:190} INFO - [2025-09-03T17:49:13.331+0000] {dag.py:3239} INFO - Sync 1 DAGs
[2025-09-03T17:49:13.362+0000] {logging_mixin.py:190} INFO - [2025-09-03T17:49:13.362+0000] {dag.py:4180} INFO - Setting next_dagrun for ssg_gl_op to 2025-08-31 19:00:00+00:00, run_after=2025-09-30 19:00:00+00:00
[2025-09-03T17:49:13.386+0000] {processor.py:208} INFO - Processing /opt/airflow/dags/ssg_erp_op.py took 0.109 seconds
[2025-09-03T17:49:43.990+0000] {processor.py:186} INFO - Started process (PID=2595) to work on /opt/airflow/dags/ssg_erp_op.py
[2025-09-03T17:49:43.992+0000] {processor.py:914} INFO - Processing file /opt/airflow/dags/ssg_erp_op.py for tasks to queue
[2025-09-03T17:49:43.995+0000] {logging_mixin.py:190} INFO - [2025-09-03T17:49:43.995+0000] {dagbag.py:588} INFO - Filling up the DagBag from /opt/airflow/dags/ssg_erp_op.py
[2025-09-03T17:49:44.023+0000] {processor.py:925} INFO - DAG(s) 'ssg_gl_op' retrieved from /opt/airflow/dags/ssg_erp_op.py
[2025-09-03T17:49:44.051+0000] {logging_mixin.py:190} INFO - [2025-09-03T17:49:44.051+0000] {dag.py:3239} INFO - Sync 1 DAGs
[2025-09-03T17:49:44.073+0000] {logging_mixin.py:190} INFO - [2025-09-03T17:49:44.073+0000] {dag.py:4180} INFO - Setting next_dagrun for ssg_gl_op to 2025-08-31 19:00:00+00:00, run_after=2025-09-30 19:00:00+00:00
[2025-09-03T17:49:44.095+0000] {processor.py:208} INFO - Processing /opt/airflow/dags/ssg_erp_op.py took 0.113 seconds
[2025-09-03T17:50:14.901+0000] {processor.py:186} INFO - Started process (PID=2702) to work on /opt/airflow/dags/ssg_erp_op.py
[2025-09-03T17:50:14.902+0000] {processor.py:914} INFO - Processing file /opt/airflow/dags/ssg_erp_op.py for tasks to queue
[2025-09-03T17:50:14.906+0000] {logging_mixin.py:190} INFO - [2025-09-03T17:50:14.905+0000] {dagbag.py:588} INFO - Filling up the DagBag from /opt/airflow/dags/ssg_erp_op.py
[2025-09-03T17:50:14.941+0000] {processor.py:925} INFO - DAG(s) 'ssg_gl_op' retrieved from /opt/airflow/dags/ssg_erp_op.py
[2025-09-03T17:50:14.970+0000] {logging_mixin.py:190} INFO - [2025-09-03T17:50:14.970+0000] {dag.py:3239} INFO - Sync 1 DAGs
[2025-09-03T17:50:14.995+0000] {logging_mixin.py:190} INFO - [2025-09-03T17:50:14.994+0000] {dag.py:4180} INFO - Setting next_dagrun for ssg_gl_op to 2025-08-31 19:00:00+00:00, run_after=2025-09-30 19:00:00+00:00
[2025-09-03T17:50:15.015+0000] {processor.py:208} INFO - Processing /opt/airflow/dags/ssg_erp_op.py took 0.122 seconds
[2025-09-03T17:50:45.699+0000] {processor.py:186} INFO - Started process (PID=2809) to work on /opt/airflow/dags/ssg_erp_op.py
[2025-09-03T17:50:45.700+0000] {processor.py:914} INFO - Processing file /opt/airflow/dags/ssg_erp_op.py for tasks to queue
[2025-09-03T17:50:45.704+0000] {logging_mixin.py:190} INFO - [2025-09-03T17:50:45.703+0000] {dagbag.py:588} INFO - Filling up the DagBag from /opt/airflow/dags/ssg_erp_op.py
[2025-09-03T17:50:45.727+0000] {processor.py:925} INFO - DAG(s) 'ssg_gl_op' retrieved from /opt/airflow/dags/ssg_erp_op.py
[2025-09-03T17:50:45.757+0000] {logging_mixin.py:190} INFO - [2025-09-03T17:50:45.757+0000] {dag.py:3239} INFO - Sync 1 DAGs
[2025-09-03T17:50:45.780+0000] {logging_mixin.py:190} INFO - [2025-09-03T17:50:45.780+0000] {dag.py:4180} INFO - Setting next_dagrun for ssg_gl_op to 2025-08-31 19:00:00+00:00, run_after=2025-09-30 19:00:00+00:00
[2025-09-03T17:50:45.798+0000] {processor.py:208} INFO - Processing /opt/airflow/dags/ssg_erp_op.py took 0.104 seconds
[2025-09-03T17:51:16.650+0000] {processor.py:186} INFO - Started process (PID=2916) to work on /opt/airflow/dags/ssg_erp_op.py
[2025-09-03T17:51:16.651+0000] {processor.py:914} INFO - Processing file /opt/airflow/dags/ssg_erp_op.py for tasks to queue
[2025-09-03T17:51:16.654+0000] {logging_mixin.py:190} INFO - [2025-09-03T17:51:16.654+0000] {dagbag.py:588} INFO - Filling up the DagBag from /opt/airflow/dags/ssg_erp_op.py
[2025-09-03T17:51:16.680+0000] {processor.py:925} INFO - DAG(s) 'ssg_gl_op' retrieved from /opt/airflow/dags/ssg_erp_op.py
[2025-09-03T17:51:16.706+0000] {logging_mixin.py:190} INFO - [2025-09-03T17:51:16.706+0000] {dag.py:3239} INFO - Sync 1 DAGs
[2025-09-03T17:51:16.732+0000] {logging_mixin.py:190} INFO - [2025-09-03T17:51:16.732+0000] {dag.py:4180} INFO - Setting next_dagrun for ssg_gl_op to 2025-08-31 19:00:00+00:00, run_after=2025-09-30 19:00:00+00:00
[2025-09-03T17:51:16.751+0000] {processor.py:208} INFO - Processing /opt/airflow/dags/ssg_erp_op.py took 0.106 seconds
[2025-09-03T17:51:47.596+0000] {processor.py:186} INFO - Started process (PID=3023) to work on /opt/airflow/dags/ssg_erp_op.py
[2025-09-03T17:51:47.597+0000] {processor.py:914} INFO - Processing file /opt/airflow/dags/ssg_erp_op.py for tasks to queue
[2025-09-03T17:51:47.600+0000] {logging_mixin.py:190} INFO - [2025-09-03T17:51:47.600+0000] {dagbag.py:588} INFO - Filling up the DagBag from /opt/airflow/dags/ssg_erp_op.py
[2025-09-03T17:51:47.633+0000] {processor.py:925} INFO - DAG(s) 'ssg_gl_op' retrieved from /opt/airflow/dags/ssg_erp_op.py
[2025-09-03T17:51:47.667+0000] {logging_mixin.py:190} INFO - [2025-09-03T17:51:47.666+0000] {dag.py:3239} INFO - Sync 1 DAGs
[2025-09-03T17:51:47.704+0000] {logging_mixin.py:190} INFO - [2025-09-03T17:51:47.703+0000] {dag.py:4180} INFO - Setting next_dagrun for ssg_gl_op to 2025-08-31 19:00:00+00:00, run_after=2025-09-30 19:00:00+00:00
[2025-09-03T17:51:47.730+0000] {processor.py:208} INFO - Processing /opt/airflow/dags/ssg_erp_op.py took 0.140 seconds
[2025-09-03T17:52:18.674+0000] {processor.py:186} INFO - Started process (PID=3129) to work on /opt/airflow/dags/ssg_erp_op.py
[2025-09-03T17:52:18.675+0000] {processor.py:914} INFO - Processing file /opt/airflow/dags/ssg_erp_op.py for tasks to queue
[2025-09-03T17:52:18.679+0000] {logging_mixin.py:190} INFO - [2025-09-03T17:52:18.678+0000] {dagbag.py:588} INFO - Filling up the DagBag from /opt/airflow/dags/ssg_erp_op.py
[2025-09-03T17:52:18.706+0000] {processor.py:925} INFO - DAG(s) 'ssg_gl_op' retrieved from /opt/airflow/dags/ssg_erp_op.py
[2025-09-03T17:52:18.739+0000] {logging_mixin.py:190} INFO - [2025-09-03T17:52:18.738+0000] {dag.py:3239} INFO - Sync 1 DAGs
[2025-09-03T17:52:18.772+0000] {logging_mixin.py:190} INFO - [2025-09-03T17:52:18.772+0000] {dag.py:4180} INFO - Setting next_dagrun for ssg_gl_op to 2025-08-31 19:00:00+00:00, run_after=2025-09-30 19:00:00+00:00
[2025-09-03T17:52:18.797+0000] {processor.py:208} INFO - Processing /opt/airflow/dags/ssg_erp_op.py took 0.132 seconds
[2025-09-03T17:52:49.701+0000] {processor.py:186} INFO - Started process (PID=3236) to work on /opt/airflow/dags/ssg_erp_op.py
[2025-09-03T17:52:49.703+0000] {processor.py:914} INFO - Processing file /opt/airflow/dags/ssg_erp_op.py for tasks to queue
[2025-09-03T17:52:49.705+0000] {logging_mixin.py:190} INFO - [2025-09-03T17:52:49.705+0000] {dagbag.py:588} INFO - Filling up the DagBag from /opt/airflow/dags/ssg_erp_op.py
[2025-09-03T17:52:49.730+0000] {processor.py:925} INFO - DAG(s) 'ssg_gl_op' retrieved from /opt/airflow/dags/ssg_erp_op.py
[2025-09-03T17:52:49.755+0000] {logging_mixin.py:190} INFO - [2025-09-03T17:52:49.755+0000] {dag.py:3239} INFO - Sync 1 DAGs
[2025-09-03T17:52:49.780+0000] {logging_mixin.py:190} INFO - [2025-09-03T17:52:49.780+0000] {dag.py:4180} INFO - Setting next_dagrun for ssg_gl_op to 2025-08-31 19:00:00+00:00, run_after=2025-09-30 19:00:00+00:00
[2025-09-03T17:52:49.798+0000] {processor.py:208} INFO - Processing /opt/airflow/dags/ssg_erp_op.py took 0.105 seconds
[2025-09-03T17:53:20.794+0000] {processor.py:186} INFO - Started process (PID=3343) to work on /opt/airflow/dags/ssg_erp_op.py
[2025-09-03T17:53:20.795+0000] {processor.py:914} INFO - Processing file /opt/airflow/dags/ssg_erp_op.py for tasks to queue
[2025-09-03T17:53:20.798+0000] {logging_mixin.py:190} INFO - [2025-09-03T17:53:20.798+0000] {dagbag.py:588} INFO - Filling up the DagBag from /opt/airflow/dags/ssg_erp_op.py
[2025-09-03T17:53:20.823+0000] {processor.py:925} INFO - DAG(s) 'ssg_gl_op' retrieved from /opt/airflow/dags/ssg_erp_op.py
[2025-09-03T17:53:20.855+0000] {logging_mixin.py:190} INFO - [2025-09-03T17:53:20.855+0000] {dag.py:3239} INFO - Sync 1 DAGs
[2025-09-03T17:53:20.886+0000] {logging_mixin.py:190} INFO - [2025-09-03T17:53:20.886+0000] {dag.py:4180} INFO - Setting next_dagrun for ssg_gl_op to 2025-08-31 19:00:00+00:00, run_after=2025-09-30 19:00:00+00:00
[2025-09-03T17:53:20.915+0000] {processor.py:208} INFO - Processing /opt/airflow/dags/ssg_erp_op.py took 0.129 seconds
[2025-09-03T17:53:51.917+0000] {processor.py:186} INFO - Started process (PID=3450) to work on /opt/airflow/dags/ssg_erp_op.py
[2025-09-03T17:53:51.918+0000] {processor.py:914} INFO - Processing file /opt/airflow/dags/ssg_erp_op.py for tasks to queue
[2025-09-03T17:53:51.922+0000] {logging_mixin.py:190} INFO - [2025-09-03T17:53:51.921+0000] {dagbag.py:588} INFO - Filling up the DagBag from /opt/airflow/dags/ssg_erp_op.py
[2025-09-03T17:53:51.946+0000] {processor.py:925} INFO - DAG(s) 'ssg_gl_op' retrieved from /opt/airflow/dags/ssg_erp_op.py
[2025-09-03T17:53:51.972+0000] {logging_mixin.py:190} INFO - [2025-09-03T17:53:51.972+0000] {dag.py:3239} INFO - Sync 1 DAGs
[2025-09-03T17:53:51.997+0000] {logging_mixin.py:190} INFO - [2025-09-03T17:53:51.996+0000] {dag.py:4180} INFO - Setting next_dagrun for ssg_gl_op to 2025-08-31 19:00:00+00:00, run_after=2025-09-30 19:00:00+00:00
[2025-09-03T17:53:52.016+0000] {processor.py:208} INFO - Processing /opt/airflow/dags/ssg_erp_op.py took 0.106 seconds
[2025-09-03T17:54:22.045+0000] {processor.py:186} INFO - Started process (PID=3551) to work on /opt/airflow/dags/ssg_erp_op.py
[2025-09-03T17:54:22.046+0000] {processor.py:914} INFO - Processing file /opt/airflow/dags/ssg_erp_op.py for tasks to queue
[2025-09-03T17:54:22.048+0000] {logging_mixin.py:190} INFO - [2025-09-03T17:54:22.048+0000] {dagbag.py:588} INFO - Filling up the DagBag from /opt/airflow/dags/ssg_erp_op.py
[2025-09-03T17:54:22.082+0000] {processor.py:925} INFO - DAG(s) 'ssg_gl_op' retrieved from /opt/airflow/dags/ssg_erp_op.py
[2025-09-03T17:54:22.109+0000] {logging_mixin.py:190} INFO - [2025-09-03T17:54:22.109+0000] {dag.py:3239} INFO - Sync 1 DAGs
[2025-09-03T17:54:22.135+0000] {logging_mixin.py:190} INFO - [2025-09-03T17:54:22.135+0000] {dag.py:4180} INFO - Setting next_dagrun for ssg_gl_op to 2025-08-31 19:00:00+00:00, run_after=2025-09-30 19:00:00+00:00
[2025-09-03T17:54:22.159+0000] {processor.py:208} INFO - Processing /opt/airflow/dags/ssg_erp_op.py took 0.118 seconds
[2025-09-03T17:55:57.089+0000] {processor.py:186} INFO - Started process (PID=244) to work on /opt/airflow/dags/ssg_erp_op.py
[2025-09-03T17:55:57.091+0000] {processor.py:914} INFO - Processing file /opt/airflow/dags/ssg_erp_op.py for tasks to queue
[2025-09-03T17:55:57.095+0000] {logging_mixin.py:190} INFO - [2025-09-03T17:55:57.094+0000] {dagbag.py:588} INFO - Filling up the DagBag from /opt/airflow/dags/ssg_erp_op.py
[2025-09-03T17:55:57.120+0000] {processor.py:925} INFO - DAG(s) 'ssg_gl_op' retrieved from /opt/airflow/dags/ssg_erp_op.py
[2025-09-03T17:55:57.153+0000] {logging_mixin.py:190} INFO - [2025-09-03T17:55:57.152+0000] {dag.py:3239} INFO - Sync 1 DAGs
[2025-09-03T17:55:57.186+0000] {logging_mixin.py:190} INFO - [2025-09-03T17:55:57.186+0000] {dag.py:4180} INFO - Setting next_dagrun for ssg_gl_op to 2025-08-31 19:00:00+00:00, run_after=2025-09-30 19:00:00+00:00
[2025-09-03T17:55:57.209+0000] {processor.py:208} INFO - Processing /opt/airflow/dags/ssg_erp_op.py took 0.129 seconds
[2025-09-03T17:56:27.267+0000] {processor.py:186} INFO - Started process (PID=346) to work on /opt/airflow/dags/ssg_erp_op.py
[2025-09-03T17:56:27.269+0000] {processor.py:914} INFO - Processing file /opt/airflow/dags/ssg_erp_op.py for tasks to queue
[2025-09-03T17:56:27.272+0000] {logging_mixin.py:190} INFO - [2025-09-03T17:56:27.271+0000] {dagbag.py:588} INFO - Filling up the DagBag from /opt/airflow/dags/ssg_erp_op.py
[2025-09-03T17:56:27.310+0000] {processor.py:925} INFO - DAG(s) 'ssg_gl_op' retrieved from /opt/airflow/dags/ssg_erp_op.py
[2025-09-03T17:56:27.342+0000] {logging_mixin.py:190} INFO - [2025-09-03T17:56:27.341+0000] {dag.py:3239} INFO - Sync 1 DAGs
[2025-09-03T17:56:27.370+0000] {logging_mixin.py:190} INFO - [2025-09-03T17:56:27.370+0000] {dag.py:4180} INFO - Setting next_dagrun for ssg_gl_op to 2025-08-31 19:00:00+00:00, run_after=2025-09-30 19:00:00+00:00
[2025-09-03T17:56:27.398+0000] {processor.py:208} INFO - Processing /opt/airflow/dags/ssg_erp_op.py took 0.139 seconds
[2025-09-03T17:56:57.667+0000] {processor.py:186} INFO - Started process (PID=453) to work on /opt/airflow/dags/ssg_erp_op.py
[2025-09-03T17:56:57.669+0000] {processor.py:914} INFO - Processing file /opt/airflow/dags/ssg_erp_op.py for tasks to queue
[2025-09-03T17:56:57.671+0000] {logging_mixin.py:190} INFO - [2025-09-03T17:56:57.671+0000] {dagbag.py:588} INFO - Filling up the DagBag from /opt/airflow/dags/ssg_erp_op.py
[2025-09-03T17:56:57.693+0000] {processor.py:925} INFO - DAG(s) 'ssg_gl_op' retrieved from /opt/airflow/dags/ssg_erp_op.py
[2025-09-03T17:56:57.726+0000] {logging_mixin.py:190} INFO - [2025-09-03T17:56:57.725+0000] {dag.py:3239} INFO - Sync 1 DAGs
[2025-09-03T17:56:57.752+0000] {logging_mixin.py:190} INFO - [2025-09-03T17:56:57.751+0000] {dag.py:4180} INFO - Setting next_dagrun for ssg_gl_op to 2025-08-31 19:00:00+00:00, run_after=2025-09-30 19:00:00+00:00
[2025-09-03T17:56:57.769+0000] {processor.py:208} INFO - Processing /opt/airflow/dags/ssg_erp_op.py took 0.109 seconds
[2025-09-03T17:57:28.815+0000] {processor.py:186} INFO - Started process (PID=562) to work on /opt/airflow/dags/ssg_erp_op.py
[2025-09-03T17:57:28.816+0000] {processor.py:914} INFO - Processing file /opt/airflow/dags/ssg_erp_op.py for tasks to queue
[2025-09-03T17:57:28.819+0000] {logging_mixin.py:190} INFO - [2025-09-03T17:57:28.819+0000] {dagbag.py:588} INFO - Filling up the DagBag from /opt/airflow/dags/ssg_erp_op.py
[2025-09-03T17:57:28.840+0000] {processor.py:925} INFO - DAG(s) 'ssg_gl_op' retrieved from /opt/airflow/dags/ssg_erp_op.py
[2025-09-03T17:57:28.864+0000] {logging_mixin.py:190} INFO - [2025-09-03T17:57:28.863+0000] {dag.py:3239} INFO - Sync 1 DAGs
[2025-09-03T17:57:28.883+0000] {logging_mixin.py:190} INFO - [2025-09-03T17:57:28.883+0000] {dag.py:4180} INFO - Setting next_dagrun for ssg_gl_op to 2025-08-31 19:00:00+00:00, run_after=2025-09-30 19:00:00+00:00
[2025-09-03T17:57:28.900+0000] {processor.py:208} INFO - Processing /opt/airflow/dags/ssg_erp_op.py took 0.091 seconds
[2025-09-03T17:57:59.987+0000] {processor.py:186} INFO - Started process (PID=667) to work on /opt/airflow/dags/ssg_erp_op.py
[2025-09-03T17:57:59.988+0000] {processor.py:914} INFO - Processing file /opt/airflow/dags/ssg_erp_op.py for tasks to queue
[2025-09-03T17:57:59.991+0000] {logging_mixin.py:190} INFO - [2025-09-03T17:57:59.990+0000] {dagbag.py:588} INFO - Filling up the DagBag from /opt/airflow/dags/ssg_erp_op.py
[2025-09-03T17:58:00.014+0000] {processor.py:925} INFO - DAG(s) 'ssg_gl_op' retrieved from /opt/airflow/dags/ssg_erp_op.py
[2025-09-03T17:58:00.051+0000] {logging_mixin.py:190} INFO - [2025-09-03T17:58:00.051+0000] {dag.py:3239} INFO - Sync 1 DAGs
[2025-09-03T17:58:00.084+0000] {logging_mixin.py:190} INFO - [2025-09-03T17:58:00.084+0000] {dag.py:4180} INFO - Setting next_dagrun for ssg_gl_op to 2025-08-31 19:00:00+00:00, run_after=2025-09-30 19:00:00+00:00
[2025-09-03T17:58:00.109+0000] {processor.py:208} INFO - Processing /opt/airflow/dags/ssg_erp_op.py took 0.126 seconds
[2025-09-03T17:58:31.275+0000] {processor.py:186} INFO - Started process (PID=774) to work on /opt/airflow/dags/ssg_erp_op.py
[2025-09-03T17:58:31.276+0000] {processor.py:914} INFO - Processing file /opt/airflow/dags/ssg_erp_op.py for tasks to queue
[2025-09-03T17:58:31.278+0000] {logging_mixin.py:190} INFO - [2025-09-03T17:58:31.278+0000] {dagbag.py:588} INFO - Filling up the DagBag from /opt/airflow/dags/ssg_erp_op.py
[2025-09-03T17:58:31.298+0000] {processor.py:925} INFO - DAG(s) 'ssg_gl_op' retrieved from /opt/airflow/dags/ssg_erp_op.py
[2025-09-03T17:58:31.334+0000] {logging_mixin.py:190} INFO - [2025-09-03T17:58:31.333+0000] {dag.py:3239} INFO - Sync 1 DAGs
[2025-09-03T17:58:31.490+0000] {logging_mixin.py:190} INFO - [2025-09-03T17:58:31.490+0000] {dag.py:4180} INFO - Setting next_dagrun for ssg_gl_op to 2025-08-31 19:00:00+00:00, run_after=2025-09-30 19:00:00+00:00
[2025-09-03T17:58:31.511+0000] {processor.py:208} INFO - Processing /opt/airflow/dags/ssg_erp_op.py took 0.242 seconds
[2025-09-03T17:59:02.754+0000] {processor.py:186} INFO - Started process (PID=887) to work on /opt/airflow/dags/ssg_erp_op.py
[2025-09-03T17:59:02.755+0000] {processor.py:914} INFO - Processing file /opt/airflow/dags/ssg_erp_op.py for tasks to queue
[2025-09-03T17:59:02.758+0000] {logging_mixin.py:190} INFO - [2025-09-03T17:59:02.758+0000] {dagbag.py:588} INFO - Filling up the DagBag from /opt/airflow/dags/ssg_erp_op.py
[2025-09-03T17:59:02.783+0000] {processor.py:925} INFO - DAG(s) 'ssg_gl_op' retrieved from /opt/airflow/dags/ssg_erp_op.py
[2025-09-03T17:59:02.815+0000] {logging_mixin.py:190} INFO - [2025-09-03T17:59:02.815+0000] {dag.py:3239} INFO - Sync 1 DAGs
[2025-09-03T17:59:02.980+0000] {logging_mixin.py:190} INFO - [2025-09-03T17:59:02.979+0000] {dag.py:4180} INFO - Setting next_dagrun for ssg_gl_op to 2025-08-31 19:00:00+00:00, run_after=2025-09-30 19:00:00+00:00
[2025-09-03T17:59:02.997+0000] {processor.py:208} INFO - Processing /opt/airflow/dags/ssg_erp_op.py took 0.247 seconds
[2025-09-03T17:59:34.040+0000] {processor.py:186} INFO - Started process (PID=994) to work on /opt/airflow/dags/ssg_erp_op.py
[2025-09-03T17:59:34.041+0000] {processor.py:914} INFO - Processing file /opt/airflow/dags/ssg_erp_op.py for tasks to queue
[2025-09-03T17:59:34.045+0000] {logging_mixin.py:190} INFO - [2025-09-03T17:59:34.044+0000] {dagbag.py:588} INFO - Filling up the DagBag from /opt/airflow/dags/ssg_erp_op.py
[2025-09-03T17:59:34.095+0000] {processor.py:925} INFO - DAG(s) 'ssg_gl_op' retrieved from /opt/airflow/dags/ssg_erp_op.py
[2025-09-03T17:59:34.123+0000] {logging_mixin.py:190} INFO - [2025-09-03T17:59:34.123+0000] {dag.py:3239} INFO - Sync 1 DAGs
[2025-09-03T17:59:34.154+0000] {logging_mixin.py:190} INFO - [2025-09-03T17:59:34.154+0000] {dag.py:4180} INFO - Setting next_dagrun for ssg_gl_op to 2025-08-31 19:00:00+00:00, run_after=2025-09-30 19:00:00+00:00
[2025-09-03T17:59:34.172+0000] {processor.py:208} INFO - Processing /opt/airflow/dags/ssg_erp_op.py took 0.137 seconds
[2025-09-03T18:00:04.795+0000] {processor.py:186} INFO - Started process (PID=1101) to work on /opt/airflow/dags/ssg_erp_op.py
[2025-09-03T18:00:04.796+0000] {processor.py:914} INFO - Processing file /opt/airflow/dags/ssg_erp_op.py for tasks to queue
[2025-09-03T18:00:04.798+0000] {logging_mixin.py:190} INFO - [2025-09-03T18:00:04.798+0000] {dagbag.py:588} INFO - Filling up the DagBag from /opt/airflow/dags/ssg_erp_op.py
[2025-09-03T18:00:04.818+0000] {processor.py:925} INFO - DAG(s) 'ssg_gl_op' retrieved from /opt/airflow/dags/ssg_erp_op.py
[2025-09-03T18:00:04.845+0000] {logging_mixin.py:190} INFO - [2025-09-03T18:00:04.845+0000] {dag.py:3239} INFO - Sync 1 DAGs
[2025-09-03T18:00:04.878+0000] {logging_mixin.py:190} INFO - [2025-09-03T18:00:04.878+0000] {dag.py:4180} INFO - Setting next_dagrun for ssg_gl_op to 2025-08-31 19:00:00+00:00, run_after=2025-09-30 19:00:00+00:00
[2025-09-03T18:00:04.902+0000] {processor.py:208} INFO - Processing /opt/airflow/dags/ssg_erp_op.py took 0.111 seconds
[2025-09-03T18:00:35.698+0000] {processor.py:186} INFO - Started process (PID=1208) to work on /opt/airflow/dags/ssg_erp_op.py
[2025-09-03T18:00:35.699+0000] {processor.py:914} INFO - Processing file /opt/airflow/dags/ssg_erp_op.py for tasks to queue
[2025-09-03T18:00:35.702+0000] {logging_mixin.py:190} INFO - [2025-09-03T18:00:35.702+0000] {dagbag.py:588} INFO - Filling up the DagBag from /opt/airflow/dags/ssg_erp_op.py
[2025-09-03T18:00:35.726+0000] {processor.py:925} INFO - DAG(s) 'ssg_gl_op' retrieved from /opt/airflow/dags/ssg_erp_op.py
[2025-09-03T18:00:35.754+0000] {logging_mixin.py:190} INFO - [2025-09-03T18:00:35.754+0000] {dag.py:3239} INFO - Sync 1 DAGs
[2025-09-03T18:00:35.784+0000] {logging_mixin.py:190} INFO - [2025-09-03T18:00:35.783+0000] {dag.py:4180} INFO - Setting next_dagrun for ssg_gl_op to 2025-08-31 19:00:00+00:00, run_after=2025-09-30 19:00:00+00:00
[2025-09-03T18:00:35.808+0000] {processor.py:208} INFO - Processing /opt/airflow/dags/ssg_erp_op.py took 0.115 seconds
[2025-09-03T18:01:06.520+0000] {processor.py:186} INFO - Started process (PID=1315) to work on /opt/airflow/dags/ssg_erp_op.py
[2025-09-03T18:01:06.521+0000] {processor.py:914} INFO - Processing file /opt/airflow/dags/ssg_erp_op.py for tasks to queue
[2025-09-03T18:01:06.524+0000] {logging_mixin.py:190} INFO - [2025-09-03T18:01:06.524+0000] {dagbag.py:588} INFO - Filling up the DagBag from /opt/airflow/dags/ssg_erp_op.py
[2025-09-03T18:01:06.557+0000] {processor.py:925} INFO - DAG(s) 'ssg_gl_op' retrieved from /opt/airflow/dags/ssg_erp_op.py
[2025-09-03T18:01:06.594+0000] {logging_mixin.py:190} INFO - [2025-09-03T18:01:06.594+0000] {dag.py:3239} INFO - Sync 1 DAGs
[2025-09-03T18:01:06.616+0000] {logging_mixin.py:190} INFO - [2025-09-03T18:01:06.616+0000] {dag.py:4180} INFO - Setting next_dagrun for ssg_gl_op to 2025-08-31 19:00:00+00:00, run_after=2025-09-30 19:00:00+00:00
[2025-09-03T18:01:06.634+0000] {processor.py:208} INFO - Processing /opt/airflow/dags/ssg_erp_op.py took 0.119 seconds
[2025-09-03T18:01:37.357+0000] {processor.py:186} INFO - Started process (PID=1422) to work on /opt/airflow/dags/ssg_erp_op.py
[2025-09-03T18:01:37.359+0000] {processor.py:914} INFO - Processing file /opt/airflow/dags/ssg_erp_op.py for tasks to queue
[2025-09-03T18:01:37.360+0000] {logging_mixin.py:190} INFO - [2025-09-03T18:01:37.360+0000] {dagbag.py:588} INFO - Filling up the DagBag from /opt/airflow/dags/ssg_erp_op.py
[2025-09-03T18:01:37.381+0000] {processor.py:925} INFO - DAG(s) 'ssg_gl_op' retrieved from /opt/airflow/dags/ssg_erp_op.py
[2025-09-03T18:01:37.407+0000] {logging_mixin.py:190} INFO - [2025-09-03T18:01:37.406+0000] {dag.py:3239} INFO - Sync 1 DAGs
[2025-09-03T18:01:37.432+0000] {logging_mixin.py:190} INFO - [2025-09-03T18:01:37.431+0000] {dag.py:4180} INFO - Setting next_dagrun for ssg_gl_op to 2025-08-31 19:00:00+00:00, run_after=2025-09-30 19:00:00+00:00
[2025-09-03T18:01:37.451+0000] {processor.py:208} INFO - Processing /opt/airflow/dags/ssg_erp_op.py took 0.101 seconds
[2025-09-03T18:02:08.024+0000] {processor.py:186} INFO - Started process (PID=1529) to work on /opt/airflow/dags/ssg_erp_op.py
[2025-09-03T18:02:08.025+0000] {processor.py:914} INFO - Processing file /opt/airflow/dags/ssg_erp_op.py for tasks to queue
[2025-09-03T18:02:08.028+0000] {logging_mixin.py:190} INFO - [2025-09-03T18:02:08.028+0000] {dagbag.py:588} INFO - Filling up the DagBag from /opt/airflow/dags/ssg_erp_op.py
[2025-09-03T18:02:08.061+0000] {processor.py:925} INFO - DAG(s) 'ssg_gl_op' retrieved from /opt/airflow/dags/ssg_erp_op.py
[2025-09-03T18:02:08.088+0000] {logging_mixin.py:190} INFO - [2025-09-03T18:02:08.088+0000] {dag.py:3239} INFO - Sync 1 DAGs
[2025-09-03T18:02:08.115+0000] {logging_mixin.py:190} INFO - [2025-09-03T18:02:08.114+0000] {dag.py:4180} INFO - Setting next_dagrun for ssg_gl_op to 2025-08-31 19:00:00+00:00, run_after=2025-09-30 19:00:00+00:00
[2025-09-03T18:02:08.137+0000] {processor.py:208} INFO - Processing /opt/airflow/dags/ssg_erp_op.py took 0.122 seconds
[2025-09-03T18:02:38.719+0000] {processor.py:186} INFO - Started process (PID=1636) to work on /opt/airflow/dags/ssg_erp_op.py
[2025-09-03T18:02:38.720+0000] {processor.py:914} INFO - Processing file /opt/airflow/dags/ssg_erp_op.py for tasks to queue
[2025-09-03T18:02:38.722+0000] {logging_mixin.py:190} INFO - [2025-09-03T18:02:38.722+0000] {dagbag.py:588} INFO - Filling up the DagBag from /opt/airflow/dags/ssg_erp_op.py
[2025-09-03T18:02:38.744+0000] {processor.py:925} INFO - DAG(s) 'ssg_gl_op' retrieved from /opt/airflow/dags/ssg_erp_op.py
[2025-09-03T18:02:38.774+0000] {logging_mixin.py:190} INFO - [2025-09-03T18:02:38.774+0000] {dag.py:3239} INFO - Sync 1 DAGs
[2025-09-03T18:02:38.798+0000] {logging_mixin.py:190} INFO - [2025-09-03T18:02:38.798+0000] {dag.py:4180} INFO - Setting next_dagrun for ssg_gl_op to 2025-08-31 19:00:00+00:00, run_after=2025-09-30 19:00:00+00:00
[2025-09-03T18:02:38.817+0000] {processor.py:208} INFO - Processing /opt/airflow/dags/ssg_erp_op.py took 0.106 seconds
[2025-09-03T18:03:09.377+0000] {processor.py:186} INFO - Started process (PID=1743) to work on /opt/airflow/dags/ssg_erp_op.py
[2025-09-03T18:03:09.378+0000] {processor.py:914} INFO - Processing file /opt/airflow/dags/ssg_erp_op.py for tasks to queue
[2025-09-03T18:03:09.380+0000] {logging_mixin.py:190} INFO - [2025-09-03T18:03:09.380+0000] {dagbag.py:588} INFO - Filling up the DagBag from /opt/airflow/dags/ssg_erp_op.py
[2025-09-03T18:03:09.399+0000] {processor.py:925} INFO - DAG(s) 'ssg_gl_op' retrieved from /opt/airflow/dags/ssg_erp_op.py
[2025-09-03T18:03:09.418+0000] {logging_mixin.py:190} INFO - [2025-09-03T18:03:09.418+0000] {dag.py:3239} INFO - Sync 1 DAGs
[2025-09-03T18:03:09.440+0000] {logging_mixin.py:190} INFO - [2025-09-03T18:03:09.439+0000] {dag.py:4180} INFO - Setting next_dagrun for ssg_gl_op to 2025-08-31 19:00:00+00:00, run_after=2025-09-30 19:00:00+00:00
[2025-09-03T18:03:09.461+0000] {processor.py:208} INFO - Processing /opt/airflow/dags/ssg_erp_op.py took 0.088 seconds
[2025-09-03T18:03:40.085+0000] {processor.py:186} INFO - Started process (PID=1850) to work on /opt/airflow/dags/ssg_erp_op.py
[2025-09-03T18:03:40.086+0000] {processor.py:914} INFO - Processing file /opt/airflow/dags/ssg_erp_op.py for tasks to queue
[2025-09-03T18:03:40.088+0000] {logging_mixin.py:190} INFO - [2025-09-03T18:03:40.088+0000] {dagbag.py:588} INFO - Filling up the DagBag from /opt/airflow/dags/ssg_erp_op.py
[2025-09-03T18:03:40.125+0000] {processor.py:925} INFO - DAG(s) 'ssg_gl_op' retrieved from /opt/airflow/dags/ssg_erp_op.py
[2025-09-03T18:03:40.153+0000] {logging_mixin.py:190} INFO - [2025-09-03T18:03:40.153+0000] {dag.py:3239} INFO - Sync 1 DAGs
[2025-09-03T18:03:40.180+0000] {logging_mixin.py:190} INFO - [2025-09-03T18:03:40.180+0000] {dag.py:4180} INFO - Setting next_dagrun for ssg_gl_op to 2025-08-31 19:00:00+00:00, run_after=2025-09-30 19:00:00+00:00
[2025-09-03T18:03:40.201+0000] {processor.py:208} INFO - Processing /opt/airflow/dags/ssg_erp_op.py took 0.125 seconds
[2025-09-03T18:04:10.773+0000] {processor.py:186} INFO - Started process (PID=1957) to work on /opt/airflow/dags/ssg_erp_op.py
[2025-09-03T18:04:10.774+0000] {processor.py:914} INFO - Processing file /opt/airflow/dags/ssg_erp_op.py for tasks to queue
[2025-09-03T18:04:10.776+0000] {logging_mixin.py:190} INFO - [2025-09-03T18:04:10.776+0000] {dagbag.py:588} INFO - Filling up the DagBag from /opt/airflow/dags/ssg_erp_op.py
[2025-09-03T18:04:10.805+0000] {processor.py:925} INFO - DAG(s) 'ssg_gl_op' retrieved from /opt/airflow/dags/ssg_erp_op.py
[2025-09-03T18:04:10.843+0000] {logging_mixin.py:190} INFO - [2025-09-03T18:04:10.842+0000] {dag.py:3239} INFO - Sync 1 DAGs
[2025-09-03T18:04:10.869+0000] {logging_mixin.py:190} INFO - [2025-09-03T18:04:10.869+0000] {dag.py:4180} INFO - Setting next_dagrun for ssg_gl_op to 2025-08-31 19:00:00+00:00, run_after=2025-09-30 19:00:00+00:00
[2025-09-03T18:04:10.894+0000] {processor.py:208} INFO - Processing /opt/airflow/dags/ssg_erp_op.py took 0.128 seconds
[2025-09-03T18:04:41.633+0000] {processor.py:186} INFO - Started process (PID=2064) to work on /opt/airflow/dags/ssg_erp_op.py
[2025-09-03T18:04:41.634+0000] {processor.py:914} INFO - Processing file /opt/airflow/dags/ssg_erp_op.py for tasks to queue
[2025-09-03T18:04:41.637+0000] {logging_mixin.py:190} INFO - [2025-09-03T18:04:41.637+0000] {dagbag.py:588} INFO - Filling up the DagBag from /opt/airflow/dags/ssg_erp_op.py
[2025-09-03T18:04:41.672+0000] {processor.py:925} INFO - DAG(s) 'ssg_gl_op' retrieved from /opt/airflow/dags/ssg_erp_op.py
[2025-09-03T18:04:41.699+0000] {logging_mixin.py:190} INFO - [2025-09-03T18:04:41.699+0000] {dag.py:3239} INFO - Sync 1 DAGs
[2025-09-03T18:04:41.734+0000] {logging_mixin.py:190} INFO - [2025-09-03T18:04:41.734+0000] {dag.py:4180} INFO - Setting next_dagrun for ssg_gl_op to 2025-08-31 19:00:00+00:00, run_after=2025-09-30 19:00:00+00:00
[2025-09-03T18:04:41.759+0000] {processor.py:208} INFO - Processing /opt/airflow/dags/ssg_erp_op.py took 0.133 seconds
[2025-09-03T18:05:12.391+0000] {processor.py:186} INFO - Started process (PID=2171) to work on /opt/airflow/dags/ssg_erp_op.py
[2025-09-03T18:05:12.392+0000] {processor.py:914} INFO - Processing file /opt/airflow/dags/ssg_erp_op.py for tasks to queue
[2025-09-03T18:05:12.395+0000] {logging_mixin.py:190} INFO - [2025-09-03T18:05:12.395+0000] {dagbag.py:588} INFO - Filling up the DagBag from /opt/airflow/dags/ssg_erp_op.py
[2025-09-03T18:05:12.436+0000] {processor.py:925} INFO - DAG(s) 'ssg_gl_op' retrieved from /opt/airflow/dags/ssg_erp_op.py
[2025-09-03T18:05:12.477+0000] {logging_mixin.py:190} INFO - [2025-09-03T18:05:12.477+0000] {dag.py:3239} INFO - Sync 1 DAGs
[2025-09-03T18:05:12.522+0000] {logging_mixin.py:190} INFO - [2025-09-03T18:05:12.521+0000] {dag.py:4180} INFO - Setting next_dagrun for ssg_gl_op to 2025-08-31 19:00:00+00:00, run_after=2025-09-30 19:00:00+00:00
[2025-09-03T18:05:12.579+0000] {processor.py:208} INFO - Processing /opt/airflow/dags/ssg_erp_op.py took 0.199 seconds
[2025-09-03T18:05:43.300+0000] {processor.py:186} INFO - Started process (PID=2278) to work on /opt/airflow/dags/ssg_erp_op.py
[2025-09-03T18:05:43.301+0000] {processor.py:914} INFO - Processing file /opt/airflow/dags/ssg_erp_op.py for tasks to queue
[2025-09-03T18:05:43.303+0000] {logging_mixin.py:190} INFO - [2025-09-03T18:05:43.303+0000] {dagbag.py:588} INFO - Filling up the DagBag from /opt/airflow/dags/ssg_erp_op.py
[2025-09-03T18:05:43.323+0000] {processor.py:925} INFO - DAG(s) 'ssg_gl_op' retrieved from /opt/airflow/dags/ssg_erp_op.py
[2025-09-03T18:05:43.348+0000] {logging_mixin.py:190} INFO - [2025-09-03T18:05:43.348+0000] {dag.py:3239} INFO - Sync 1 DAGs
[2025-09-03T18:05:43.367+0000] {logging_mixin.py:190} INFO - [2025-09-03T18:05:43.367+0000] {dag.py:4180} INFO - Setting next_dagrun for ssg_gl_op to 2025-08-31 19:00:00+00:00, run_after=2025-09-30 19:00:00+00:00
[2025-09-03T18:05:43.385+0000] {processor.py:208} INFO - Processing /opt/airflow/dags/ssg_erp_op.py took 0.092 seconds
[2025-09-03T18:06:14.136+0000] {processor.py:186} INFO - Started process (PID=2385) to work on /opt/airflow/dags/ssg_erp_op.py
[2025-09-03T18:06:14.138+0000] {processor.py:914} INFO - Processing file /opt/airflow/dags/ssg_erp_op.py for tasks to queue
[2025-09-03T18:06:14.141+0000] {logging_mixin.py:190} INFO - [2025-09-03T18:06:14.141+0000] {dagbag.py:588} INFO - Filling up the DagBag from /opt/airflow/dags/ssg_erp_op.py
[2025-09-03T18:06:14.163+0000] {processor.py:925} INFO - DAG(s) 'ssg_gl_op' retrieved from /opt/airflow/dags/ssg_erp_op.py
[2025-09-03T18:06:14.189+0000] {logging_mixin.py:190} INFO - [2025-09-03T18:06:14.189+0000] {dag.py:3239} INFO - Sync 1 DAGs
[2025-09-03T18:06:14.217+0000] {logging_mixin.py:190} INFO - [2025-09-03T18:06:14.217+0000] {dag.py:4180} INFO - Setting next_dagrun for ssg_gl_op to 2025-08-31 19:00:00+00:00, run_after=2025-09-30 19:00:00+00:00
[2025-09-03T18:06:14.243+0000] {processor.py:208} INFO - Processing /opt/airflow/dags/ssg_erp_op.py took 0.112 seconds
[2025-09-03T18:06:45.077+0000] {processor.py:186} INFO - Started process (PID=2492) to work on /opt/airflow/dags/ssg_erp_op.py
[2025-09-03T18:06:45.079+0000] {processor.py:914} INFO - Processing file /opt/airflow/dags/ssg_erp_op.py for tasks to queue
[2025-09-03T18:06:45.083+0000] {logging_mixin.py:190} INFO - [2025-09-03T18:06:45.082+0000] {dagbag.py:588} INFO - Filling up the DagBag from /opt/airflow/dags/ssg_erp_op.py
[2025-09-03T18:06:45.123+0000] {processor.py:925} INFO - DAG(s) 'ssg_gl_op' retrieved from /opt/airflow/dags/ssg_erp_op.py
[2025-09-03T18:06:45.162+0000] {logging_mixin.py:190} INFO - [2025-09-03T18:06:45.161+0000] {dag.py:3239} INFO - Sync 1 DAGs
[2025-09-03T18:06:45.202+0000] {logging_mixin.py:190} INFO - [2025-09-03T18:06:45.202+0000] {dag.py:4180} INFO - Setting next_dagrun for ssg_gl_op to 2025-08-31 19:00:00+00:00, run_after=2025-09-30 19:00:00+00:00
[2025-09-03T18:06:45.233+0000] {processor.py:208} INFO - Processing /opt/airflow/dags/ssg_erp_op.py took 0.164 seconds
[2025-09-03T18:07:16.046+0000] {processor.py:186} INFO - Started process (PID=2599) to work on /opt/airflow/dags/ssg_erp_op.py
[2025-09-03T18:07:16.048+0000] {processor.py:914} INFO - Processing file /opt/airflow/dags/ssg_erp_op.py for tasks to queue
[2025-09-03T18:07:16.051+0000] {logging_mixin.py:190} INFO - [2025-09-03T18:07:16.050+0000] {dagbag.py:588} INFO - Filling up the DagBag from /opt/airflow/dags/ssg_erp_op.py
[2025-09-03T18:07:16.076+0000] {processor.py:925} INFO - DAG(s) 'ssg_gl_op' retrieved from /opt/airflow/dags/ssg_erp_op.py
[2025-09-03T18:07:16.102+0000] {logging_mixin.py:190} INFO - [2025-09-03T18:07:16.102+0000] {dag.py:3239} INFO - Sync 1 DAGs
[2025-09-03T18:07:16.130+0000] {logging_mixin.py:190} INFO - [2025-09-03T18:07:16.129+0000] {dag.py:4180} INFO - Setting next_dagrun for ssg_gl_op to 2025-08-31 19:00:00+00:00, run_after=2025-09-30 19:00:00+00:00
[2025-09-03T18:07:16.154+0000] {processor.py:208} INFO - Processing /opt/airflow/dags/ssg_erp_op.py took 0.115 seconds
[2025-09-03T18:07:47.072+0000] {processor.py:186} INFO - Started process (PID=2706) to work on /opt/airflow/dags/ssg_erp_op.py
[2025-09-03T18:07:47.074+0000] {processor.py:914} INFO - Processing file /opt/airflow/dags/ssg_erp_op.py for tasks to queue
[2025-09-03T18:07:47.075+0000] {logging_mixin.py:190} INFO - [2025-09-03T18:07:47.075+0000] {dagbag.py:588} INFO - Filling up the DagBag from /opt/airflow/dags/ssg_erp_op.py
[2025-09-03T18:07:47.102+0000] {processor.py:925} INFO - DAG(s) 'ssg_gl_op' retrieved from /opt/airflow/dags/ssg_erp_op.py
[2025-09-03T18:07:47.129+0000] {logging_mixin.py:190} INFO - [2025-09-03T18:07:47.129+0000] {dag.py:3239} INFO - Sync 1 DAGs
[2025-09-03T18:07:47.158+0000] {logging_mixin.py:190} INFO - [2025-09-03T18:07:47.158+0000] {dag.py:4180} INFO - Setting next_dagrun for ssg_gl_op to 2025-08-31 19:00:00+00:00, run_after=2025-09-30 19:00:00+00:00
[2025-09-03T18:07:47.181+0000] {processor.py:208} INFO - Processing /opt/airflow/dags/ssg_erp_op.py took 0.115 seconds
[2025-09-03T18:08:18.093+0000] {processor.py:186} INFO - Started process (PID=2813) to work on /opt/airflow/dags/ssg_erp_op.py
[2025-09-03T18:08:18.094+0000] {processor.py:914} INFO - Processing file /opt/airflow/dags/ssg_erp_op.py for tasks to queue
[2025-09-03T18:08:18.098+0000] {logging_mixin.py:190} INFO - [2025-09-03T18:08:18.097+0000] {dagbag.py:588} INFO - Filling up the DagBag from /opt/airflow/dags/ssg_erp_op.py
[2025-09-03T18:08:18.122+0000] {processor.py:925} INFO - DAG(s) 'ssg_gl_op' retrieved from /opt/airflow/dags/ssg_erp_op.py
[2025-09-03T18:08:18.154+0000] {logging_mixin.py:190} INFO - [2025-09-03T18:08:18.154+0000] {dag.py:3239} INFO - Sync 1 DAGs
[2025-09-03T18:08:18.185+0000] {logging_mixin.py:190} INFO - [2025-09-03T18:08:18.185+0000] {dag.py:4180} INFO - Setting next_dagrun for ssg_gl_op to 2025-08-31 19:00:00+00:00, run_after=2025-09-30 19:00:00+00:00
[2025-09-03T18:08:18.211+0000] {processor.py:208} INFO - Processing /opt/airflow/dags/ssg_erp_op.py took 0.126 seconds
[2025-09-03T18:08:49.222+0000] {processor.py:186} INFO - Started process (PID=2920) to work on /opt/airflow/dags/ssg_erp_op.py
[2025-09-03T18:08:49.224+0000] {processor.py:914} INFO - Processing file /opt/airflow/dags/ssg_erp_op.py for tasks to queue
[2025-09-03T18:08:49.227+0000] {logging_mixin.py:190} INFO - [2025-09-03T18:08:49.226+0000] {dagbag.py:588} INFO - Filling up the DagBag from /opt/airflow/dags/ssg_erp_op.py
[2025-09-03T18:08:49.250+0000] {processor.py:925} INFO - DAG(s) 'ssg_gl_op' retrieved from /opt/airflow/dags/ssg_erp_op.py
[2025-09-03T18:08:49.278+0000] {logging_mixin.py:190} INFO - [2025-09-03T18:08:49.278+0000] {dag.py:3239} INFO - Sync 1 DAGs
[2025-09-03T18:08:49.305+0000] {logging_mixin.py:190} INFO - [2025-09-03T18:08:49.305+0000] {dag.py:4180} INFO - Setting next_dagrun for ssg_gl_op to 2025-08-31 19:00:00+00:00, run_after=2025-09-30 19:00:00+00:00
[2025-09-03T18:08:49.328+0000] {processor.py:208} INFO - Processing /opt/airflow/dags/ssg_erp_op.py took 0.113 seconds
[2025-09-03T18:09:20.639+0000] {processor.py:186} INFO - Started process (PID=3027) to work on /opt/airflow/dags/ssg_erp_op.py
[2025-09-03T18:09:20.641+0000] {processor.py:914} INFO - Processing file /opt/airflow/dags/ssg_erp_op.py for tasks to queue
[2025-09-03T18:09:20.643+0000] {logging_mixin.py:190} INFO - [2025-09-03T18:09:20.643+0000] {dagbag.py:588} INFO - Filling up the DagBag from /opt/airflow/dags/ssg_erp_op.py
[2025-09-03T18:09:20.675+0000] {processor.py:925} INFO - DAG(s) 'ssg_gl_op' retrieved from /opt/airflow/dags/ssg_erp_op.py
[2025-09-03T18:09:20.701+0000] {logging_mixin.py:190} INFO - [2025-09-03T18:09:20.701+0000] {dag.py:3239} INFO - Sync 1 DAGs
[2025-09-03T18:09:20.731+0000] {logging_mixin.py:190} INFO - [2025-09-03T18:09:20.731+0000] {dag.py:4180} INFO - Setting next_dagrun for ssg_gl_op to 2025-08-31 19:00:00+00:00, run_after=2025-09-30 19:00:00+00:00
[2025-09-03T18:09:20.755+0000] {processor.py:208} INFO - Processing /opt/airflow/dags/ssg_erp_op.py took 0.121 seconds
[2025-09-03T18:09:51.060+0000] {processor.py:186} INFO - Started process (PID=3134) to work on /opt/airflow/dags/ssg_erp_op.py
[2025-09-03T18:09:51.061+0000] {processor.py:914} INFO - Processing file /opt/airflow/dags/ssg_erp_op.py for tasks to queue
[2025-09-03T18:09:51.065+0000] {logging_mixin.py:190} INFO - [2025-09-03T18:09:51.064+0000] {dagbag.py:588} INFO - Filling up the DagBag from /opt/airflow/dags/ssg_erp_op.py
[2025-09-03T18:09:51.092+0000] {processor.py:925} INFO - DAG(s) 'ssg_gl_op' retrieved from /opt/airflow/dags/ssg_erp_op.py
[2025-09-03T18:09:51.121+0000] {logging_mixin.py:190} INFO - [2025-09-03T18:09:51.120+0000] {dag.py:3239} INFO - Sync 1 DAGs
[2025-09-03T18:09:51.143+0000] {logging_mixin.py:190} INFO - [2025-09-03T18:09:51.143+0000] {dag.py:4180} INFO - Setting next_dagrun for ssg_gl_op to 2025-08-31 19:00:00+00:00, run_after=2025-09-30 19:00:00+00:00
[2025-09-03T18:09:51.163+0000] {processor.py:208} INFO - Processing /opt/airflow/dags/ssg_erp_op.py took 0.107 seconds
[2025-09-03T18:10:21.644+0000] {processor.py:186} INFO - Started process (PID=3241) to work on /opt/airflow/dags/ssg_erp_op.py
[2025-09-03T18:10:21.645+0000] {processor.py:914} INFO - Processing file /opt/airflow/dags/ssg_erp_op.py for tasks to queue
[2025-09-03T18:10:21.647+0000] {logging_mixin.py:190} INFO - [2025-09-03T18:10:21.647+0000] {dagbag.py:588} INFO - Filling up the DagBag from /opt/airflow/dags/ssg_erp_op.py
[2025-09-03T18:10:21.674+0000] {processor.py:925} INFO - DAG(s) 'ssg_gl_op' retrieved from /opt/airflow/dags/ssg_erp_op.py
[2025-09-03T18:10:21.707+0000] {logging_mixin.py:190} INFO - [2025-09-03T18:10:21.707+0000] {dag.py:3239} INFO - Sync 1 DAGs
[2025-09-03T18:10:21.741+0000] {logging_mixin.py:190} INFO - [2025-09-03T18:10:21.741+0000] {dag.py:4180} INFO - Setting next_dagrun for ssg_gl_op to 2025-08-31 19:00:00+00:00, run_after=2025-09-30 19:00:00+00:00
[2025-09-03T18:10:21.768+0000] {processor.py:208} INFO - Processing /opt/airflow/dags/ssg_erp_op.py took 0.131 seconds
[2025-09-03T18:10:52.594+0000] {processor.py:186} INFO - Started process (PID=3348) to work on /opt/airflow/dags/ssg_erp_op.py
[2025-09-03T18:10:52.596+0000] {processor.py:914} INFO - Processing file /opt/airflow/dags/ssg_erp_op.py for tasks to queue
[2025-09-03T18:10:52.599+0000] {logging_mixin.py:190} INFO - [2025-09-03T18:10:52.599+0000] {dagbag.py:588} INFO - Filling up the DagBag from /opt/airflow/dags/ssg_erp_op.py
[2025-09-03T18:10:52.635+0000] {processor.py:925} INFO - DAG(s) 'ssg_gl_op' retrieved from /opt/airflow/dags/ssg_erp_op.py
[2025-09-03T18:10:52.663+0000] {logging_mixin.py:190} INFO - [2025-09-03T18:10:52.663+0000] {dag.py:3239} INFO - Sync 1 DAGs
[2025-09-03T18:10:52.692+0000] {logging_mixin.py:190} INFO - [2025-09-03T18:10:52.692+0000] {dag.py:4180} INFO - Setting next_dagrun for ssg_gl_op to 2025-08-31 19:00:00+00:00, run_after=2025-09-30 19:00:00+00:00
[2025-09-03T18:10:52.713+0000] {processor.py:208} INFO - Processing /opt/airflow/dags/ssg_erp_op.py took 0.126 seconds
[2025-09-03T18:11:23.748+0000] {processor.py:186} INFO - Started process (PID=3455) to work on /opt/airflow/dags/ssg_erp_op.py
[2025-09-03T18:11:23.749+0000] {processor.py:914} INFO - Processing file /opt/airflow/dags/ssg_erp_op.py for tasks to queue
[2025-09-03T18:11:23.752+0000] {logging_mixin.py:190} INFO - [2025-09-03T18:11:23.752+0000] {dagbag.py:588} INFO - Filling up the DagBag from /opt/airflow/dags/ssg_erp_op.py
[2025-09-03T18:11:23.781+0000] {processor.py:925} INFO - DAG(s) 'ssg_gl_op' retrieved from /opt/airflow/dags/ssg_erp_op.py
[2025-09-03T18:11:23.810+0000] {logging_mixin.py:190} INFO - [2025-09-03T18:11:23.810+0000] {dag.py:3239} INFO - Sync 1 DAGs
[2025-09-03T18:11:23.846+0000] {logging_mixin.py:190} INFO - [2025-09-03T18:11:23.845+0000] {dag.py:4180} INFO - Setting next_dagrun for ssg_gl_op to 2025-08-31 19:00:00+00:00, run_after=2025-09-30 19:00:00+00:00
[2025-09-03T18:11:23.868+0000] {processor.py:208} INFO - Processing /opt/airflow/dags/ssg_erp_op.py took 0.125 seconds
[2025-09-03T18:11:54.786+0000] {processor.py:186} INFO - Started process (PID=3562) to work on /opt/airflow/dags/ssg_erp_op.py
[2025-09-03T18:11:54.787+0000] {processor.py:914} INFO - Processing file /opt/airflow/dags/ssg_erp_op.py for tasks to queue
[2025-09-03T18:11:54.791+0000] {logging_mixin.py:190} INFO - [2025-09-03T18:11:54.791+0000] {dagbag.py:588} INFO - Filling up the DagBag from /opt/airflow/dags/ssg_erp_op.py
[2025-09-03T18:11:54.813+0000] {processor.py:925} INFO - DAG(s) 'ssg_gl_op' retrieved from /opt/airflow/dags/ssg_erp_op.py
[2025-09-03T18:11:54.836+0000] {logging_mixin.py:190} INFO - [2025-09-03T18:11:54.836+0000] {dag.py:3239} INFO - Sync 1 DAGs
[2025-09-03T18:11:54.867+0000] {logging_mixin.py:190} INFO - [2025-09-03T18:11:54.867+0000] {dag.py:4180} INFO - Setting next_dagrun for ssg_gl_op to 2025-08-31 19:00:00+00:00, run_after=2025-09-30 19:00:00+00:00
[2025-09-03T18:11:54.898+0000] {processor.py:208} INFO - Processing /opt/airflow/dags/ssg_erp_op.py took 0.117 seconds
[2025-09-03T18:12:25.996+0000] {processor.py:186} INFO - Started process (PID=3675) to work on /opt/airflow/dags/ssg_erp_op.py
[2025-09-03T18:12:25.997+0000] {processor.py:914} INFO - Processing file /opt/airflow/dags/ssg_erp_op.py for tasks to queue
[2025-09-03T18:12:26.001+0000] {logging_mixin.py:190} INFO - [2025-09-03T18:12:26.000+0000] {dagbag.py:588} INFO - Filling up the DagBag from /opt/airflow/dags/ssg_erp_op.py
[2025-09-03T18:12:26.030+0000] {processor.py:925} INFO - DAG(s) 'ssg_gl_op' retrieved from /opt/airflow/dags/ssg_erp_op.py
[2025-09-03T18:12:26.060+0000] {logging_mixin.py:190} INFO - [2025-09-03T18:12:26.060+0000] {dag.py:3239} INFO - Sync 1 DAGs
[2025-09-03T18:12:26.214+0000] {logging_mixin.py:190} INFO - [2025-09-03T18:12:26.213+0000] {dag.py:4180} INFO - Setting next_dagrun for ssg_gl_op to 2025-08-31 19:00:00+00:00, run_after=2025-09-30 19:00:00+00:00
[2025-09-03T18:12:26.234+0000] {processor.py:208} INFO - Processing /opt/airflow/dags/ssg_erp_op.py took 0.244 seconds
[2025-09-03T18:12:57.374+0000] {processor.py:186} INFO - Started process (PID=3782) to work on /opt/airflow/dags/ssg_erp_op.py
[2025-09-03T18:12:57.375+0000] {processor.py:914} INFO - Processing file /opt/airflow/dags/ssg_erp_op.py for tasks to queue
[2025-09-03T18:12:57.378+0000] {logging_mixin.py:190} INFO - [2025-09-03T18:12:57.378+0000] {dagbag.py:588} INFO - Filling up the DagBag from /opt/airflow/dags/ssg_erp_op.py
[2025-09-03T18:12:57.405+0000] {processor.py:925} INFO - DAG(s) 'ssg_gl_op' retrieved from /opt/airflow/dags/ssg_erp_op.py
[2025-09-03T18:12:57.435+0000] {logging_mixin.py:190} INFO - [2025-09-03T18:12:57.435+0000] {dag.py:3239} INFO - Sync 1 DAGs
[2025-09-03T18:12:57.604+0000] {logging_mixin.py:190} INFO - [2025-09-03T18:12:57.604+0000] {dag.py:4180} INFO - Setting next_dagrun for ssg_gl_op to 2025-08-31 19:00:00+00:00, run_after=2025-09-30 19:00:00+00:00
[2025-09-03T18:12:57.628+0000] {processor.py:208} INFO - Processing /opt/airflow/dags/ssg_erp_op.py took 0.259 seconds
[2025-09-03T18:13:27.827+0000] {processor.py:186} INFO - Started process (PID=3901) to work on /opt/airflow/dags/ssg_erp_op.py
[2025-09-03T18:13:27.828+0000] {processor.py:914} INFO - Processing file /opt/airflow/dags/ssg_erp_op.py for tasks to queue
[2025-09-03T18:13:27.830+0000] {logging_mixin.py:190} INFO - [2025-09-03T18:13:27.830+0000] {dagbag.py:588} INFO - Filling up the DagBag from /opt/airflow/dags/ssg_erp_op.py
[2025-09-03T18:13:27.858+0000] {processor.py:925} INFO - DAG(s) 'ssg_gl_op' retrieved from /opt/airflow/dags/ssg_erp_op.py
[2025-09-03T18:13:27.882+0000] {logging_mixin.py:190} INFO - [2025-09-03T18:13:27.882+0000] {dag.py:3239} INFO - Sync 1 DAGs
[2025-09-03T18:13:27.914+0000] {logging_mixin.py:190} INFO - [2025-09-03T18:13:27.914+0000] {dag.py:4180} INFO - Setting next_dagrun for ssg_gl_op to 2025-08-31 19:00:00+00:00, run_after=2025-09-30 19:00:00+00:00
[2025-09-03T18:13:27.936+0000] {processor.py:208} INFO - Processing /opt/airflow/dags/ssg_erp_op.py took 0.117 seconds
[2025-09-03T18:13:58.553+0000] {processor.py:186} INFO - Started process (PID=3996) to work on /opt/airflow/dags/ssg_erp_op.py
[2025-09-03T18:13:58.554+0000] {processor.py:914} INFO - Processing file /opt/airflow/dags/ssg_erp_op.py for tasks to queue
[2025-09-03T18:13:58.556+0000] {logging_mixin.py:190} INFO - [2025-09-03T18:13:58.555+0000] {dagbag.py:588} INFO - Filling up the DagBag from /opt/airflow/dags/ssg_erp_op.py
[2025-09-03T18:13:58.578+0000] {processor.py:925} INFO - DAG(s) 'ssg_gl_op' retrieved from /opt/airflow/dags/ssg_erp_op.py
[2025-09-03T18:13:58.610+0000] {logging_mixin.py:190} INFO - [2025-09-03T18:13:58.610+0000] {dag.py:3239} INFO - Sync 1 DAGs
[2025-09-03T18:13:58.643+0000] {logging_mixin.py:190} INFO - [2025-09-03T18:13:58.642+0000] {dag.py:4180} INFO - Setting next_dagrun for ssg_gl_op to 2025-08-31 19:00:00+00:00, run_after=2025-09-30 19:00:00+00:00
[2025-09-03T18:13:58.660+0000] {processor.py:208} INFO - Processing /opt/airflow/dags/ssg_erp_op.py took 0.112 seconds
[2025-09-03T18:14:29.398+0000] {processor.py:186} INFO - Started process (PID=4104) to work on /opt/airflow/dags/ssg_erp_op.py
[2025-09-03T18:14:29.399+0000] {processor.py:914} INFO - Processing file /opt/airflow/dags/ssg_erp_op.py for tasks to queue
[2025-09-03T18:14:29.402+0000] {logging_mixin.py:190} INFO - [2025-09-03T18:14:29.401+0000] {dagbag.py:588} INFO - Filling up the DagBag from /opt/airflow/dags/ssg_erp_op.py
[2025-09-03T18:14:29.423+0000] {processor.py:925} INFO - DAG(s) 'ssg_gl_op' retrieved from /opt/airflow/dags/ssg_erp_op.py
[2025-09-03T18:14:29.446+0000] {logging_mixin.py:190} INFO - [2025-09-03T18:14:29.446+0000] {dag.py:3239} INFO - Sync 1 DAGs
[2025-09-03T18:14:29.464+0000] {logging_mixin.py:190} INFO - [2025-09-03T18:14:29.464+0000] {dag.py:4180} INFO - Setting next_dagrun for ssg_gl_op to 2025-08-31 19:00:00+00:00, run_after=2025-09-30 19:00:00+00:00
[2025-09-03T18:14:29.481+0000] {processor.py:208} INFO - Processing /opt/airflow/dags/ssg_erp_op.py took 0.090 seconds
[2025-09-03T18:15:00.166+0000] {processor.py:186} INFO - Started process (PID=4209) to work on /opt/airflow/dags/ssg_erp_op.py
[2025-09-03T18:15:00.167+0000] {processor.py:914} INFO - Processing file /opt/airflow/dags/ssg_erp_op.py for tasks to queue
[2025-09-03T18:15:00.170+0000] {logging_mixin.py:190} INFO - [2025-09-03T18:15:00.169+0000] {dagbag.py:588} INFO - Filling up the DagBag from /opt/airflow/dags/ssg_erp_op.py
[2025-09-03T18:15:00.210+0000] {processor.py:925} INFO - DAG(s) 'ssg_gl_op' retrieved from /opt/airflow/dags/ssg_erp_op.py
[2025-09-03T18:15:00.240+0000] {logging_mixin.py:190} INFO - [2025-09-03T18:15:00.239+0000] {dag.py:3239} INFO - Sync 1 DAGs
[2025-09-03T18:15:00.267+0000] {logging_mixin.py:190} INFO - [2025-09-03T18:15:00.267+0000] {dag.py:4180} INFO - Setting next_dagrun for ssg_gl_op to 2025-08-31 19:00:00+00:00, run_after=2025-09-30 19:00:00+00:00
[2025-09-03T18:15:00.291+0000] {processor.py:208} INFO - Processing /opt/airflow/dags/ssg_erp_op.py took 0.133 seconds
[2025-09-03T18:15:30.944+0000] {processor.py:186} INFO - Started process (PID=4315) to work on /opt/airflow/dags/ssg_erp_op.py
[2025-09-03T18:15:30.945+0000] {processor.py:914} INFO - Processing file /opt/airflow/dags/ssg_erp_op.py for tasks to queue
[2025-09-03T18:15:30.948+0000] {logging_mixin.py:190} INFO - [2025-09-03T18:15:30.948+0000] {dagbag.py:588} INFO - Filling up the DagBag from /opt/airflow/dags/ssg_erp_op.py
[2025-09-03T18:15:30.976+0000] {processor.py:925} INFO - DAG(s) 'ssg_gl_op' retrieved from /opt/airflow/dags/ssg_erp_op.py
[2025-09-03T18:15:31.004+0000] {logging_mixin.py:190} INFO - [2025-09-03T18:15:31.004+0000] {dag.py:3239} INFO - Sync 1 DAGs
[2025-09-03T18:15:31.027+0000] {logging_mixin.py:190} INFO - [2025-09-03T18:15:31.027+0000] {dag.py:4180} INFO - Setting next_dagrun for ssg_gl_op to 2025-08-31 19:00:00+00:00, run_after=2025-09-30 19:00:00+00:00
[2025-09-03T18:15:31.047+0000] {processor.py:208} INFO - Processing /opt/airflow/dags/ssg_erp_op.py took 0.109 seconds
[2025-09-03T18:16:01.675+0000] {processor.py:186} INFO - Started process (PID=4424) to work on /opt/airflow/dags/ssg_erp_op.py
[2025-09-03T18:16:01.676+0000] {processor.py:914} INFO - Processing file /opt/airflow/dags/ssg_erp_op.py for tasks to queue
[2025-09-03T18:16:01.679+0000] {logging_mixin.py:190} INFO - [2025-09-03T18:16:01.678+0000] {dagbag.py:588} INFO - Filling up the DagBag from /opt/airflow/dags/ssg_erp_op.py
[2025-09-03T18:16:01.706+0000] {processor.py:925} INFO - DAG(s) 'ssg_gl_op' retrieved from /opt/airflow/dags/ssg_erp_op.py
[2025-09-03T18:16:01.730+0000] {logging_mixin.py:190} INFO - [2025-09-03T18:16:01.730+0000] {dag.py:3239} INFO - Sync 1 DAGs
[2025-09-03T18:16:01.757+0000] {logging_mixin.py:190} INFO - [2025-09-03T18:16:01.757+0000] {dag.py:4180} INFO - Setting next_dagrun for ssg_gl_op to 2025-08-31 19:00:00+00:00, run_after=2025-09-30 19:00:00+00:00
[2025-09-03T18:16:01.787+0000] {processor.py:208} INFO - Processing /opt/airflow/dags/ssg_erp_op.py took 0.120 seconds
[2025-09-03T18:16:32.334+0000] {processor.py:186} INFO - Started process (PID=4529) to work on /opt/airflow/dags/ssg_erp_op.py
[2025-09-03T18:16:32.335+0000] {processor.py:914} INFO - Processing file /opt/airflow/dags/ssg_erp_op.py for tasks to queue
[2025-09-03T18:16:32.339+0000] {logging_mixin.py:190} INFO - [2025-09-03T18:16:32.338+0000] {dagbag.py:588} INFO - Filling up the DagBag from /opt/airflow/dags/ssg_erp_op.py
[2025-09-03T18:16:32.365+0000] {processor.py:925} INFO - DAG(s) 'ssg_gl_op' retrieved from /opt/airflow/dags/ssg_erp_op.py
[2025-09-03T18:16:32.392+0000] {logging_mixin.py:190} INFO - [2025-09-03T18:16:32.391+0000] {dag.py:3239} INFO - Sync 1 DAGs
[2025-09-03T18:16:32.425+0000] {logging_mixin.py:190} INFO - [2025-09-03T18:16:32.424+0000] {dag.py:4180} INFO - Setting next_dagrun for ssg_gl_op to 2025-08-31 19:00:00+00:00, run_after=2025-09-30 19:00:00+00:00
[2025-09-03T18:16:32.462+0000] {processor.py:208} INFO - Processing /opt/airflow/dags/ssg_erp_op.py took 0.133 seconds
[2025-09-03T18:17:03.154+0000] {processor.py:186} INFO - Started process (PID=4636) to work on /opt/airflow/dags/ssg_erp_op.py
[2025-09-03T18:17:03.155+0000] {processor.py:914} INFO - Processing file /opt/airflow/dags/ssg_erp_op.py for tasks to queue
[2025-09-03T18:17:03.158+0000] {logging_mixin.py:190} INFO - [2025-09-03T18:17:03.157+0000] {dagbag.py:588} INFO - Filling up the DagBag from /opt/airflow/dags/ssg_erp_op.py
[2025-09-03T18:17:03.182+0000] {processor.py:925} INFO - DAG(s) 'ssg_gl_op' retrieved from /opt/airflow/dags/ssg_erp_op.py
[2025-09-03T18:17:03.205+0000] {logging_mixin.py:190} INFO - [2025-09-03T18:17:03.205+0000] {dag.py:3239} INFO - Sync 1 DAGs
[2025-09-03T18:17:03.233+0000] {logging_mixin.py:190} INFO - [2025-09-03T18:17:03.233+0000] {dag.py:4180} INFO - Setting next_dagrun for ssg_gl_op to 2025-08-31 19:00:00+00:00, run_after=2025-09-30 19:00:00+00:00
[2025-09-03T18:17:03.253+0000] {processor.py:208} INFO - Processing /opt/airflow/dags/ssg_erp_op.py took 0.106 seconds
[2025-09-03T18:17:33.852+0000] {processor.py:186} INFO - Started process (PID=4743) to work on /opt/airflow/dags/ssg_erp_op.py
[2025-09-03T18:17:33.854+0000] {processor.py:914} INFO - Processing file /opt/airflow/dags/ssg_erp_op.py for tasks to queue
[2025-09-03T18:17:33.856+0000] {logging_mixin.py:190} INFO - [2025-09-03T18:17:33.856+0000] {dagbag.py:588} INFO - Filling up the DagBag from /opt/airflow/dags/ssg_erp_op.py
[2025-09-03T18:17:33.886+0000] {processor.py:925} INFO - DAG(s) 'ssg_gl_op' retrieved from /opt/airflow/dags/ssg_erp_op.py
[2025-09-03T18:17:33.912+0000] {logging_mixin.py:190} INFO - [2025-09-03T18:17:33.912+0000] {dag.py:3239} INFO - Sync 1 DAGs
[2025-09-03T18:17:33.938+0000] {logging_mixin.py:190} INFO - [2025-09-03T18:17:33.937+0000] {dag.py:4180} INFO - Setting next_dagrun for ssg_gl_op to 2025-08-31 19:00:00+00:00, run_after=2025-09-30 19:00:00+00:00
[2025-09-03T18:17:33.960+0000] {processor.py:208} INFO - Processing /opt/airflow/dags/ssg_erp_op.py took 0.113 seconds
[2025-09-03T18:18:04.591+0000] {processor.py:186} INFO - Started process (PID=4850) to work on /opt/airflow/dags/ssg_erp_op.py
[2025-09-03T18:18:04.592+0000] {processor.py:914} INFO - Processing file /opt/airflow/dags/ssg_erp_op.py for tasks to queue
[2025-09-03T18:18:04.596+0000] {logging_mixin.py:190} INFO - [2025-09-03T18:18:04.595+0000] {dagbag.py:588} INFO - Filling up the DagBag from /opt/airflow/dags/ssg_erp_op.py
[2025-09-03T18:18:04.627+0000] {processor.py:925} INFO - DAG(s) 'ssg_gl_op' retrieved from /opt/airflow/dags/ssg_erp_op.py
[2025-09-03T18:18:04.654+0000] {logging_mixin.py:190} INFO - [2025-09-03T18:18:04.653+0000] {dag.py:3239} INFO - Sync 1 DAGs
[2025-09-03T18:18:04.689+0000] {logging_mixin.py:190} INFO - [2025-09-03T18:18:04.689+0000] {dag.py:4180} INFO - Setting next_dagrun for ssg_gl_op to 2025-08-31 19:00:00+00:00, run_after=2025-09-30 19:00:00+00:00
[2025-09-03T18:18:04.712+0000] {processor.py:208} INFO - Processing /opt/airflow/dags/ssg_erp_op.py took 0.127 seconds
[2025-09-03T18:18:35.454+0000] {processor.py:186} INFO - Started process (PID=4959) to work on /opt/airflow/dags/ssg_erp_op.py
[2025-09-03T18:18:35.456+0000] {processor.py:914} INFO - Processing file /opt/airflow/dags/ssg_erp_op.py for tasks to queue
[2025-09-03T18:18:35.458+0000] {logging_mixin.py:190} INFO - [2025-09-03T18:18:35.457+0000] {dagbag.py:588} INFO - Filling up the DagBag from /opt/airflow/dags/ssg_erp_op.py
[2025-09-03T18:18:35.492+0000] {processor.py:925} INFO - DAG(s) 'ssg_gl_op' retrieved from /opt/airflow/dags/ssg_erp_op.py
[2025-09-03T18:18:35.517+0000] {logging_mixin.py:190} INFO - [2025-09-03T18:18:35.517+0000] {dag.py:3239} INFO - Sync 1 DAGs
[2025-09-03T18:18:35.549+0000] {logging_mixin.py:190} INFO - [2025-09-03T18:18:35.549+0000] {dag.py:4180} INFO - Setting next_dagrun for ssg_gl_op to 2025-08-31 19:00:00+00:00, run_after=2025-09-30 19:00:00+00:00
[2025-09-03T18:18:35.571+0000] {processor.py:208} INFO - Processing /opt/airflow/dags/ssg_erp_op.py took 0.125 seconds
[2025-09-03T18:19:06.105+0000] {processor.py:186} INFO - Started process (PID=5066) to work on /opt/airflow/dags/ssg_erp_op.py
[2025-09-03T18:19:06.106+0000] {processor.py:914} INFO - Processing file /opt/airflow/dags/ssg_erp_op.py for tasks to queue
[2025-09-03T18:19:06.108+0000] {logging_mixin.py:190} INFO - [2025-09-03T18:19:06.107+0000] {dagbag.py:588} INFO - Filling up the DagBag from /opt/airflow/dags/ssg_erp_op.py
[2025-09-03T18:19:06.126+0000] {processor.py:925} INFO - DAG(s) 'ssg_gl_op' retrieved from /opt/airflow/dags/ssg_erp_op.py
[2025-09-03T18:19:06.150+0000] {logging_mixin.py:190} INFO - [2025-09-03T18:19:06.150+0000] {dag.py:3239} INFO - Sync 1 DAGs
[2025-09-03T18:19:06.170+0000] {logging_mixin.py:190} INFO - [2025-09-03T18:19:06.170+0000] {dag.py:4180} INFO - Setting next_dagrun for ssg_gl_op to 2025-08-31 19:00:00+00:00, run_after=2025-09-30 19:00:00+00:00
[2025-09-03T18:19:06.186+0000] {processor.py:208} INFO - Processing /opt/airflow/dags/ssg_erp_op.py took 0.086 seconds
[2025-09-03T18:19:36.933+0000] {processor.py:186} INFO - Started process (PID=5171) to work on /opt/airflow/dags/ssg_erp_op.py
[2025-09-03T18:19:36.934+0000] {processor.py:914} INFO - Processing file /opt/airflow/dags/ssg_erp_op.py for tasks to queue
[2025-09-03T18:19:36.937+0000] {logging_mixin.py:190} INFO - [2025-09-03T18:19:36.936+0000] {dagbag.py:588} INFO - Filling up the DagBag from /opt/airflow/dags/ssg_erp_op.py
[2025-09-03T18:19:36.961+0000] {processor.py:925} INFO - DAG(s) 'ssg_gl_op' retrieved from /opt/airflow/dags/ssg_erp_op.py
[2025-09-03T18:19:36.993+0000] {logging_mixin.py:190} INFO - [2025-09-03T18:19:36.993+0000] {dag.py:3239} INFO - Sync 1 DAGs
[2025-09-03T18:19:37.028+0000] {logging_mixin.py:190} INFO - [2025-09-03T18:19:37.028+0000] {dag.py:4180} INFO - Setting next_dagrun for ssg_gl_op to 2025-08-31 19:00:00+00:00, run_after=2025-09-30 19:00:00+00:00
[2025-09-03T18:19:37.051+0000] {processor.py:208} INFO - Processing /opt/airflow/dags/ssg_erp_op.py took 0.127 seconds
[2025-09-03T18:20:07.776+0000] {processor.py:186} INFO - Started process (PID=5278) to work on /opt/airflow/dags/ssg_erp_op.py
[2025-09-03T18:20:07.777+0000] {processor.py:914} INFO - Processing file /opt/airflow/dags/ssg_erp_op.py for tasks to queue
[2025-09-03T18:20:07.779+0000] {logging_mixin.py:190} INFO - [2025-09-03T18:20:07.779+0000] {dagbag.py:588} INFO - Filling up the DagBag from /opt/airflow/dags/ssg_erp_op.py
[2025-09-03T18:20:07.801+0000] {processor.py:925} INFO - DAG(s) 'ssg_gl_op' retrieved from /opt/airflow/dags/ssg_erp_op.py
[2025-09-03T18:20:07.828+0000] {logging_mixin.py:190} INFO - [2025-09-03T18:20:07.828+0000] {dag.py:3239} INFO - Sync 1 DAGs
[2025-09-03T18:20:07.853+0000] {logging_mixin.py:190} INFO - [2025-09-03T18:20:07.853+0000] {dag.py:4180} INFO - Setting next_dagrun for ssg_gl_op to 2025-08-31 19:00:00+00:00, run_after=2025-09-30 19:00:00+00:00
[2025-09-03T18:20:07.879+0000] {processor.py:208} INFO - Processing /opt/airflow/dags/ssg_erp_op.py took 0.108 seconds
[2025-09-03T18:20:38.524+0000] {processor.py:186} INFO - Started process (PID=5385) to work on /opt/airflow/dags/ssg_erp_op.py
[2025-09-03T18:20:38.525+0000] {processor.py:914} INFO - Processing file /opt/airflow/dags/ssg_erp_op.py for tasks to queue
[2025-09-03T18:20:38.527+0000] {logging_mixin.py:190} INFO - [2025-09-03T18:20:38.527+0000] {dagbag.py:588} INFO - Filling up the DagBag from /opt/airflow/dags/ssg_erp_op.py
[2025-09-03T18:20:38.557+0000] {processor.py:925} INFO - DAG(s) 'ssg_gl_op' retrieved from /opt/airflow/dags/ssg_erp_op.py
[2025-09-03T18:20:38.588+0000] {logging_mixin.py:190} INFO - [2025-09-03T18:20:38.587+0000] {dag.py:3239} INFO - Sync 1 DAGs
[2025-09-03T18:20:38.622+0000] {logging_mixin.py:190} INFO - [2025-09-03T18:20:38.622+0000] {dag.py:4180} INFO - Setting next_dagrun for ssg_gl_op to 2025-08-31 19:00:00+00:00, run_after=2025-09-30 19:00:00+00:00
[2025-09-03T18:20:38.648+0000] {processor.py:208} INFO - Processing /opt/airflow/dags/ssg_erp_op.py took 0.133 seconds
[2025-09-03T18:21:09.406+0000] {processor.py:186} INFO - Started process (PID=5491) to work on /opt/airflow/dags/ssg_erp_op.py
[2025-09-03T18:21:09.408+0000] {processor.py:914} INFO - Processing file /opt/airflow/dags/ssg_erp_op.py for tasks to queue
[2025-09-03T18:21:09.410+0000] {logging_mixin.py:190} INFO - [2025-09-03T18:21:09.409+0000] {dagbag.py:588} INFO - Filling up the DagBag from /opt/airflow/dags/ssg_erp_op.py
[2025-09-03T18:21:09.439+0000] {processor.py:925} INFO - DAG(s) 'ssg_gl_op' retrieved from /opt/airflow/dags/ssg_erp_op.py
[2025-09-03T18:21:09.467+0000] {logging_mixin.py:190} INFO - [2025-09-03T18:21:09.466+0000] {dag.py:3239} INFO - Sync 1 DAGs
[2025-09-03T18:21:09.497+0000] {logging_mixin.py:190} INFO - [2025-09-03T18:21:09.496+0000] {dag.py:4180} INFO - Setting next_dagrun for ssg_gl_op to 2025-08-31 19:00:00+00:00, run_after=2025-09-30 19:00:00+00:00
[2025-09-03T18:21:09.524+0000] {processor.py:208} INFO - Processing /opt/airflow/dags/ssg_erp_op.py took 0.125 seconds
[2025-09-03T18:21:40.160+0000] {processor.py:186} INFO - Started process (PID=5598) to work on /opt/airflow/dags/ssg_erp_op.py
[2025-09-03T18:21:40.161+0000] {processor.py:914} INFO - Processing file /opt/airflow/dags/ssg_erp_op.py for tasks to queue
[2025-09-03T18:21:40.164+0000] {logging_mixin.py:190} INFO - [2025-09-03T18:21:40.163+0000] {dagbag.py:588} INFO - Filling up the DagBag from /opt/airflow/dags/ssg_erp_op.py
[2025-09-03T18:21:40.197+0000] {processor.py:925} INFO - DAG(s) 'ssg_gl_op' retrieved from /opt/airflow/dags/ssg_erp_op.py
[2025-09-03T18:21:40.226+0000] {logging_mixin.py:190} INFO - [2025-09-03T18:21:40.225+0000] {dag.py:3239} INFO - Sync 1 DAGs
[2025-09-03T18:21:40.255+0000] {logging_mixin.py:190} INFO - [2025-09-03T18:21:40.255+0000] {dag.py:4180} INFO - Setting next_dagrun for ssg_gl_op to 2025-08-31 19:00:00+00:00, run_after=2025-09-30 19:00:00+00:00
[2025-09-03T18:21:40.282+0000] {processor.py:208} INFO - Processing /opt/airflow/dags/ssg_erp_op.py took 0.127 seconds
[2025-09-03T18:22:11.070+0000] {processor.py:186} INFO - Started process (PID=5705) to work on /opt/airflow/dags/ssg_erp_op.py
[2025-09-03T18:22:11.070+0000] {processor.py:914} INFO - Processing file /opt/airflow/dags/ssg_erp_op.py for tasks to queue
[2025-09-03T18:22:11.073+0000] {logging_mixin.py:190} INFO - [2025-09-03T18:22:11.073+0000] {dagbag.py:588} INFO - Filling up the DagBag from /opt/airflow/dags/ssg_erp_op.py
[2025-09-03T18:22:11.104+0000] {processor.py:925} INFO - DAG(s) 'ssg_gl_op' retrieved from /opt/airflow/dags/ssg_erp_op.py
[2025-09-03T18:22:11.132+0000] {logging_mixin.py:190} INFO - [2025-09-03T18:22:11.131+0000] {dag.py:3239} INFO - Sync 1 DAGs
[2025-09-03T18:22:11.161+0000] {logging_mixin.py:190} INFO - [2025-09-03T18:22:11.161+0000] {dag.py:4180} INFO - Setting next_dagrun for ssg_gl_op to 2025-08-31 19:00:00+00:00, run_after=2025-09-30 19:00:00+00:00
[2025-09-03T18:22:11.182+0000] {processor.py:208} INFO - Processing /opt/airflow/dags/ssg_erp_op.py took 0.117 seconds
[2025-09-03T18:22:42.094+0000] {processor.py:186} INFO - Started process (PID=5814) to work on /opt/airflow/dags/ssg_erp_op.py
[2025-09-03T18:22:42.095+0000] {processor.py:914} INFO - Processing file /opt/airflow/dags/ssg_erp_op.py for tasks to queue
[2025-09-03T18:22:42.098+0000] {logging_mixin.py:190} INFO - [2025-09-03T18:22:42.097+0000] {dagbag.py:588} INFO - Filling up the DagBag from /opt/airflow/dags/ssg_erp_op.py
[2025-09-03T18:22:42.128+0000] {processor.py:925} INFO - DAG(s) 'ssg_gl_op' retrieved from /opt/airflow/dags/ssg_erp_op.py
[2025-09-03T18:22:42.161+0000] {logging_mixin.py:190} INFO - [2025-09-03T18:22:42.161+0000] {dag.py:3239} INFO - Sync 1 DAGs
[2025-09-03T18:22:42.197+0000] {logging_mixin.py:190} INFO - [2025-09-03T18:22:42.197+0000] {dag.py:4180} INFO - Setting next_dagrun for ssg_gl_op to 2025-08-31 19:00:00+00:00, run_after=2025-09-30 19:00:00+00:00
[2025-09-03T18:22:42.222+0000] {processor.py:208} INFO - Processing /opt/airflow/dags/ssg_erp_op.py took 0.133 seconds
[2025-09-03T18:23:13.698+0000] {processor.py:186} INFO - Started process (PID=5919) to work on /opt/airflow/dags/ssg_erp_op.py
[2025-09-03T18:23:13.700+0000] {processor.py:914} INFO - Processing file /opt/airflow/dags/ssg_erp_op.py for tasks to queue
[2025-09-03T18:23:13.705+0000] {logging_mixin.py:190} INFO - [2025-09-03T18:23:13.704+0000] {dagbag.py:588} INFO - Filling up the DagBag from /opt/airflow/dags/ssg_erp_op.py
[2025-09-03T18:23:13.765+0000] {processor.py:925} INFO - DAG(s) 'ssg_gl_op' retrieved from /opt/airflow/dags/ssg_erp_op.py
[2025-09-03T18:23:13.808+0000] {logging_mixin.py:190} INFO - [2025-09-03T18:23:13.808+0000] {dag.py:3239} INFO - Sync 1 DAGs
[2025-09-03T18:23:13.854+0000] {logging_mixin.py:190} INFO - [2025-09-03T18:23:13.853+0000] {dag.py:4180} INFO - Setting next_dagrun for ssg_gl_op to 2025-08-31 19:00:00+00:00, run_after=2025-09-30 19:00:00+00:00
[2025-09-03T18:23:13.889+0000] {processor.py:208} INFO - Processing /opt/airflow/dags/ssg_erp_op.py took 0.203 seconds
[2025-09-03T18:23:44.185+0000] {processor.py:186} INFO - Started process (PID=6025) to work on /opt/airflow/dags/ssg_erp_op.py
[2025-09-03T18:23:44.187+0000] {processor.py:914} INFO - Processing file /opt/airflow/dags/ssg_erp_op.py for tasks to queue
[2025-09-03T18:23:44.189+0000] {logging_mixin.py:190} INFO - [2025-09-03T18:23:44.188+0000] {dagbag.py:588} INFO - Filling up the DagBag from /opt/airflow/dags/ssg_erp_op.py
[2025-09-03T18:23:44.216+0000] {processor.py:925} INFO - DAG(s) 'ssg_gl_op' retrieved from /opt/airflow/dags/ssg_erp_op.py
[2025-09-03T18:23:44.246+0000] {logging_mixin.py:190} INFO - [2025-09-03T18:23:44.246+0000] {dag.py:3239} INFO - Sync 1 DAGs
[2025-09-03T18:23:44.284+0000] {logging_mixin.py:190} INFO - [2025-09-03T18:23:44.283+0000] {dag.py:4180} INFO - Setting next_dagrun for ssg_gl_op to 2025-08-31 19:00:00+00:00, run_after=2025-09-30 19:00:00+00:00
[2025-09-03T18:23:44.312+0000] {processor.py:208} INFO - Processing /opt/airflow/dags/ssg_erp_op.py took 0.136 seconds
[2025-09-03T18:24:14.580+0000] {processor.py:186} INFO - Started process (PID=6131) to work on /opt/airflow/dags/ssg_erp_op.py
[2025-09-03T18:24:14.581+0000] {processor.py:914} INFO - Processing file /opt/airflow/dags/ssg_erp_op.py for tasks to queue
[2025-09-03T18:24:14.585+0000] {logging_mixin.py:190} INFO - [2025-09-03T18:24:14.584+0000] {dagbag.py:588} INFO - Filling up the DagBag from /opt/airflow/dags/ssg_erp_op.py
[2025-09-03T18:24:14.622+0000] {processor.py:925} INFO - DAG(s) 'ssg_gl_op' retrieved from /opt/airflow/dags/ssg_erp_op.py
[2025-09-03T18:24:14.660+0000] {logging_mixin.py:190} INFO - [2025-09-03T18:24:14.659+0000] {dag.py:3239} INFO - Sync 1 DAGs
[2025-09-03T18:24:14.704+0000] {logging_mixin.py:190} INFO - [2025-09-03T18:24:14.703+0000] {dag.py:4180} INFO - Setting next_dagrun for ssg_gl_op to 2025-08-31 19:00:00+00:00, run_after=2025-09-30 19:00:00+00:00
[2025-09-03T18:24:14.729+0000] {processor.py:208} INFO - Processing /opt/airflow/dags/ssg_erp_op.py took 0.157 seconds
[2025-09-03T18:24:44.931+0000] {processor.py:186} INFO - Started process (PID=6233) to work on /opt/airflow/dags/ssg_erp_op.py
[2025-09-03T18:24:44.932+0000] {processor.py:914} INFO - Processing file /opt/airflow/dags/ssg_erp_op.py for tasks to queue
[2025-09-03T18:24:44.934+0000] {logging_mixin.py:190} INFO - [2025-09-03T18:24:44.934+0000] {dagbag.py:588} INFO - Filling up the DagBag from /opt/airflow/dags/ssg_erp_op.py
[2025-09-03T18:24:44.952+0000] {processor.py:925} INFO - DAG(s) 'ssg_gl_op' retrieved from /opt/airflow/dags/ssg_erp_op.py
[2025-09-03T18:24:44.972+0000] {logging_mixin.py:190} INFO - [2025-09-03T18:24:44.972+0000] {dag.py:3239} INFO - Sync 1 DAGs
[2025-09-03T18:24:45.002+0000] {logging_mixin.py:190} INFO - [2025-09-03T18:24:45.001+0000] {dag.py:4180} INFO - Setting next_dagrun for ssg_gl_op to 2025-08-31 19:00:00+00:00, run_after=2025-09-30 19:00:00+00:00
[2025-09-03T18:24:45.022+0000] {processor.py:208} INFO - Processing /opt/airflow/dags/ssg_erp_op.py took 0.095 seconds
[2025-09-03T18:25:15.400+0000] {processor.py:186} INFO - Started process (PID=6338) to work on /opt/airflow/dags/ssg_erp_op.py
[2025-09-03T18:25:15.401+0000] {processor.py:914} INFO - Processing file /opt/airflow/dags/ssg_erp_op.py for tasks to queue
[2025-09-03T18:25:15.405+0000] {logging_mixin.py:190} INFO - [2025-09-03T18:25:15.404+0000] {dagbag.py:588} INFO - Filling up the DagBag from /opt/airflow/dags/ssg_erp_op.py
[2025-09-03T18:25:15.439+0000] {processor.py:925} INFO - DAG(s) 'ssg_gl_op' retrieved from /opt/airflow/dags/ssg_erp_op.py
[2025-09-03T18:25:15.489+0000] {logging_mixin.py:190} INFO - [2025-09-03T18:25:15.489+0000] {dag.py:3239} INFO - Sync 1 DAGs
[2025-09-03T18:25:15.528+0000] {logging_mixin.py:190} INFO - [2025-09-03T18:25:15.528+0000] {dag.py:4180} INFO - Setting next_dagrun for ssg_gl_op to 2025-08-31 19:00:00+00:00, run_after=2025-09-30 19:00:00+00:00
[2025-09-03T18:25:15.558+0000] {processor.py:208} INFO - Processing /opt/airflow/dags/ssg_erp_op.py took 0.163 seconds
[2025-09-03T18:25:45.661+0000] {processor.py:186} INFO - Started process (PID=6444) to work on /opt/airflow/dags/ssg_erp_op.py
[2025-09-03T18:25:45.662+0000] {processor.py:914} INFO - Processing file /opt/airflow/dags/ssg_erp_op.py for tasks to queue
[2025-09-03T18:25:45.666+0000] {logging_mixin.py:190} INFO - [2025-09-03T18:25:45.665+0000] {dagbag.py:588} INFO - Filling up the DagBag from /opt/airflow/dags/ssg_erp_op.py
[2025-09-03T18:25:45.695+0000] {processor.py:925} INFO - DAG(s) 'ssg_gl_op' retrieved from /opt/airflow/dags/ssg_erp_op.py
[2025-09-03T18:25:45.714+0000] {logging_mixin.py:190} INFO - [2025-09-03T18:25:45.714+0000] {dag.py:3239} INFO - Sync 1 DAGs
[2025-09-03T18:25:45.738+0000] {logging_mixin.py:190} INFO - [2025-09-03T18:25:45.738+0000] {dag.py:4180} INFO - Setting next_dagrun for ssg_gl_op to 2025-08-31 19:00:00+00:00, run_after=2025-09-30 19:00:00+00:00
[2025-09-03T18:25:45.756+0000] {processor.py:208} INFO - Processing /opt/airflow/dags/ssg_erp_op.py took 0.100 seconds
[2025-09-03T18:26:16.446+0000] {processor.py:186} INFO - Started process (PID=6553) to work on /opt/airflow/dags/ssg_erp_op.py
[2025-09-03T18:26:16.447+0000] {processor.py:914} INFO - Processing file /opt/airflow/dags/ssg_erp_op.py for tasks to queue
[2025-09-03T18:26:16.450+0000] {logging_mixin.py:190} INFO - [2025-09-03T18:26:16.450+0000] {dagbag.py:588} INFO - Filling up the DagBag from /opt/airflow/dags/ssg_erp_op.py
[2025-09-03T18:26:16.478+0000] {processor.py:925} INFO - DAG(s) 'ssg_gl_op' retrieved from /opt/airflow/dags/ssg_erp_op.py
[2025-09-03T18:26:16.509+0000] {logging_mixin.py:190} INFO - [2025-09-03T18:26:16.509+0000] {dag.py:3239} INFO - Sync 1 DAGs
[2025-09-03T18:26:16.545+0000] {logging_mixin.py:190} INFO - [2025-09-03T18:26:16.545+0000] {dag.py:4180} INFO - Setting next_dagrun for ssg_gl_op to 2025-08-31 19:00:00+00:00, run_after=2025-09-30 19:00:00+00:00
[2025-09-03T18:26:16.574+0000] {processor.py:208} INFO - Processing /opt/airflow/dags/ssg_erp_op.py took 0.133 seconds
[2025-09-03T18:26:46.690+0000] {processor.py:186} INFO - Started process (PID=6658) to work on /opt/airflow/dags/ssg_erp_op.py
[2025-09-03T18:26:46.691+0000] {processor.py:914} INFO - Processing file /opt/airflow/dags/ssg_erp_op.py for tasks to queue
[2025-09-03T18:26:46.693+0000] {logging_mixin.py:190} INFO - [2025-09-03T18:26:46.693+0000] {dagbag.py:588} INFO - Filling up the DagBag from /opt/airflow/dags/ssg_erp_op.py
[2025-09-03T18:26:46.848+0000] {processor.py:925} INFO - DAG(s) 'ssg_gl_op' retrieved from /opt/airflow/dags/ssg_erp_op.py
[2025-09-03T18:26:46.875+0000] {logging_mixin.py:190} INFO - [2025-09-03T18:26:46.875+0000] {dag.py:3239} INFO - Sync 1 DAGs
[2025-09-03T18:26:46.904+0000] {logging_mixin.py:190} INFO - [2025-09-03T18:26:46.904+0000] {dag.py:4180} INFO - Setting next_dagrun for ssg_gl_op to 2025-08-31 19:00:00+00:00, run_after=2025-09-30 19:00:00+00:00
[2025-09-03T18:26:46.929+0000] {processor.py:208} INFO - Processing /opt/airflow/dags/ssg_erp_op.py took 0.243 seconds
[2025-09-03T18:27:17.961+0000] {processor.py:186} INFO - Started process (PID=6771) to work on /opt/airflow/dags/ssg_erp_op.py
[2025-09-03T18:27:17.962+0000] {processor.py:914} INFO - Processing file /opt/airflow/dags/ssg_erp_op.py for tasks to queue
[2025-09-03T18:27:17.964+0000] {logging_mixin.py:190} INFO - [2025-09-03T18:27:17.963+0000] {dagbag.py:588} INFO - Filling up the DagBag from /opt/airflow/dags/ssg_erp_op.py
[2025-09-03T18:27:17.983+0000] {processor.py:925} INFO - DAG(s) 'ssg_gl_op' retrieved from /opt/airflow/dags/ssg_erp_op.py
[2025-09-03T18:27:18.010+0000] {logging_mixin.py:190} INFO - [2025-09-03T18:27:18.010+0000] {dag.py:3239} INFO - Sync 1 DAGs
[2025-09-03T18:27:18.037+0000] {logging_mixin.py:190} INFO - [2025-09-03T18:27:18.037+0000] {dag.py:4180} INFO - Setting next_dagrun for ssg_gl_op to 2025-08-31 19:00:00+00:00, run_after=2025-09-30 19:00:00+00:00
[2025-09-03T18:27:18.058+0000] {processor.py:208} INFO - Processing /opt/airflow/dags/ssg_erp_op.py took 0.106 seconds
[2025-09-03T18:27:48.580+0000] {processor.py:186} INFO - Started process (PID=6877) to work on /opt/airflow/dags/ssg_erp_op.py
[2025-09-03T18:27:48.581+0000] {processor.py:914} INFO - Processing file /opt/airflow/dags/ssg_erp_op.py for tasks to queue
[2025-09-03T18:27:48.582+0000] {logging_mixin.py:190} INFO - [2025-09-03T18:27:48.582+0000] {dagbag.py:588} INFO - Filling up the DagBag from /opt/airflow/dags/ssg_erp_op.py
[2025-09-03T18:27:48.602+0000] {processor.py:925} INFO - DAG(s) 'ssg_gl_op' retrieved from /opt/airflow/dags/ssg_erp_op.py
[2025-09-03T18:27:48.629+0000] {logging_mixin.py:190} INFO - [2025-09-03T18:27:48.629+0000] {dag.py:3239} INFO - Sync 1 DAGs
[2025-09-03T18:27:48.655+0000] {logging_mixin.py:190} INFO - [2025-09-03T18:27:48.655+0000] {dag.py:4180} INFO - Setting next_dagrun for ssg_gl_op to 2025-08-31 19:00:00+00:00, run_after=2025-09-30 19:00:00+00:00
[2025-09-03T18:27:48.678+0000] {processor.py:208} INFO - Processing /opt/airflow/dags/ssg_erp_op.py took 0.103 seconds
[2025-09-03T18:28:19.276+0000] {processor.py:186} INFO - Started process (PID=6984) to work on /opt/airflow/dags/ssg_erp_op.py
[2025-09-03T18:28:19.277+0000] {processor.py:914} INFO - Processing file /opt/airflow/dags/ssg_erp_op.py for tasks to queue
[2025-09-03T18:28:19.279+0000] {logging_mixin.py:190} INFO - [2025-09-03T18:28:19.279+0000] {dagbag.py:588} INFO - Filling up the DagBag from /opt/airflow/dags/ssg_erp_op.py
[2025-09-03T18:28:19.299+0000] {processor.py:925} INFO - DAG(s) 'ssg_gl_op' retrieved from /opt/airflow/dags/ssg_erp_op.py
[2025-09-03T18:28:19.320+0000] {logging_mixin.py:190} INFO - [2025-09-03T18:28:19.320+0000] {dag.py:3239} INFO - Sync 1 DAGs
[2025-09-03T18:28:19.341+0000] {logging_mixin.py:190} INFO - [2025-09-03T18:28:19.341+0000] {dag.py:4180} INFO - Setting next_dagrun for ssg_gl_op to 2025-08-31 19:00:00+00:00, run_after=2025-09-30 19:00:00+00:00
[2025-09-03T18:28:19.360+0000] {processor.py:208} INFO - Processing /opt/airflow/dags/ssg_erp_op.py took 0.092 seconds
[2025-09-03T18:28:50.022+0000] {processor.py:186} INFO - Started process (PID=7091) to work on /opt/airflow/dags/ssg_erp_op.py
[2025-09-03T18:28:50.023+0000] {processor.py:914} INFO - Processing file /opt/airflow/dags/ssg_erp_op.py for tasks to queue
[2025-09-03T18:28:50.025+0000] {logging_mixin.py:190} INFO - [2025-09-03T18:28:50.024+0000] {dagbag.py:588} INFO - Filling up the DagBag from /opt/airflow/dags/ssg_erp_op.py
[2025-09-03T18:28:50.048+0000] {processor.py:925} INFO - DAG(s) 'ssg_gl_op' retrieved from /opt/airflow/dags/ssg_erp_op.py
[2025-09-03T18:28:50.072+0000] {logging_mixin.py:190} INFO - [2025-09-03T18:28:50.072+0000] {dag.py:3239} INFO - Sync 1 DAGs
[2025-09-03T18:28:50.096+0000] {logging_mixin.py:190} INFO - [2025-09-03T18:28:50.096+0000] {dag.py:4180} INFO - Setting next_dagrun for ssg_gl_op to 2025-08-31 19:00:00+00:00, run_after=2025-09-30 19:00:00+00:00
[2025-09-03T18:28:50.118+0000] {processor.py:208} INFO - Processing /opt/airflow/dags/ssg_erp_op.py took 0.105 seconds
[2025-09-03T18:29:20.690+0000] {processor.py:186} INFO - Started process (PID=7198) to work on /opt/airflow/dags/ssg_erp_op.py
[2025-09-03T18:29:20.691+0000] {processor.py:914} INFO - Processing file /opt/airflow/dags/ssg_erp_op.py for tasks to queue
[2025-09-03T18:29:20.692+0000] {logging_mixin.py:190} INFO - [2025-09-03T18:29:20.692+0000] {dagbag.py:588} INFO - Filling up the DagBag from /opt/airflow/dags/ssg_erp_op.py
[2025-09-03T18:29:20.712+0000] {processor.py:925} INFO - DAG(s) 'ssg_gl_op' retrieved from /opt/airflow/dags/ssg_erp_op.py
[2025-09-03T18:29:20.739+0000] {logging_mixin.py:190} INFO - [2025-09-03T18:29:20.739+0000] {dag.py:3239} INFO - Sync 1 DAGs
[2025-09-03T18:29:20.766+0000] {logging_mixin.py:190} INFO - [2025-09-03T18:29:20.766+0000] {dag.py:4180} INFO - Setting next_dagrun for ssg_gl_op to 2025-08-31 19:00:00+00:00, run_after=2025-09-30 19:00:00+00:00
[2025-09-03T18:29:20.785+0000] {processor.py:208} INFO - Processing /opt/airflow/dags/ssg_erp_op.py took 0.100 seconds
[2025-09-03T18:29:51.341+0000] {processor.py:186} INFO - Started process (PID=7305) to work on /opt/airflow/dags/ssg_erp_op.py
[2025-09-03T18:29:51.342+0000] {processor.py:914} INFO - Processing file /opt/airflow/dags/ssg_erp_op.py for tasks to queue
[2025-09-03T18:29:51.345+0000] {logging_mixin.py:190} INFO - [2025-09-03T18:29:51.345+0000] {dagbag.py:588} INFO - Filling up the DagBag from /opt/airflow/dags/ssg_erp_op.py
[2025-09-03T18:29:51.367+0000] {processor.py:925} INFO - DAG(s) 'ssg_gl_op' retrieved from /opt/airflow/dags/ssg_erp_op.py
[2025-09-03T18:29:51.395+0000] {logging_mixin.py:190} INFO - [2025-09-03T18:29:51.394+0000] {dag.py:3239} INFO - Sync 1 DAGs
[2025-09-03T18:29:51.419+0000] {logging_mixin.py:190} INFO - [2025-09-03T18:29:51.419+0000] {dag.py:4180} INFO - Setting next_dagrun for ssg_gl_op to 2025-08-31 19:00:00+00:00, run_after=2025-09-30 19:00:00+00:00
[2025-09-03T18:29:51.441+0000] {processor.py:208} INFO - Processing /opt/airflow/dags/ssg_erp_op.py took 0.105 seconds
[2025-09-03T18:30:22.013+0000] {processor.py:186} INFO - Started process (PID=7412) to work on /opt/airflow/dags/ssg_erp_op.py
[2025-09-03T18:30:22.014+0000] {processor.py:914} INFO - Processing file /opt/airflow/dags/ssg_erp_op.py for tasks to queue
[2025-09-03T18:30:22.017+0000] {logging_mixin.py:190} INFO - [2025-09-03T18:30:22.017+0000] {dagbag.py:588} INFO - Filling up the DagBag from /opt/airflow/dags/ssg_erp_op.py
[2025-09-03T18:30:22.044+0000] {processor.py:925} INFO - DAG(s) 'ssg_gl_op' retrieved from /opt/airflow/dags/ssg_erp_op.py
[2025-09-03T18:30:22.067+0000] {logging_mixin.py:190} INFO - [2025-09-03T18:30:22.067+0000] {dag.py:3239} INFO - Sync 1 DAGs
[2025-09-03T18:30:22.102+0000] {logging_mixin.py:190} INFO - [2025-09-03T18:30:22.102+0000] {dag.py:4180} INFO - Setting next_dagrun for ssg_gl_op to 2025-08-31 19:00:00+00:00, run_after=2025-09-30 19:00:00+00:00
[2025-09-03T18:30:22.124+0000] {processor.py:208} INFO - Processing /opt/airflow/dags/ssg_erp_op.py took 0.117 seconds
[2025-09-03T18:30:52.919+0000] {processor.py:186} INFO - Started process (PID=7519) to work on /opt/airflow/dags/ssg_erp_op.py
[2025-09-03T18:30:52.920+0000] {processor.py:914} INFO - Processing file /opt/airflow/dags/ssg_erp_op.py for tasks to queue
[2025-09-03T18:30:52.922+0000] {logging_mixin.py:190} INFO - [2025-09-03T18:30:52.922+0000] {dagbag.py:588} INFO - Filling up the DagBag from /opt/airflow/dags/ssg_erp_op.py
[2025-09-03T18:30:52.944+0000] {processor.py:925} INFO - DAG(s) 'ssg_gl_op' retrieved from /opt/airflow/dags/ssg_erp_op.py
[2025-09-03T18:30:52.967+0000] {logging_mixin.py:190} INFO - [2025-09-03T18:30:52.967+0000] {dag.py:3239} INFO - Sync 1 DAGs
[2025-09-03T18:30:52.998+0000] {logging_mixin.py:190} INFO - [2025-09-03T18:30:52.998+0000] {dag.py:4180} INFO - Setting next_dagrun for ssg_gl_op to 2025-08-31 19:00:00+00:00, run_after=2025-09-30 19:00:00+00:00
[2025-09-03T18:30:53.023+0000] {processor.py:208} INFO - Processing /opt/airflow/dags/ssg_erp_op.py took 0.110 seconds
[2025-09-03T18:31:23.746+0000] {processor.py:186} INFO - Started process (PID=7626) to work on /opt/airflow/dags/ssg_erp_op.py
[2025-09-03T18:31:23.748+0000] {processor.py:914} INFO - Processing file /opt/airflow/dags/ssg_erp_op.py for tasks to queue
[2025-09-03T18:31:23.751+0000] {logging_mixin.py:190} INFO - [2025-09-03T18:31:23.751+0000] {dagbag.py:588} INFO - Filling up the DagBag from /opt/airflow/dags/ssg_erp_op.py
[2025-09-03T18:31:23.779+0000] {processor.py:925} INFO - DAG(s) 'ssg_gl_op' retrieved from /opt/airflow/dags/ssg_erp_op.py
[2025-09-03T18:31:23.803+0000] {logging_mixin.py:190} INFO - [2025-09-03T18:31:23.803+0000] {dag.py:3239} INFO - Sync 1 DAGs
[2025-09-03T18:31:23.834+0000] {logging_mixin.py:190} INFO - [2025-09-03T18:31:23.834+0000] {dag.py:4180} INFO - Setting next_dagrun for ssg_gl_op to 2025-08-31 19:00:00+00:00, run_after=2025-09-30 19:00:00+00:00
[2025-09-03T18:31:23.859+0000] {processor.py:208} INFO - Processing /opt/airflow/dags/ssg_erp_op.py took 0.122 seconds
[2025-09-03T18:31:54.581+0000] {processor.py:186} INFO - Started process (PID=7733) to work on /opt/airflow/dags/ssg_erp_op.py
[2025-09-03T18:31:54.582+0000] {processor.py:914} INFO - Processing file /opt/airflow/dags/ssg_erp_op.py for tasks to queue
[2025-09-03T18:31:54.586+0000] {logging_mixin.py:190} INFO - [2025-09-03T18:31:54.585+0000] {dagbag.py:588} INFO - Filling up the DagBag from /opt/airflow/dags/ssg_erp_op.py
[2025-09-03T18:31:54.624+0000] {processor.py:925} INFO - DAG(s) 'ssg_gl_op' retrieved from /opt/airflow/dags/ssg_erp_op.py
[2025-09-03T18:31:54.665+0000] {logging_mixin.py:190} INFO - [2025-09-03T18:31:54.665+0000] {dag.py:3239} INFO - Sync 1 DAGs
[2025-09-03T18:31:54.696+0000] {logging_mixin.py:190} INFO - [2025-09-03T18:31:54.696+0000] {dag.py:4180} INFO - Setting next_dagrun for ssg_gl_op to 2025-08-31 19:00:00+00:00, run_after=2025-09-30 19:00:00+00:00
[2025-09-03T18:31:54.722+0000] {processor.py:208} INFO - Processing /opt/airflow/dags/ssg_erp_op.py took 0.150 seconds
[2025-09-03T18:32:25.586+0000] {processor.py:186} INFO - Started process (PID=7840) to work on /opt/airflow/dags/ssg_erp_op.py
[2025-09-03T18:32:25.588+0000] {processor.py:914} INFO - Processing file /opt/airflow/dags/ssg_erp_op.py for tasks to queue
[2025-09-03T18:32:25.592+0000] {logging_mixin.py:190} INFO - [2025-09-03T18:32:25.591+0000] {dagbag.py:588} INFO - Filling up the DagBag from /opt/airflow/dags/ssg_erp_op.py
[2025-09-03T18:32:25.626+0000] {processor.py:925} INFO - DAG(s) 'ssg_gl_op' retrieved from /opt/airflow/dags/ssg_erp_op.py
[2025-09-03T18:32:25.663+0000] {logging_mixin.py:190} INFO - [2025-09-03T18:32:25.662+0000] {dag.py:3239} INFO - Sync 1 DAGs
[2025-09-03T18:32:25.701+0000] {logging_mixin.py:190} INFO - [2025-09-03T18:32:25.701+0000] {dag.py:4180} INFO - Setting next_dagrun for ssg_gl_op to 2025-08-31 19:00:00+00:00, run_after=2025-09-30 19:00:00+00:00
[2025-09-03T18:32:25.743+0000] {processor.py:208} INFO - Processing /opt/airflow/dags/ssg_erp_op.py took 0.165 seconds
[2025-09-03T18:32:56.386+0000] {processor.py:186} INFO - Started process (PID=7949) to work on /opt/airflow/dags/ssg_erp_op.py
[2025-09-03T18:32:56.387+0000] {processor.py:914} INFO - Processing file /opt/airflow/dags/ssg_erp_op.py for tasks to queue
[2025-09-03T18:32:56.391+0000] {logging_mixin.py:190} INFO - [2025-09-03T18:32:56.390+0000] {dagbag.py:588} INFO - Filling up the DagBag from /opt/airflow/dags/ssg_erp_op.py
[2025-09-03T18:32:56.418+0000] {processor.py:925} INFO - DAG(s) 'ssg_gl_op' retrieved from /opt/airflow/dags/ssg_erp_op.py
[2025-09-03T18:32:56.444+0000] {logging_mixin.py:190} INFO - [2025-09-03T18:32:56.444+0000] {dag.py:3239} INFO - Sync 1 DAGs
[2025-09-03T18:32:56.464+0000] {logging_mixin.py:190} INFO - [2025-09-03T18:32:56.464+0000] {dag.py:4180} INFO - Setting next_dagrun for ssg_gl_op to 2025-08-31 19:00:00+00:00, run_after=2025-09-30 19:00:00+00:00
[2025-09-03T18:32:56.482+0000] {processor.py:208} INFO - Processing /opt/airflow/dags/ssg_erp_op.py took 0.101 seconds
[2025-09-03T18:33:27.262+0000] {processor.py:186} INFO - Started process (PID=8054) to work on /opt/airflow/dags/ssg_erp_op.py
[2025-09-03T18:33:27.263+0000] {processor.py:914} INFO - Processing file /opt/airflow/dags/ssg_erp_op.py for tasks to queue
[2025-09-03T18:33:27.266+0000] {logging_mixin.py:190} INFO - [2025-09-03T18:33:27.266+0000] {dagbag.py:588} INFO - Filling up the DagBag from /opt/airflow/dags/ssg_erp_op.py
[2025-09-03T18:33:27.294+0000] {processor.py:925} INFO - DAG(s) 'ssg_gl_op' retrieved from /opt/airflow/dags/ssg_erp_op.py
[2025-09-03T18:33:27.320+0000] {logging_mixin.py:190} INFO - [2025-09-03T18:33:27.320+0000] {dag.py:3239} INFO - Sync 1 DAGs
[2025-09-03T18:33:27.347+0000] {logging_mixin.py:190} INFO - [2025-09-03T18:33:27.347+0000] {dag.py:4180} INFO - Setting next_dagrun for ssg_gl_op to 2025-08-31 19:00:00+00:00, run_after=2025-09-30 19:00:00+00:00
[2025-09-03T18:33:27.370+0000] {processor.py:208} INFO - Processing /opt/airflow/dags/ssg_erp_op.py took 0.115 seconds
[2025-09-03T18:33:58.182+0000] {processor.py:186} INFO - Started process (PID=8167) to work on /opt/airflow/dags/ssg_erp_op.py
[2025-09-03T18:33:58.183+0000] {processor.py:914} INFO - Processing file /opt/airflow/dags/ssg_erp_op.py for tasks to queue
[2025-09-03T18:33:58.185+0000] {logging_mixin.py:190} INFO - [2025-09-03T18:33:58.185+0000] {dagbag.py:588} INFO - Filling up the DagBag from /opt/airflow/dags/ssg_erp_op.py
[2025-09-03T18:33:58.208+0000] {processor.py:925} INFO - DAG(s) 'ssg_gl_op' retrieved from /opt/airflow/dags/ssg_erp_op.py
[2025-09-03T18:33:58.235+0000] {logging_mixin.py:190} INFO - [2025-09-03T18:33:58.235+0000] {dag.py:3239} INFO - Sync 1 DAGs
[2025-09-03T18:33:58.269+0000] {logging_mixin.py:190} INFO - [2025-09-03T18:33:58.269+0000] {dag.py:4180} INFO - Setting next_dagrun for ssg_gl_op to 2025-08-31 19:00:00+00:00, run_after=2025-09-30 19:00:00+00:00
[2025-09-03T18:33:58.295+0000] {processor.py:208} INFO - Processing /opt/airflow/dags/ssg_erp_op.py took 0.118 seconds
[2025-09-03T18:34:29.034+0000] {processor.py:186} INFO - Started process (PID=8273) to work on /opt/airflow/dags/ssg_erp_op.py
[2025-09-03T18:34:29.036+0000] {processor.py:914} INFO - Processing file /opt/airflow/dags/ssg_erp_op.py for tasks to queue
[2025-09-03T18:34:29.039+0000] {logging_mixin.py:190} INFO - [2025-09-03T18:34:29.039+0000] {dagbag.py:588} INFO - Filling up the DagBag from /opt/airflow/dags/ssg_erp_op.py
[2025-09-03T18:34:29.063+0000] {processor.py:925} INFO - DAG(s) 'ssg_gl_op' retrieved from /opt/airflow/dags/ssg_erp_op.py
[2025-09-03T18:34:29.091+0000] {logging_mixin.py:190} INFO - [2025-09-03T18:34:29.091+0000] {dag.py:3239} INFO - Sync 1 DAGs
[2025-09-03T18:34:29.130+0000] {logging_mixin.py:190} INFO - [2025-09-03T18:34:29.130+0000] {dag.py:4180} INFO - Setting next_dagrun for ssg_gl_op to 2025-08-31 19:00:00+00:00, run_after=2025-09-30 19:00:00+00:00
[2025-09-03T18:34:29.160+0000] {processor.py:208} INFO - Processing /opt/airflow/dags/ssg_erp_op.py took 0.133 seconds
[2025-09-03T18:34:59.930+0000] {processor.py:186} INFO - Started process (PID=8380) to work on /opt/airflow/dags/ssg_erp_op.py
[2025-09-03T18:34:59.931+0000] {processor.py:914} INFO - Processing file /opt/airflow/dags/ssg_erp_op.py for tasks to queue
[2025-09-03T18:34:59.933+0000] {logging_mixin.py:190} INFO - [2025-09-03T18:34:59.933+0000] {dagbag.py:588} INFO - Filling up the DagBag from /opt/airflow/dags/ssg_erp_op.py
[2025-09-03T18:34:59.955+0000] {processor.py:925} INFO - DAG(s) 'ssg_gl_op' retrieved from /opt/airflow/dags/ssg_erp_op.py
[2025-09-03T18:34:59.982+0000] {logging_mixin.py:190} INFO - [2025-09-03T18:34:59.982+0000] {dag.py:3239} INFO - Sync 1 DAGs
[2025-09-03T18:35:00.008+0000] {logging_mixin.py:190} INFO - [2025-09-03T18:35:00.008+0000] {dag.py:4180} INFO - Setting next_dagrun for ssg_gl_op to 2025-08-31 19:00:00+00:00, run_after=2025-09-30 19:00:00+00:00
[2025-09-03T18:35:00.034+0000] {processor.py:208} INFO - Processing /opt/airflow/dags/ssg_erp_op.py took 0.112 seconds
[2025-09-03T18:35:30.730+0000] {processor.py:186} INFO - Started process (PID=8487) to work on /opt/airflow/dags/ssg_erp_op.py
[2025-09-03T18:35:30.731+0000] {processor.py:914} INFO - Processing file /opt/airflow/dags/ssg_erp_op.py for tasks to queue
[2025-09-03T18:35:30.733+0000] {logging_mixin.py:190} INFO - [2025-09-03T18:35:30.733+0000] {dagbag.py:588} INFO - Filling up the DagBag from /opt/airflow/dags/ssg_erp_op.py
[2025-09-03T18:35:30.758+0000] {processor.py:925} INFO - DAG(s) 'ssg_gl_op' retrieved from /opt/airflow/dags/ssg_erp_op.py
[2025-09-03T18:35:30.781+0000] {logging_mixin.py:190} INFO - [2025-09-03T18:35:30.780+0000] {dag.py:3239} INFO - Sync 1 DAGs
[2025-09-03T18:35:30.806+0000] {logging_mixin.py:190} INFO - [2025-09-03T18:35:30.806+0000] {dag.py:4180} INFO - Setting next_dagrun for ssg_gl_op to 2025-08-31 19:00:00+00:00, run_after=2025-09-30 19:00:00+00:00
[2025-09-03T18:35:30.827+0000] {processor.py:208} INFO - Processing /opt/airflow/dags/ssg_erp_op.py took 0.102 seconds
[2025-09-03T18:36:01.685+0000] {processor.py:186} INFO - Started process (PID=8593) to work on /opt/airflow/dags/ssg_erp_op.py
[2025-09-03T18:36:01.686+0000] {processor.py:914} INFO - Processing file /opt/airflow/dags/ssg_erp_op.py for tasks to queue
[2025-09-03T18:36:01.690+0000] {logging_mixin.py:190} INFO - [2025-09-03T18:36:01.689+0000] {dagbag.py:588} INFO - Filling up the DagBag from /opt/airflow/dags/ssg_erp_op.py
[2025-09-03T18:36:01.725+0000] {processor.py:925} INFO - DAG(s) 'ssg_gl_op' retrieved from /opt/airflow/dags/ssg_erp_op.py
[2025-09-03T18:36:01.762+0000] {logging_mixin.py:190} INFO - [2025-09-03T18:36:01.761+0000] {dag.py:3239} INFO - Sync 1 DAGs
[2025-09-03T18:36:01.800+0000] {logging_mixin.py:190} INFO - [2025-09-03T18:36:01.800+0000] {dag.py:4180} INFO - Setting next_dagrun for ssg_gl_op to 2025-08-31 19:00:00+00:00, run_after=2025-09-30 19:00:00+00:00
[2025-09-03T18:36:01.831+0000] {processor.py:208} INFO - Processing /opt/airflow/dags/ssg_erp_op.py took 0.154 seconds
[2025-09-03T18:36:32.694+0000] {processor.py:186} INFO - Started process (PID=8700) to work on /opt/airflow/dags/ssg_erp_op.py
[2025-09-03T18:36:32.696+0000] {processor.py:914} INFO - Processing file /opt/airflow/dags/ssg_erp_op.py for tasks to queue
[2025-09-03T18:36:32.698+0000] {logging_mixin.py:190} INFO - [2025-09-03T18:36:32.698+0000] {dagbag.py:588} INFO - Filling up the DagBag from /opt/airflow/dags/ssg_erp_op.py
[2025-09-03T18:36:32.742+0000] {processor.py:925} INFO - DAG(s) 'ssg_gl_op' retrieved from /opt/airflow/dags/ssg_erp_op.py
[2025-09-03T18:36:32.788+0000] {logging_mixin.py:190} INFO - [2025-09-03T18:36:32.787+0000] {dag.py:3239} INFO - Sync 1 DAGs
[2025-09-03T18:36:32.821+0000] {logging_mixin.py:190} INFO - [2025-09-03T18:36:32.821+0000] {dag.py:4180} INFO - Setting next_dagrun for ssg_gl_op to 2025-08-31 19:00:00+00:00, run_after=2025-09-30 19:00:00+00:00
[2025-09-03T18:36:32.836+0000] {processor.py:208} INFO - Processing /opt/airflow/dags/ssg_erp_op.py took 0.151 seconds
[2025-09-03T18:37:03.779+0000] {processor.py:186} INFO - Started process (PID=8807) to work on /opt/airflow/dags/ssg_erp_op.py
[2025-09-03T18:37:03.780+0000] {processor.py:914} INFO - Processing file /opt/airflow/dags/ssg_erp_op.py for tasks to queue
[2025-09-03T18:37:03.782+0000] {logging_mixin.py:190} INFO - [2025-09-03T18:37:03.781+0000] {dagbag.py:588} INFO - Filling up the DagBag from /opt/airflow/dags/ssg_erp_op.py
[2025-09-03T18:37:03.811+0000] {processor.py:925} INFO - DAG(s) 'ssg_gl_op' retrieved from /opt/airflow/dags/ssg_erp_op.py
[2025-09-03T18:37:03.841+0000] {logging_mixin.py:190} INFO - [2025-09-03T18:37:03.841+0000] {dag.py:3239} INFO - Sync 1 DAGs
[2025-09-03T18:37:03.869+0000] {logging_mixin.py:190} INFO - [2025-09-03T18:37:03.869+0000] {dag.py:4180} INFO - Setting next_dagrun for ssg_gl_op to 2025-08-31 19:00:00+00:00, run_after=2025-09-30 19:00:00+00:00
[2025-09-03T18:37:03.888+0000] {processor.py:208} INFO - Processing /opt/airflow/dags/ssg_erp_op.py took 0.115 seconds
[2025-09-03T18:37:34.869+0000] {processor.py:186} INFO - Started process (PID=8914) to work on /opt/airflow/dags/ssg_erp_op.py
[2025-09-03T18:37:34.870+0000] {processor.py:914} INFO - Processing file /opt/airflow/dags/ssg_erp_op.py for tasks to queue
[2025-09-03T18:37:34.873+0000] {logging_mixin.py:190} INFO - [2025-09-03T18:37:34.873+0000] {dagbag.py:588} INFO - Filling up the DagBag from /opt/airflow/dags/ssg_erp_op.py
[2025-09-03T18:37:34.896+0000] {processor.py:925} INFO - DAG(s) 'ssg_gl_op' retrieved from /opt/airflow/dags/ssg_erp_op.py
[2025-09-03T18:37:34.920+0000] {logging_mixin.py:190} INFO - [2025-09-03T18:37:34.920+0000] {dag.py:3239} INFO - Sync 1 DAGs
[2025-09-03T18:37:34.952+0000] {logging_mixin.py:190} INFO - [2025-09-03T18:37:34.952+0000] {dag.py:4180} INFO - Setting next_dagrun for ssg_gl_op to 2025-08-31 19:00:00+00:00, run_after=2025-09-30 19:00:00+00:00
[2025-09-03T18:37:34.976+0000] {processor.py:208} INFO - Processing /opt/airflow/dags/ssg_erp_op.py took 0.113 seconds
[2025-09-03T18:38:05.899+0000] {processor.py:186} INFO - Started process (PID=9021) to work on /opt/airflow/dags/ssg_erp_op.py
[2025-09-03T18:38:05.900+0000] {processor.py:914} INFO - Processing file /opt/airflow/dags/ssg_erp_op.py for tasks to queue
[2025-09-03T18:38:05.903+0000] {logging_mixin.py:190} INFO - [2025-09-03T18:38:05.902+0000] {dagbag.py:588} INFO - Filling up the DagBag from /opt/airflow/dags/ssg_erp_op.py
[2025-09-03T18:38:05.924+0000] {processor.py:925} INFO - DAG(s) 'ssg_gl_op' retrieved from /opt/airflow/dags/ssg_erp_op.py
[2025-09-03T18:38:05.956+0000] {logging_mixin.py:190} INFO - [2025-09-03T18:38:05.955+0000] {dag.py:3239} INFO - Sync 1 DAGs
[2025-09-03T18:38:05.989+0000] {logging_mixin.py:190} INFO - [2025-09-03T18:38:05.988+0000] {dag.py:4180} INFO - Setting next_dagrun for ssg_gl_op to 2025-08-31 19:00:00+00:00, run_after=2025-09-30 19:00:00+00:00
[2025-09-03T18:38:06.018+0000] {processor.py:208} INFO - Processing /opt/airflow/dags/ssg_erp_op.py took 0.126 seconds
[2025-09-03T18:38:36.926+0000] {processor.py:186} INFO - Started process (PID=9128) to work on /opt/airflow/dags/ssg_erp_op.py
[2025-09-03T18:38:36.927+0000] {processor.py:914} INFO - Processing file /opt/airflow/dags/ssg_erp_op.py for tasks to queue
[2025-09-03T18:38:36.930+0000] {logging_mixin.py:190} INFO - [2025-09-03T18:38:36.930+0000] {dagbag.py:588} INFO - Filling up the DagBag from /opt/airflow/dags/ssg_erp_op.py
[2025-09-03T18:38:36.957+0000] {processor.py:925} INFO - DAG(s) 'ssg_gl_op' retrieved from /opt/airflow/dags/ssg_erp_op.py
[2025-09-03T18:38:36.991+0000] {logging_mixin.py:190} INFO - [2025-09-03T18:38:36.991+0000] {dag.py:3239} INFO - Sync 1 DAGs
[2025-09-03T18:38:37.024+0000] {logging_mixin.py:190} INFO - [2025-09-03T18:38:37.024+0000] {dag.py:4180} INFO - Setting next_dagrun for ssg_gl_op to 2025-08-31 19:00:00+00:00, run_after=2025-09-30 19:00:00+00:00
[2025-09-03T18:38:37.052+0000] {processor.py:208} INFO - Processing /opt/airflow/dags/ssg_erp_op.py took 0.135 seconds
[2025-09-03T18:39:07.550+0000] {processor.py:186} INFO - Started process (PID=9237) to work on /opt/airflow/dags/ssg_erp_op.py
[2025-09-03T18:39:07.551+0000] {processor.py:914} INFO - Processing file /opt/airflow/dags/ssg_erp_op.py for tasks to queue
[2025-09-03T18:39:07.554+0000] {logging_mixin.py:190} INFO - [2025-09-03T18:39:07.554+0000] {dagbag.py:588} INFO - Filling up the DagBag from /opt/airflow/dags/ssg_erp_op.py
[2025-09-03T18:39:07.596+0000] {processor.py:925} INFO - DAG(s) 'ssg_gl_op' retrieved from /opt/airflow/dags/ssg_erp_op.py
[2025-09-03T18:39:07.616+0000] {logging_mixin.py:190} INFO - [2025-09-03T18:39:07.616+0000] {dag.py:3239} INFO - Sync 1 DAGs
[2025-09-03T18:39:07.634+0000] {logging_mixin.py:190} INFO - [2025-09-03T18:39:07.634+0000] {dag.py:4180} INFO - Setting next_dagrun for ssg_gl_op to 2025-08-31 19:00:00+00:00, run_after=2025-09-30 19:00:00+00:00
[2025-09-03T18:39:07.650+0000] {processor.py:208} INFO - Processing /opt/airflow/dags/ssg_erp_op.py took 0.108 seconds
[2025-09-03T18:39:37.898+0000] {processor.py:186} INFO - Started process (PID=9342) to work on /opt/airflow/dags/ssg_erp_op.py
[2025-09-03T18:39:37.900+0000] {processor.py:914} INFO - Processing file /opt/airflow/dags/ssg_erp_op.py for tasks to queue
[2025-09-03T18:39:37.903+0000] {logging_mixin.py:190} INFO - [2025-09-03T18:39:37.903+0000] {dagbag.py:588} INFO - Filling up the DagBag from /opt/airflow/dags/ssg_erp_op.py
[2025-09-03T18:39:37.933+0000] {processor.py:925} INFO - DAG(s) 'ssg_gl_op' retrieved from /opt/airflow/dags/ssg_erp_op.py
[2025-09-03T18:39:37.965+0000] {logging_mixin.py:190} INFO - [2025-09-03T18:39:37.965+0000] {dag.py:3239} INFO - Sync 1 DAGs
[2025-09-03T18:39:37.992+0000] {logging_mixin.py:190} INFO - [2025-09-03T18:39:37.992+0000] {dag.py:4180} INFO - Setting next_dagrun for ssg_gl_op to 2025-08-31 19:00:00+00:00, run_after=2025-09-30 19:00:00+00:00
[2025-09-03T18:39:38.015+0000] {processor.py:208} INFO - Processing /opt/airflow/dags/ssg_erp_op.py took 0.125 seconds
[2025-09-03T18:40:08.779+0000] {processor.py:186} INFO - Started process (PID=9449) to work on /opt/airflow/dags/ssg_erp_op.py
[2025-09-03T18:40:08.780+0000] {processor.py:914} INFO - Processing file /opt/airflow/dags/ssg_erp_op.py for tasks to queue
[2025-09-03T18:40:08.783+0000] {logging_mixin.py:190} INFO - [2025-09-03T18:40:08.783+0000] {dagbag.py:588} INFO - Filling up the DagBag from /opt/airflow/dags/ssg_erp_op.py
[2025-09-03T18:40:08.808+0000] {processor.py:925} INFO - DAG(s) 'ssg_gl_op' retrieved from /opt/airflow/dags/ssg_erp_op.py
[2025-09-03T18:40:08.835+0000] {logging_mixin.py:190} INFO - [2025-09-03T18:40:08.835+0000] {dag.py:3239} INFO - Sync 1 DAGs
[2025-09-03T18:40:08.862+0000] {logging_mixin.py:190} INFO - [2025-09-03T18:40:08.862+0000] {dag.py:4180} INFO - Setting next_dagrun for ssg_gl_op to 2025-08-31 19:00:00+00:00, run_after=2025-09-30 19:00:00+00:00
[2025-09-03T18:40:08.886+0000] {processor.py:208} INFO - Processing /opt/airflow/dags/ssg_erp_op.py took 0.112 seconds
[2025-09-03T18:40:39.409+0000] {processor.py:186} INFO - Started process (PID=9556) to work on /opt/airflow/dags/ssg_erp_op.py
[2025-09-03T18:40:39.410+0000] {processor.py:914} INFO - Processing file /opt/airflow/dags/ssg_erp_op.py for tasks to queue
[2025-09-03T18:40:39.412+0000] {logging_mixin.py:190} INFO - [2025-09-03T18:40:39.411+0000] {dagbag.py:588} INFO - Filling up the DagBag from /opt/airflow/dags/ssg_erp_op.py
[2025-09-03T18:40:39.431+0000] {processor.py:925} INFO - DAG(s) 'ssg_gl_op' retrieved from /opt/airflow/dags/ssg_erp_op.py
[2025-09-03T18:40:39.454+0000] {logging_mixin.py:190} INFO - [2025-09-03T18:40:39.454+0000] {dag.py:3239} INFO - Sync 1 DAGs
[2025-09-03T18:40:39.485+0000] {logging_mixin.py:190} INFO - [2025-09-03T18:40:39.485+0000] {dag.py:4180} INFO - Setting next_dagrun for ssg_gl_op to 2025-08-31 19:00:00+00:00, run_after=2025-09-30 19:00:00+00:00
[2025-09-03T18:40:39.506+0000] {processor.py:208} INFO - Processing /opt/airflow/dags/ssg_erp_op.py took 0.101 seconds
[2025-09-03T18:41:10.112+0000] {processor.py:186} INFO - Started process (PID=9662) to work on /opt/airflow/dags/ssg_erp_op.py
[2025-09-03T18:41:10.113+0000] {processor.py:914} INFO - Processing file /opt/airflow/dags/ssg_erp_op.py for tasks to queue
[2025-09-03T18:41:10.116+0000] {logging_mixin.py:190} INFO - [2025-09-03T18:41:10.115+0000] {dagbag.py:588} INFO - Filling up the DagBag from /opt/airflow/dags/ssg_erp_op.py
[2025-09-03T18:41:10.137+0000] {processor.py:925} INFO - DAG(s) 'ssg_gl_op' retrieved from /opt/airflow/dags/ssg_erp_op.py
[2025-09-03T18:41:10.167+0000] {logging_mixin.py:190} INFO - [2025-09-03T18:41:10.167+0000] {dag.py:3239} INFO - Sync 1 DAGs
[2025-09-03T18:41:10.192+0000] {logging_mixin.py:190} INFO - [2025-09-03T18:41:10.192+0000] {dag.py:4180} INFO - Setting next_dagrun for ssg_gl_op to 2025-08-31 19:00:00+00:00, run_after=2025-09-30 19:00:00+00:00
[2025-09-03T18:41:10.217+0000] {processor.py:208} INFO - Processing /opt/airflow/dags/ssg_erp_op.py took 0.110 seconds
[2025-09-03T18:41:40.836+0000] {processor.py:186} INFO - Started process (PID=9769) to work on /opt/airflow/dags/ssg_erp_op.py
[2025-09-03T18:41:40.837+0000] {processor.py:914} INFO - Processing file /opt/airflow/dags/ssg_erp_op.py for tasks to queue
[2025-09-03T18:41:40.841+0000] {logging_mixin.py:190} INFO - [2025-09-03T18:41:40.840+0000] {dagbag.py:588} INFO - Filling up the DagBag from /opt/airflow/dags/ssg_erp_op.py
[2025-09-03T18:41:40.867+0000] {processor.py:925} INFO - DAG(s) 'ssg_gl_op' retrieved from /opt/airflow/dags/ssg_erp_op.py
[2025-09-03T18:41:40.887+0000] {logging_mixin.py:190} INFO - [2025-09-03T18:41:40.887+0000] {dag.py:3239} INFO - Sync 1 DAGs
[2025-09-03T18:41:40.909+0000] {logging_mixin.py:190} INFO - [2025-09-03T18:41:40.909+0000] {dag.py:4180} INFO - Setting next_dagrun for ssg_gl_op to 2025-08-31 19:00:00+00:00, run_after=2025-09-30 19:00:00+00:00
[2025-09-03T18:41:40.932+0000] {processor.py:208} INFO - Processing /opt/airflow/dags/ssg_erp_op.py took 0.100 seconds
[2025-09-03T18:42:11.580+0000] {processor.py:186} INFO - Started process (PID=9876) to work on /opt/airflow/dags/ssg_erp_op.py
[2025-09-03T18:42:11.581+0000] {processor.py:914} INFO - Processing file /opt/airflow/dags/ssg_erp_op.py for tasks to queue
[2025-09-03T18:42:11.584+0000] {logging_mixin.py:190} INFO - [2025-09-03T18:42:11.583+0000] {dagbag.py:588} INFO - Filling up the DagBag from /opt/airflow/dags/ssg_erp_op.py
[2025-09-03T18:42:11.605+0000] {processor.py:925} INFO - DAG(s) 'ssg_gl_op' retrieved from /opt/airflow/dags/ssg_erp_op.py
[2025-09-03T18:42:11.629+0000] {logging_mixin.py:190} INFO - [2025-09-03T18:42:11.628+0000] {dag.py:3239} INFO - Sync 1 DAGs
[2025-09-03T18:42:11.653+0000] {logging_mixin.py:190} INFO - [2025-09-03T18:42:11.653+0000] {dag.py:4180} INFO - Setting next_dagrun for ssg_gl_op to 2025-08-31 19:00:00+00:00, run_after=2025-09-30 19:00:00+00:00
[2025-09-03T18:42:11.673+0000] {processor.py:208} INFO - Processing /opt/airflow/dags/ssg_erp_op.py took 0.100 seconds
[2025-09-03T18:42:42.264+0000] {processor.py:186} INFO - Started process (PID=9983) to work on /opt/airflow/dags/ssg_erp_op.py
[2025-09-03T18:42:42.265+0000] {processor.py:914} INFO - Processing file /opt/airflow/dags/ssg_erp_op.py for tasks to queue
[2025-09-03T18:42:42.268+0000] {logging_mixin.py:190} INFO - [2025-09-03T18:42:42.267+0000] {dagbag.py:588} INFO - Filling up the DagBag from /opt/airflow/dags/ssg_erp_op.py
[2025-09-03T18:42:42.290+0000] {processor.py:925} INFO - DAG(s) 'ssg_gl_op' retrieved from /opt/airflow/dags/ssg_erp_op.py
[2025-09-03T18:42:42.315+0000] {logging_mixin.py:190} INFO - [2025-09-03T18:42:42.314+0000] {dag.py:3239} INFO - Sync 1 DAGs
[2025-09-03T18:42:42.341+0000] {logging_mixin.py:190} INFO - [2025-09-03T18:42:42.341+0000] {dag.py:4180} INFO - Setting next_dagrun for ssg_gl_op to 2025-08-31 19:00:00+00:00, run_after=2025-09-30 19:00:00+00:00
[2025-09-03T18:42:42.369+0000] {processor.py:208} INFO - Processing /opt/airflow/dags/ssg_erp_op.py took 0.112 seconds
[2025-09-03T18:43:13.144+0000] {processor.py:186} INFO - Started process (PID=10090) to work on /opt/airflow/dags/ssg_erp_op.py
[2025-09-03T18:43:13.146+0000] {processor.py:914} INFO - Processing file /opt/airflow/dags/ssg_erp_op.py for tasks to queue
[2025-09-03T18:43:13.149+0000] {logging_mixin.py:190} INFO - [2025-09-03T18:43:13.149+0000] {dagbag.py:588} INFO - Filling up the DagBag from /opt/airflow/dags/ssg_erp_op.py
[2025-09-03T18:43:13.175+0000] {processor.py:925} INFO - DAG(s) 'ssg_gl_op' retrieved from /opt/airflow/dags/ssg_erp_op.py
[2025-09-03T18:43:13.202+0000] {logging_mixin.py:190} INFO - [2025-09-03T18:43:13.202+0000] {dag.py:3239} INFO - Sync 1 DAGs
[2025-09-03T18:43:13.235+0000] {logging_mixin.py:190} INFO - [2025-09-03T18:43:13.235+0000] {dag.py:4180} INFO - Setting next_dagrun for ssg_gl_op to 2025-08-31 19:00:00+00:00, run_after=2025-09-30 19:00:00+00:00
[2025-09-03T18:43:13.263+0000] {processor.py:208} INFO - Processing /opt/airflow/dags/ssg_erp_op.py took 0.123 seconds
[2025-09-03T18:43:43.801+0000] {processor.py:186} INFO - Started process (PID=10197) to work on /opt/airflow/dags/ssg_erp_op.py
[2025-09-03T18:43:43.803+0000] {processor.py:914} INFO - Processing file /opt/airflow/dags/ssg_erp_op.py for tasks to queue
[2025-09-03T18:43:43.806+0000] {logging_mixin.py:190} INFO - [2025-09-03T18:43:43.805+0000] {dagbag.py:588} INFO - Filling up the DagBag from /opt/airflow/dags/ssg_erp_op.py
[2025-09-03T18:43:43.826+0000] {processor.py:925} INFO - DAG(s) 'ssg_gl_op' retrieved from /opt/airflow/dags/ssg_erp_op.py
[2025-09-03T18:43:43.851+0000] {logging_mixin.py:190} INFO - [2025-09-03T18:43:43.851+0000] {dag.py:3239} INFO - Sync 1 DAGs
[2025-09-03T18:43:43.876+0000] {logging_mixin.py:190} INFO - [2025-09-03T18:43:43.876+0000] {dag.py:4180} INFO - Setting next_dagrun for ssg_gl_op to 2025-08-31 19:00:00+00:00, run_after=2025-09-30 19:00:00+00:00
[2025-09-03T18:43:43.900+0000] {processor.py:208} INFO - Processing /opt/airflow/dags/ssg_erp_op.py took 0.103 seconds
[2025-09-03T18:44:14.561+0000] {processor.py:186} INFO - Started process (PID=10304) to work on /opt/airflow/dags/ssg_erp_op.py
[2025-09-03T18:44:14.562+0000] {processor.py:914} INFO - Processing file /opt/airflow/dags/ssg_erp_op.py for tasks to queue
[2025-09-03T18:44:14.565+0000] {logging_mixin.py:190} INFO - [2025-09-03T18:44:14.564+0000] {dagbag.py:588} INFO - Filling up the DagBag from /opt/airflow/dags/ssg_erp_op.py
[2025-09-03T18:44:14.587+0000] {processor.py:925} INFO - DAG(s) 'ssg_gl_op' retrieved from /opt/airflow/dags/ssg_erp_op.py
[2025-09-03T18:44:14.611+0000] {logging_mixin.py:190} INFO - [2025-09-03T18:44:14.611+0000] {dag.py:3239} INFO - Sync 1 DAGs
[2025-09-03T18:44:14.637+0000] {logging_mixin.py:190} INFO - [2025-09-03T18:44:14.637+0000] {dag.py:4180} INFO - Setting next_dagrun for ssg_gl_op to 2025-08-31 19:00:00+00:00, run_after=2025-09-30 19:00:00+00:00
[2025-09-03T18:44:14.661+0000] {processor.py:208} INFO - Processing /opt/airflow/dags/ssg_erp_op.py took 0.108 seconds
[2025-09-03T18:44:45.289+0000] {processor.py:186} INFO - Started process (PID=10410) to work on /opt/airflow/dags/ssg_erp_op.py
[2025-09-03T18:44:45.291+0000] {processor.py:914} INFO - Processing file /opt/airflow/dags/ssg_erp_op.py for tasks to queue
[2025-09-03T18:44:45.293+0000] {logging_mixin.py:190} INFO - [2025-09-03T18:44:45.292+0000] {dagbag.py:588} INFO - Filling up the DagBag from /opt/airflow/dags/ssg_erp_op.py
[2025-09-03T18:44:45.314+0000] {processor.py:925} INFO - DAG(s) 'ssg_gl_op' retrieved from /opt/airflow/dags/ssg_erp_op.py
[2025-09-03T18:44:45.347+0000] {logging_mixin.py:190} INFO - [2025-09-03T18:44:45.347+0000] {dag.py:3239} INFO - Sync 1 DAGs
[2025-09-03T18:44:45.387+0000] {logging_mixin.py:190} INFO - [2025-09-03T18:44:45.386+0000] {dag.py:4180} INFO - Setting next_dagrun for ssg_gl_op to 2025-08-31 19:00:00+00:00, run_after=2025-09-30 19:00:00+00:00
[2025-09-03T18:44:45.412+0000] {processor.py:208} INFO - Processing /opt/airflow/dags/ssg_erp_op.py took 0.130 seconds
[2025-09-03T18:45:16.041+0000] {processor.py:186} INFO - Started process (PID=10517) to work on /opt/airflow/dags/ssg_erp_op.py
[2025-09-03T18:45:16.042+0000] {processor.py:914} INFO - Processing file /opt/airflow/dags/ssg_erp_op.py for tasks to queue
[2025-09-03T18:45:16.046+0000] {logging_mixin.py:190} INFO - [2025-09-03T18:45:16.046+0000] {dagbag.py:588} INFO - Filling up the DagBag from /opt/airflow/dags/ssg_erp_op.py
[2025-09-03T18:45:16.077+0000] {processor.py:925} INFO - DAG(s) 'ssg_gl_op' retrieved from /opt/airflow/dags/ssg_erp_op.py
[2025-09-03T18:45:16.119+0000] {logging_mixin.py:190} INFO - [2025-09-03T18:45:16.118+0000] {dag.py:3239} INFO - Sync 1 DAGs
[2025-09-03T18:45:16.163+0000] {logging_mixin.py:190} INFO - [2025-09-03T18:45:16.162+0000] {dag.py:4180} INFO - Setting next_dagrun for ssg_gl_op to 2025-08-31 19:00:00+00:00, run_after=2025-09-30 19:00:00+00:00
[2025-09-03T18:45:16.197+0000] {processor.py:208} INFO - Processing /opt/airflow/dags/ssg_erp_op.py took 0.164 seconds
[2025-09-03T18:45:46.906+0000] {processor.py:186} INFO - Started process (PID=10624) to work on /opt/airflow/dags/ssg_erp_op.py
[2025-09-03T18:45:46.907+0000] {processor.py:914} INFO - Processing file /opt/airflow/dags/ssg_erp_op.py for tasks to queue
[2025-09-03T18:45:46.909+0000] {logging_mixin.py:190} INFO - [2025-09-03T18:45:46.909+0000] {dagbag.py:588} INFO - Filling up the DagBag from /opt/airflow/dags/ssg_erp_op.py
[2025-09-03T18:45:46.931+0000] {processor.py:925} INFO - DAG(s) 'ssg_gl_op' retrieved from /opt/airflow/dags/ssg_erp_op.py
[2025-09-03T18:45:46.956+0000] {logging_mixin.py:190} INFO - [2025-09-03T18:45:46.956+0000] {dag.py:3239} INFO - Sync 1 DAGs
[2025-09-03T18:45:46.979+0000] {logging_mixin.py:190} INFO - [2025-09-03T18:45:46.979+0000] {dag.py:4180} INFO - Setting next_dagrun for ssg_gl_op to 2025-08-31 19:00:00+00:00, run_after=2025-09-30 19:00:00+00:00
[2025-09-03T18:45:46.997+0000] {processor.py:208} INFO - Processing /opt/airflow/dags/ssg_erp_op.py took 0.098 seconds
[2025-09-03T18:46:17.593+0000] {processor.py:186} INFO - Started process (PID=10731) to work on /opt/airflow/dags/ssg_erp_op.py
[2025-09-03T18:46:17.594+0000] {processor.py:914} INFO - Processing file /opt/airflow/dags/ssg_erp_op.py for tasks to queue
[2025-09-03T18:46:17.596+0000] {logging_mixin.py:190} INFO - [2025-09-03T18:46:17.596+0000] {dagbag.py:588} INFO - Filling up the DagBag from /opt/airflow/dags/ssg_erp_op.py
[2025-09-03T18:46:17.617+0000] {processor.py:925} INFO - DAG(s) 'ssg_gl_op' retrieved from /opt/airflow/dags/ssg_erp_op.py
[2025-09-03T18:46:17.639+0000] {logging_mixin.py:190} INFO - [2025-09-03T18:46:17.639+0000] {dag.py:3239} INFO - Sync 1 DAGs
[2025-09-03T18:46:17.676+0000] {logging_mixin.py:190} INFO - [2025-09-03T18:46:17.676+0000] {dag.py:4180} INFO - Setting next_dagrun for ssg_gl_op to 2025-08-31 19:00:00+00:00, run_after=2025-09-30 19:00:00+00:00
[2025-09-03T18:46:17.698+0000] {processor.py:208} INFO - Processing /opt/airflow/dags/ssg_erp_op.py took 0.110 seconds
[2025-09-03T18:46:48.243+0000] {processor.py:186} INFO - Started process (PID=10838) to work on /opt/airflow/dags/ssg_erp_op.py
[2025-09-03T18:46:48.244+0000] {processor.py:914} INFO - Processing file /opt/airflow/dags/ssg_erp_op.py for tasks to queue
[2025-09-03T18:46:48.247+0000] {logging_mixin.py:190} INFO - [2025-09-03T18:46:48.246+0000] {dagbag.py:588} INFO - Filling up the DagBag from /opt/airflow/dags/ssg_erp_op.py
[2025-09-03T18:46:48.277+0000] {processor.py:925} INFO - DAG(s) 'ssg_gl_op' retrieved from /opt/airflow/dags/ssg_erp_op.py
[2025-09-03T18:46:48.303+0000] {logging_mixin.py:190} INFO - [2025-09-03T18:46:48.303+0000] {dag.py:3239} INFO - Sync 1 DAGs
[2025-09-03T18:46:48.330+0000] {logging_mixin.py:190} INFO - [2025-09-03T18:46:48.330+0000] {dag.py:4180} INFO - Setting next_dagrun for ssg_gl_op to 2025-08-31 19:00:00+00:00, run_after=2025-09-30 19:00:00+00:00
[2025-09-03T18:46:48.352+0000] {processor.py:208} INFO - Processing /opt/airflow/dags/ssg_erp_op.py took 0.117 seconds
[2025-09-03T18:47:19.089+0000] {processor.py:186} INFO - Started process (PID=10945) to work on /opt/airflow/dags/ssg_erp_op.py
[2025-09-03T18:47:19.090+0000] {processor.py:914} INFO - Processing file /opt/airflow/dags/ssg_erp_op.py for tasks to queue
[2025-09-03T18:47:19.093+0000] {logging_mixin.py:190} INFO - [2025-09-03T18:47:19.092+0000] {dagbag.py:588} INFO - Filling up the DagBag from /opt/airflow/dags/ssg_erp_op.py
[2025-09-03T18:47:19.112+0000] {processor.py:925} INFO - DAG(s) 'ssg_gl_op' retrieved from /opt/airflow/dags/ssg_erp_op.py
[2025-09-03T18:47:19.139+0000] {logging_mixin.py:190} INFO - [2025-09-03T18:47:19.139+0000] {dag.py:3239} INFO - Sync 1 DAGs
[2025-09-03T18:47:19.168+0000] {logging_mixin.py:190} INFO - [2025-09-03T18:47:19.168+0000] {dag.py:4180} INFO - Setting next_dagrun for ssg_gl_op to 2025-08-31 19:00:00+00:00, run_after=2025-09-30 19:00:00+00:00
[2025-09-03T18:47:19.190+0000] {processor.py:208} INFO - Processing /opt/airflow/dags/ssg_erp_op.py took 0.107 seconds
[2025-09-03T18:47:49.866+0000] {processor.py:186} INFO - Started process (PID=11052) to work on /opt/airflow/dags/ssg_erp_op.py
[2025-09-03T18:47:49.867+0000] {processor.py:914} INFO - Processing file /opt/airflow/dags/ssg_erp_op.py for tasks to queue
[2025-09-03T18:47:49.870+0000] {logging_mixin.py:190} INFO - [2025-09-03T18:47:49.869+0000] {dagbag.py:588} INFO - Filling up the DagBag from /opt/airflow/dags/ssg_erp_op.py
[2025-09-03T18:47:49.892+0000] {processor.py:925} INFO - DAG(s) 'ssg_gl_op' retrieved from /opt/airflow/dags/ssg_erp_op.py
[2025-09-03T18:47:49.916+0000] {logging_mixin.py:190} INFO - [2025-09-03T18:47:49.916+0000] {dag.py:3239} INFO - Sync 1 DAGs
[2025-09-03T18:47:49.944+0000] {logging_mixin.py:190} INFO - [2025-09-03T18:47:49.944+0000] {dag.py:4180} INFO - Setting next_dagrun for ssg_gl_op to 2025-08-31 19:00:00+00:00, run_after=2025-09-30 19:00:00+00:00
[2025-09-03T18:47:49.966+0000] {processor.py:208} INFO - Processing /opt/airflow/dags/ssg_erp_op.py took 0.105 seconds
[2025-09-03T18:48:20.587+0000] {processor.py:186} INFO - Started process (PID=11159) to work on /opt/airflow/dags/ssg_erp_op.py
[2025-09-03T18:48:20.589+0000] {processor.py:914} INFO - Processing file /opt/airflow/dags/ssg_erp_op.py for tasks to queue
[2025-09-03T18:48:20.593+0000] {logging_mixin.py:190} INFO - [2025-09-03T18:48:20.592+0000] {dagbag.py:588} INFO - Filling up the DagBag from /opt/airflow/dags/ssg_erp_op.py
[2025-09-03T18:48:20.629+0000] {processor.py:925} INFO - DAG(s) 'ssg_gl_op' retrieved from /opt/airflow/dags/ssg_erp_op.py
[2025-09-03T18:48:20.658+0000] {logging_mixin.py:190} INFO - [2025-09-03T18:48:20.658+0000] {dag.py:3239} INFO - Sync 1 DAGs
[2025-09-03T18:48:20.681+0000] {logging_mixin.py:190} INFO - [2025-09-03T18:48:20.680+0000] {dag.py:4180} INFO - Setting next_dagrun for ssg_gl_op to 2025-08-31 19:00:00+00:00, run_after=2025-09-30 19:00:00+00:00
[2025-09-03T18:48:20.696+0000] {processor.py:208} INFO - Processing /opt/airflow/dags/ssg_erp_op.py took 0.114 seconds
[2025-09-03T18:48:51.586+0000] {processor.py:186} INFO - Started process (PID=11266) to work on /opt/airflow/dags/ssg_erp_op.py
[2025-09-03T18:48:51.588+0000] {processor.py:914} INFO - Processing file /opt/airflow/dags/ssg_erp_op.py for tasks to queue
[2025-09-03T18:48:51.590+0000] {logging_mixin.py:190} INFO - [2025-09-03T18:48:51.589+0000] {dagbag.py:588} INFO - Filling up the DagBag from /opt/airflow/dags/ssg_erp_op.py
[2025-09-03T18:48:51.613+0000] {processor.py:925} INFO - DAG(s) 'ssg_gl_op' retrieved from /opt/airflow/dags/ssg_erp_op.py
[2025-09-03T18:48:51.639+0000] {logging_mixin.py:190} INFO - [2025-09-03T18:48:51.639+0000] {dag.py:3239} INFO - Sync 1 DAGs
[2025-09-03T18:48:51.664+0000] {logging_mixin.py:190} INFO - [2025-09-03T18:48:51.664+0000] {dag.py:4180} INFO - Setting next_dagrun for ssg_gl_op to 2025-08-31 19:00:00+00:00, run_after=2025-09-30 19:00:00+00:00
[2025-09-03T18:48:51.691+0000] {processor.py:208} INFO - Processing /opt/airflow/dags/ssg_erp_op.py took 0.112 seconds
[2025-09-03T18:49:22.592+0000] {processor.py:186} INFO - Started process (PID=11373) to work on /opt/airflow/dags/ssg_erp_op.py
[2025-09-03T18:49:22.593+0000] {processor.py:914} INFO - Processing file /opt/airflow/dags/ssg_erp_op.py for tasks to queue
[2025-09-03T18:49:22.596+0000] {logging_mixin.py:190} INFO - [2025-09-03T18:49:22.596+0000] {dagbag.py:588} INFO - Filling up the DagBag from /opt/airflow/dags/ssg_erp_op.py
[2025-09-03T18:49:22.619+0000] {processor.py:925} INFO - DAG(s) 'ssg_gl_op' retrieved from /opt/airflow/dags/ssg_erp_op.py
[2025-09-03T18:49:22.643+0000] {logging_mixin.py:190} INFO - [2025-09-03T18:49:22.643+0000] {dag.py:3239} INFO - Sync 1 DAGs
[2025-09-03T18:49:22.682+0000] {logging_mixin.py:190} INFO - [2025-09-03T18:49:22.681+0000] {dag.py:4180} INFO - Setting next_dagrun for ssg_gl_op to 2025-08-31 19:00:00+00:00, run_after=2025-09-30 19:00:00+00:00
[2025-09-03T18:49:22.721+0000] {processor.py:208} INFO - Processing /opt/airflow/dags/ssg_erp_op.py took 0.134 seconds
[2025-09-03T18:49:53.149+0000] {processor.py:186} INFO - Started process (PID=11479) to work on /opt/airflow/dags/ssg_erp_op.py
[2025-09-03T18:49:53.150+0000] {processor.py:914} INFO - Processing file /opt/airflow/dags/ssg_erp_op.py for tasks to queue
[2025-09-03T18:49:53.155+0000] {logging_mixin.py:190} INFO - [2025-09-03T18:49:53.155+0000] {dagbag.py:588} INFO - Filling up the DagBag from /opt/airflow/dags/ssg_erp_op.py
[2025-09-03T18:49:53.184+0000] {processor.py:925} INFO - DAG(s) 'ssg_gl_op' retrieved from /opt/airflow/dags/ssg_erp_op.py
[2025-09-03T18:49:53.211+0000] {logging_mixin.py:190} INFO - [2025-09-03T18:49:53.211+0000] {dag.py:3239} INFO - Sync 1 DAGs
[2025-09-03T18:49:53.243+0000] {logging_mixin.py:190} INFO - [2025-09-03T18:49:53.243+0000] {dag.py:4180} INFO - Setting next_dagrun for ssg_gl_op to 2025-08-31 19:00:00+00:00, run_after=2025-09-30 19:00:00+00:00
[2025-09-03T18:49:53.264+0000] {processor.py:208} INFO - Processing /opt/airflow/dags/ssg_erp_op.py took 0.122 seconds
[2025-09-03T18:50:23.528+0000] {processor.py:186} INFO - Started process (PID=11583) to work on /opt/airflow/dags/ssg_erp_op.py
[2025-09-03T18:50:23.529+0000] {processor.py:914} INFO - Processing file /opt/airflow/dags/ssg_erp_op.py for tasks to queue
[2025-09-03T18:50:23.533+0000] {logging_mixin.py:190} INFO - [2025-09-03T18:50:23.533+0000] {dagbag.py:588} INFO - Filling up the DagBag from /opt/airflow/dags/ssg_erp_op.py
[2025-09-03T18:50:23.579+0000] {processor.py:925} INFO - DAG(s) 'ssg_gl_op' retrieved from /opt/airflow/dags/ssg_erp_op.py
[2025-09-03T18:50:23.620+0000] {logging_mixin.py:190} INFO - [2025-09-03T18:50:23.619+0000] {dag.py:3239} INFO - Sync 1 DAGs
[2025-09-03T18:50:23.663+0000] {logging_mixin.py:190} INFO - [2025-09-03T18:50:23.663+0000] {dag.py:4180} INFO - Setting next_dagrun for ssg_gl_op to 2025-08-31 19:00:00+00:00, run_after=2025-09-30 19:00:00+00:00
[2025-09-03T18:50:23.689+0000] {processor.py:208} INFO - Processing /opt/airflow/dags/ssg_erp_op.py took 0.170 seconds
[2025-09-03T18:50:55.099+0000] {processor.py:186} INFO - Started process (PID=11693) to work on /opt/airflow/dags/ssg_erp_op.py
[2025-09-03T18:50:55.101+0000] {processor.py:914} INFO - Processing file /opt/airflow/dags/ssg_erp_op.py for tasks to queue
[2025-09-03T18:50:55.105+0000] {logging_mixin.py:190} INFO - [2025-09-03T18:50:55.104+0000] {dagbag.py:588} INFO - Filling up the DagBag from /opt/airflow/dags/ssg_erp_op.py
[2025-09-03T18:50:55.147+0000] {processor.py:925} INFO - DAG(s) 'ssg_gl_op' retrieved from /opt/airflow/dags/ssg_erp_op.py
[2025-09-03T18:50:55.191+0000] {logging_mixin.py:190} INFO - [2025-09-03T18:50:55.190+0000] {dag.py:3239} INFO - Sync 1 DAGs
[2025-09-03T18:50:55.242+0000] {logging_mixin.py:190} INFO - [2025-09-03T18:50:55.241+0000] {dag.py:4180} INFO - Setting next_dagrun for ssg_gl_op to 2025-08-31 19:00:00+00:00, run_after=2025-09-30 19:00:00+00:00
[2025-09-03T18:50:55.280+0000] {processor.py:208} INFO - Processing /opt/airflow/dags/ssg_erp_op.py took 0.192 seconds
[2025-09-03T18:51:26.247+0000] {processor.py:186} INFO - Started process (PID=11801) to work on /opt/airflow/dags/ssg_erp_op.py
[2025-09-03T18:51:26.249+0000] {processor.py:914} INFO - Processing file /opt/airflow/dags/ssg_erp_op.py for tasks to queue
[2025-09-03T18:51:26.254+0000] {logging_mixin.py:190} INFO - [2025-09-03T18:51:26.253+0000] {dagbag.py:588} INFO - Filling up the DagBag from /opt/airflow/dags/ssg_erp_op.py
[2025-09-03T18:51:26.295+0000] {processor.py:925} INFO - DAG(s) 'ssg_gl_op' retrieved from /opt/airflow/dags/ssg_erp_op.py
[2025-09-03T18:51:26.343+0000] {logging_mixin.py:190} INFO - [2025-09-03T18:51:26.343+0000] {dag.py:3239} INFO - Sync 1 DAGs
[2025-09-03T18:51:26.384+0000] {logging_mixin.py:190} INFO - [2025-09-03T18:51:26.384+0000] {dag.py:4180} INFO - Setting next_dagrun for ssg_gl_op to 2025-08-31 19:00:00+00:00, run_after=2025-09-30 19:00:00+00:00
[2025-09-03T18:51:26.415+0000] {processor.py:208} INFO - Processing /opt/airflow/dags/ssg_erp_op.py took 0.176 seconds
[2025-09-03T18:55:59.653+0000] {processor.py:186} INFO - Started process (PID=243) to work on /opt/airflow/dags/ssg_erp_op.py
[2025-09-03T18:55:59.655+0000] {processor.py:914} INFO - Processing file /opt/airflow/dags/ssg_erp_op.py for tasks to queue
[2025-09-03T18:55:59.658+0000] {logging_mixin.py:190} INFO - [2025-09-03T18:55:59.657+0000] {dagbag.py:588} INFO - Filling up the DagBag from /opt/airflow/dags/ssg_erp_op.py
[2025-09-03T18:55:59.702+0000] {processor.py:925} INFO - DAG(s) 'ssg_gl_op' retrieved from /opt/airflow/dags/ssg_erp_op.py
[2025-09-03T18:55:59.743+0000] {logging_mixin.py:190} INFO - [2025-09-03T18:55:59.743+0000] {dag.py:3239} INFO - Sync 1 DAGs
[2025-09-03T18:55:59.781+0000] {logging_mixin.py:190} INFO - [2025-09-03T18:55:59.781+0000] {dag.py:4180} INFO - Setting next_dagrun for ssg_gl_op to 2025-08-31 19:00:00+00:00, run_after=2025-09-30 19:00:00+00:00
[2025-09-03T18:55:59.809+0000] {processor.py:208} INFO - Processing /opt/airflow/dags/ssg_erp_op.py took 0.164 seconds
[2025-09-03T18:57:22.280+0000] {processor.py:186} INFO - Started process (PID=244) to work on /opt/airflow/dags/ssg_erp_op.py
[2025-09-03T18:57:22.281+0000] {processor.py:914} INFO - Processing file /opt/airflow/dags/ssg_erp_op.py for tasks to queue
[2025-09-03T18:57:22.284+0000] {logging_mixin.py:190} INFO - [2025-09-03T18:57:22.283+0000] {dagbag.py:588} INFO - Filling up the DagBag from /opt/airflow/dags/ssg_erp_op.py
[2025-09-03T18:57:22.317+0000] {processor.py:925} INFO - DAG(s) 'ssg_gl_op' retrieved from /opt/airflow/dags/ssg_erp_op.py
[2025-09-03T18:57:22.357+0000] {logging_mixin.py:190} INFO - [2025-09-03T18:57:22.357+0000] {dag.py:3239} INFO - Sync 1 DAGs
[2025-09-03T18:57:22.402+0000] {logging_mixin.py:190} INFO - [2025-09-03T18:57:22.402+0000] {dag.py:4180} INFO - Setting next_dagrun for ssg_gl_op to 2025-08-31 19:00:00+00:00, run_after=2025-09-30 19:00:00+00:00
[2025-09-03T18:57:22.438+0000] {processor.py:208} INFO - Processing /opt/airflow/dags/ssg_erp_op.py took 0.163 seconds
[2025-09-03T18:57:52.554+0000] {processor.py:186} INFO - Started process (PID=347) to work on /opt/airflow/dags/ssg_erp_op.py
[2025-09-03T18:57:52.554+0000] {processor.py:914} INFO - Processing file /opt/airflow/dags/ssg_erp_op.py for tasks to queue
[2025-09-03T18:57:52.556+0000] {logging_mixin.py:190} INFO - [2025-09-03T18:57:52.556+0000] {dagbag.py:588} INFO - Filling up the DagBag from /opt/airflow/dags/ssg_erp_op.py
[2025-09-03T18:57:52.589+0000] {processor.py:925} INFO - DAG(s) 'ssg_gl_op' retrieved from /opt/airflow/dags/ssg_erp_op.py
[2025-09-03T18:57:52.613+0000] {logging_mixin.py:190} INFO - [2025-09-03T18:57:52.613+0000] {dag.py:3239} INFO - Sync 1 DAGs
[2025-09-03T18:57:52.649+0000] {logging_mixin.py:190} INFO - [2025-09-03T18:57:52.649+0000] {dag.py:4180} INFO - Setting next_dagrun for ssg_gl_op to 2025-08-31 19:00:00+00:00, run_after=2025-09-30 19:00:00+00:00
[2025-09-03T18:57:52.675+0000] {processor.py:208} INFO - Processing /opt/airflow/dags/ssg_erp_op.py took 0.126 seconds
[2025-09-03T18:58:23.958+0000] {processor.py:186} INFO - Started process (PID=471) to work on /opt/airflow/dags/ssg_erp_op.py
[2025-09-03T18:58:23.960+0000] {processor.py:914} INFO - Processing file /opt/airflow/dags/ssg_erp_op.py for tasks to queue
[2025-09-03T18:58:23.962+0000] {logging_mixin.py:190} INFO - [2025-09-03T18:58:23.961+0000] {dagbag.py:588} INFO - Filling up the DagBag from /opt/airflow/dags/ssg_erp_op.py
[2025-09-03T18:58:23.993+0000] {processor.py:925} INFO - DAG(s) 'ssg_gl_op' retrieved from /opt/airflow/dags/ssg_erp_op.py
[2025-09-03T18:58:24.026+0000] {logging_mixin.py:190} INFO - [2025-09-03T18:58:24.025+0000] {dag.py:3239} INFO - Sync 1 DAGs
[2025-09-03T18:58:24.058+0000] {logging_mixin.py:190} INFO - [2025-09-03T18:58:24.058+0000] {dag.py:4180} INFO - Setting next_dagrun for ssg_gl_op to 2025-08-31 19:00:00+00:00, run_after=2025-09-30 19:00:00+00:00
[2025-09-03T18:58:24.084+0000] {processor.py:208} INFO - Processing /opt/airflow/dags/ssg_erp_op.py took 0.133 seconds
[2025-09-03T18:58:54.676+0000] {processor.py:186} INFO - Started process (PID=576) to work on /opt/airflow/dags/ssg_erp_op.py
[2025-09-03T18:58:54.677+0000] {processor.py:914} INFO - Processing file /opt/airflow/dags/ssg_erp_op.py for tasks to queue
[2025-09-03T18:58:54.679+0000] {logging_mixin.py:190} INFO - [2025-09-03T18:58:54.678+0000] {dagbag.py:588} INFO - Filling up the DagBag from /opt/airflow/dags/ssg_erp_op.py
[2025-09-03T18:58:54.699+0000] {processor.py:925} INFO - DAG(s) 'ssg_gl_op' retrieved from /opt/airflow/dags/ssg_erp_op.py
[2025-09-03T18:58:54.723+0000] {logging_mixin.py:190} INFO - [2025-09-03T18:58:54.723+0000] {dag.py:3239} INFO - Sync 1 DAGs
[2025-09-03T18:58:54.745+0000] {logging_mixin.py:190} INFO - [2025-09-03T18:58:54.744+0000] {dag.py:4180} INFO - Setting next_dagrun for ssg_gl_op to 2025-08-31 19:00:00+00:00, run_after=2025-09-30 19:00:00+00:00
[2025-09-03T18:58:54.767+0000] {processor.py:208} INFO - Processing /opt/airflow/dags/ssg_erp_op.py took 0.095 seconds
[2025-09-03T18:59:25.801+0000] {processor.py:186} INFO - Started process (PID=683) to work on /opt/airflow/dags/ssg_erp_op.py
[2025-09-03T18:59:25.802+0000] {processor.py:914} INFO - Processing file /opt/airflow/dags/ssg_erp_op.py for tasks to queue
[2025-09-03T18:59:25.805+0000] {logging_mixin.py:190} INFO - [2025-09-03T18:59:25.805+0000] {dagbag.py:588} INFO - Filling up the DagBag from /opt/airflow/dags/ssg_erp_op.py
[2025-09-03T18:59:25.836+0000] {processor.py:925} INFO - DAG(s) 'ssg_gl_op' retrieved from /opt/airflow/dags/ssg_erp_op.py
[2025-09-03T18:59:25.858+0000] {logging_mixin.py:190} INFO - [2025-09-03T18:59:25.858+0000] {dag.py:3239} INFO - Sync 1 DAGs
[2025-09-03T18:59:25.877+0000] {logging_mixin.py:190} INFO - [2025-09-03T18:59:25.877+0000] {dag.py:4180} INFO - Setting next_dagrun for ssg_gl_op to 2025-08-31 19:00:00+00:00, run_after=2025-09-30 19:00:00+00:00
[2025-09-03T18:59:25.893+0000] {processor.py:208} INFO - Processing /opt/airflow/dags/ssg_erp_op.py took 0.098 seconds
[2025-09-03T18:59:56.949+0000] {processor.py:186} INFO - Started process (PID=790) to work on /opt/airflow/dags/ssg_erp_op.py
[2025-09-03T18:59:56.951+0000] {processor.py:914} INFO - Processing file /opt/airflow/dags/ssg_erp_op.py for tasks to queue
[2025-09-03T18:59:56.954+0000] {logging_mixin.py:190} INFO - [2025-09-03T18:59:56.953+0000] {dagbag.py:588} INFO - Filling up the DagBag from /opt/airflow/dags/ssg_erp_op.py
[2025-09-03T18:59:56.977+0000] {processor.py:925} INFO - DAG(s) 'ssg_gl_op' retrieved from /opt/airflow/dags/ssg_erp_op.py
[2025-09-03T18:59:57.011+0000] {logging_mixin.py:190} INFO - [2025-09-03T18:59:57.011+0000] {dag.py:3239} INFO - Sync 1 DAGs
[2025-09-03T18:59:57.041+0000] {logging_mixin.py:190} INFO - [2025-09-03T18:59:57.040+0000] {dag.py:4180} INFO - Setting next_dagrun for ssg_gl_op to 2025-08-31 19:00:00+00:00, run_after=2025-09-30 19:00:00+00:00
[2025-09-03T18:59:57.068+0000] {processor.py:208} INFO - Processing /opt/airflow/dags/ssg_erp_op.py took 0.127 seconds
[2025-09-03T19:00:27.954+0000] {processor.py:186} INFO - Started process (PID=897) to work on /opt/airflow/dags/ssg_erp_op.py
[2025-09-03T19:00:27.955+0000] {processor.py:914} INFO - Processing file /opt/airflow/dags/ssg_erp_op.py for tasks to queue
[2025-09-03T19:00:27.957+0000] {logging_mixin.py:190} INFO - [2025-09-03T19:00:27.956+0000] {dagbag.py:588} INFO - Filling up the DagBag from /opt/airflow/dags/ssg_erp_op.py
[2025-09-03T19:00:27.992+0000] {processor.py:925} INFO - DAG(s) 'ssg_gl_op' retrieved from /opt/airflow/dags/ssg_erp_op.py
[2025-09-03T19:00:28.018+0000] {logging_mixin.py:190} INFO - [2025-09-03T19:00:28.017+0000] {dag.py:3239} INFO - Sync 1 DAGs
[2025-09-03T19:00:28.160+0000] {logging_mixin.py:190} INFO - [2025-09-03T19:00:28.160+0000] {dag.py:4180} INFO - Setting next_dagrun for ssg_gl_op to 2025-08-31 19:00:00+00:00, run_after=2025-09-30 19:00:00+00:00
[2025-09-03T19:00:28.178+0000] {processor.py:208} INFO - Processing /opt/airflow/dags/ssg_erp_op.py took 0.232 seconds
[2025-09-03T19:00:58.797+0000] {processor.py:186} INFO - Started process (PID=1004) to work on /opt/airflow/dags/ssg_erp_op.py
[2025-09-03T19:00:58.798+0000] {processor.py:914} INFO - Processing file /opt/airflow/dags/ssg_erp_op.py for tasks to queue
[2025-09-03T19:00:58.800+0000] {logging_mixin.py:190} INFO - [2025-09-03T19:00:58.800+0000] {dagbag.py:588} INFO - Filling up the DagBag from /opt/airflow/dags/ssg_erp_op.py
[2025-09-03T19:00:58.825+0000] {processor.py:925} INFO - DAG(s) 'ssg_gl_op' retrieved from /opt/airflow/dags/ssg_erp_op.py
[2025-09-03T19:00:58.852+0000] {logging_mixin.py:190} INFO - [2025-09-03T19:00:58.852+0000] {dag.py:3239} INFO - Sync 1 DAGs
[2025-09-03T19:00:58.885+0000] {logging_mixin.py:190} INFO - [2025-09-03T19:00:58.884+0000] {dag.py:4180} INFO - Setting next_dagrun for ssg_gl_op to 2025-08-31 19:00:00+00:00, run_after=2025-09-30 19:00:00+00:00
[2025-09-03T19:00:58.906+0000] {processor.py:208} INFO - Processing /opt/airflow/dags/ssg_erp_op.py took 0.116 seconds
[2025-09-03T19:01:29.324+0000] {processor.py:186} INFO - Started process (PID=1105) to work on /opt/airflow/dags/ssg_erp_op.py
[2025-09-03T19:01:29.325+0000] {processor.py:914} INFO - Processing file /opt/airflow/dags/ssg_erp_op.py for tasks to queue
[2025-09-03T19:01:29.327+0000] {logging_mixin.py:190} INFO - [2025-09-03T19:01:29.327+0000] {dagbag.py:588} INFO - Filling up the DagBag from /opt/airflow/dags/ssg_erp_op.py
[2025-09-03T19:01:29.346+0000] {processor.py:925} INFO - DAG(s) 'ssg_gl_op' retrieved from /opt/airflow/dags/ssg_erp_op.py
[2025-09-03T19:01:29.367+0000] {logging_mixin.py:190} INFO - [2025-09-03T19:01:29.367+0000] {dag.py:3239} INFO - Sync 1 DAGs
[2025-09-03T19:01:29.387+0000] {logging_mixin.py:190} INFO - [2025-09-03T19:01:29.387+0000] {dag.py:4180} INFO - Setting next_dagrun for ssg_gl_op to 2025-08-31 19:00:00+00:00, run_after=2025-09-30 19:00:00+00:00
[2025-09-03T19:01:29.410+0000] {processor.py:208} INFO - Processing /opt/airflow/dags/ssg_erp_op.py took 0.091 seconds
[2025-09-03T19:02:00.048+0000] {processor.py:186} INFO - Started process (PID=1212) to work on /opt/airflow/dags/ssg_erp_op.py
[2025-09-03T19:02:00.049+0000] {processor.py:914} INFO - Processing file /opt/airflow/dags/ssg_erp_op.py for tasks to queue
[2025-09-03T19:02:00.052+0000] {logging_mixin.py:190} INFO - [2025-09-03T19:02:00.051+0000] {dagbag.py:588} INFO - Filling up the DagBag from /opt/airflow/dags/ssg_erp_op.py
[2025-09-03T19:02:00.087+0000] {processor.py:925} INFO - DAG(s) 'ssg_gl_op' retrieved from /opt/airflow/dags/ssg_erp_op.py
[2025-09-03T19:02:00.116+0000] {logging_mixin.py:190} INFO - [2025-09-03T19:02:00.116+0000] {dag.py:3239} INFO - Sync 1 DAGs
[2025-09-03T19:02:00.144+0000] {logging_mixin.py:190} INFO - [2025-09-03T19:02:00.144+0000] {dag.py:4180} INFO - Setting next_dagrun for ssg_gl_op to 2025-08-31 19:00:00+00:00, run_after=2025-09-30 19:00:00+00:00
[2025-09-03T19:02:00.163+0000] {processor.py:208} INFO - Processing /opt/airflow/dags/ssg_erp_op.py took 0.121 seconds
[2025-09-03T19:02:30.913+0000] {processor.py:186} INFO - Started process (PID=1319) to work on /opt/airflow/dags/ssg_erp_op.py
[2025-09-03T19:02:30.914+0000] {processor.py:914} INFO - Processing file /opt/airflow/dags/ssg_erp_op.py for tasks to queue
[2025-09-03T19:02:30.916+0000] {logging_mixin.py:190} INFO - [2025-09-03T19:02:30.916+0000] {dagbag.py:588} INFO - Filling up the DagBag from /opt/airflow/dags/ssg_erp_op.py
[2025-09-03T19:02:30.942+0000] {processor.py:925} INFO - DAG(s) 'ssg_gl_op' retrieved from /opt/airflow/dags/ssg_erp_op.py
[2025-09-03T19:02:30.968+0000] {logging_mixin.py:190} INFO - [2025-09-03T19:02:30.967+0000] {dag.py:3239} INFO - Sync 1 DAGs
[2025-09-03T19:02:30.993+0000] {logging_mixin.py:190} INFO - [2025-09-03T19:02:30.993+0000] {dag.py:4180} INFO - Setting next_dagrun for ssg_gl_op to 2025-08-31 19:00:00+00:00, run_after=2025-09-30 19:00:00+00:00
[2025-09-03T19:02:31.009+0000] {processor.py:208} INFO - Processing /opt/airflow/dags/ssg_erp_op.py took 0.104 seconds
[2025-09-03T19:03:01.665+0000] {processor.py:186} INFO - Started process (PID=1426) to work on /opt/airflow/dags/ssg_erp_op.py
[2025-09-03T19:03:01.666+0000] {processor.py:914} INFO - Processing file /opt/airflow/dags/ssg_erp_op.py for tasks to queue
[2025-09-03T19:03:01.668+0000] {logging_mixin.py:190} INFO - [2025-09-03T19:03:01.667+0000] {dagbag.py:588} INFO - Filling up the DagBag from /opt/airflow/dags/ssg_erp_op.py
[2025-09-03T19:03:01.689+0000] {processor.py:925} INFO - DAG(s) 'ssg_gl_op' retrieved from /opt/airflow/dags/ssg_erp_op.py
[2025-09-03T19:03:01.714+0000] {logging_mixin.py:190} INFO - [2025-09-03T19:03:01.713+0000] {dag.py:3239} INFO - Sync 1 DAGs
[2025-09-03T19:03:01.742+0000] {logging_mixin.py:190} INFO - [2025-09-03T19:03:01.741+0000] {dag.py:4180} INFO - Setting next_dagrun for ssg_gl_op to 2025-08-31 19:00:00+00:00, run_after=2025-09-30 19:00:00+00:00
[2025-09-03T19:03:01.764+0000] {processor.py:208} INFO - Processing /opt/airflow/dags/ssg_erp_op.py took 0.104 seconds
[2025-09-03T19:03:32.149+0000] {processor.py:186} INFO - Started process (PID=1533) to work on /opt/airflow/dags/ssg_erp_op.py
[2025-09-03T19:03:32.150+0000] {processor.py:914} INFO - Processing file /opt/airflow/dags/ssg_erp_op.py for tasks to queue
[2025-09-03T19:03:32.153+0000] {logging_mixin.py:190} INFO - [2025-09-03T19:03:32.153+0000] {dagbag.py:588} INFO - Filling up the DagBag from /opt/airflow/dags/ssg_erp_op.py
[2025-09-03T19:03:32.177+0000] {processor.py:925} INFO - DAG(s) 'ssg_gl_op' retrieved from /opt/airflow/dags/ssg_erp_op.py
[2025-09-03T19:03:32.200+0000] {logging_mixin.py:190} INFO - [2025-09-03T19:03:32.199+0000] {dag.py:3239} INFO - Sync 1 DAGs
[2025-09-03T19:03:32.231+0000] {logging_mixin.py:190} INFO - [2025-09-03T19:03:32.230+0000] {dag.py:4180} INFO - Setting next_dagrun for ssg_gl_op to 2025-08-31 19:00:00+00:00, run_after=2025-09-30 19:00:00+00:00
[2025-09-03T19:03:32.249+0000] {processor.py:208} INFO - Processing /opt/airflow/dags/ssg_erp_op.py took 0.104 seconds
[2025-09-03T19:04:02.968+0000] {processor.py:186} INFO - Started process (PID=1640) to work on /opt/airflow/dags/ssg_erp_op.py
[2025-09-03T19:04:02.969+0000] {processor.py:914} INFO - Processing file /opt/airflow/dags/ssg_erp_op.py for tasks to queue
[2025-09-03T19:04:02.971+0000] {logging_mixin.py:190} INFO - [2025-09-03T19:04:02.971+0000] {dagbag.py:588} INFO - Filling up the DagBag from /opt/airflow/dags/ssg_erp_op.py
[2025-09-03T19:04:03.000+0000] {processor.py:925} INFO - DAG(s) 'ssg_gl_op' retrieved from /opt/airflow/dags/ssg_erp_op.py
[2025-09-03T19:04:03.028+0000] {logging_mixin.py:190} INFO - [2025-09-03T19:04:03.027+0000] {dag.py:3239} INFO - Sync 1 DAGs
[2025-09-03T19:04:03.059+0000] {logging_mixin.py:190} INFO - [2025-09-03T19:04:03.059+0000] {dag.py:4180} INFO - Setting next_dagrun for ssg_gl_op to 2025-08-31 19:00:00+00:00, run_after=2025-09-30 19:00:00+00:00
[2025-09-03T19:04:03.084+0000] {processor.py:208} INFO - Processing /opt/airflow/dags/ssg_erp_op.py took 0.123 seconds
[2025-09-03T19:04:33.734+0000] {processor.py:186} INFO - Started process (PID=1747) to work on /opt/airflow/dags/ssg_erp_op.py
[2025-09-03T19:04:33.735+0000] {processor.py:914} INFO - Processing file /opt/airflow/dags/ssg_erp_op.py for tasks to queue
[2025-09-03T19:04:33.739+0000] {logging_mixin.py:190} INFO - [2025-09-03T19:04:33.738+0000] {dagbag.py:588} INFO - Filling up the DagBag from /opt/airflow/dags/ssg_erp_op.py
[2025-09-03T19:04:33.764+0000] {processor.py:925} INFO - DAG(s) 'ssg_gl_op' retrieved from /opt/airflow/dags/ssg_erp_op.py
[2025-09-03T19:04:33.793+0000] {logging_mixin.py:190} INFO - [2025-09-03T19:04:33.792+0000] {dag.py:3239} INFO - Sync 1 DAGs
[2025-09-03T19:04:33.830+0000] {logging_mixin.py:190} INFO - [2025-09-03T19:04:33.830+0000] {dag.py:4180} INFO - Setting next_dagrun for ssg_gl_op to 2025-08-31 19:00:00+00:00, run_after=2025-09-30 19:00:00+00:00
[2025-09-03T19:04:33.853+0000] {processor.py:208} INFO - Processing /opt/airflow/dags/ssg_erp_op.py took 0.124 seconds
[2025-09-03T19:05:04.352+0000] {processor.py:186} INFO - Started process (PID=1854) to work on /opt/airflow/dags/ssg_erp_op.py
[2025-09-03T19:05:04.353+0000] {processor.py:914} INFO - Processing file /opt/airflow/dags/ssg_erp_op.py for tasks to queue
[2025-09-03T19:05:04.357+0000] {logging_mixin.py:190} INFO - [2025-09-03T19:05:04.356+0000] {dagbag.py:588} INFO - Filling up the DagBag from /opt/airflow/dags/ssg_erp_op.py
[2025-09-03T19:05:04.380+0000] {processor.py:925} INFO - DAG(s) 'ssg_gl_op' retrieved from /opt/airflow/dags/ssg_erp_op.py
[2025-09-03T19:05:04.412+0000] {logging_mixin.py:190} INFO - [2025-09-03T19:05:04.412+0000] {dag.py:3239} INFO - Sync 1 DAGs
[2025-09-03T19:05:04.448+0000] {logging_mixin.py:190} INFO - [2025-09-03T19:05:04.448+0000] {dag.py:4180} INFO - Setting next_dagrun for ssg_gl_op to 2025-08-31 19:00:00+00:00, run_after=2025-09-30 19:00:00+00:00
[2025-09-03T19:05:04.472+0000] {processor.py:208} INFO - Processing /opt/airflow/dags/ssg_erp_op.py took 0.127 seconds
[2025-09-03T19:05:35.093+0000] {processor.py:186} INFO - Started process (PID=1961) to work on /opt/airflow/dags/ssg_erp_op.py
[2025-09-03T19:05:35.095+0000] {processor.py:914} INFO - Processing file /opt/airflow/dags/ssg_erp_op.py for tasks to queue
[2025-09-03T19:05:35.098+0000] {logging_mixin.py:190} INFO - [2025-09-03T19:05:35.097+0000] {dagbag.py:588} INFO - Filling up the DagBag from /opt/airflow/dags/ssg_erp_op.py
[2025-09-03T19:05:35.132+0000] {processor.py:925} INFO - DAG(s) 'ssg_gl_op' retrieved from /opt/airflow/dags/ssg_erp_op.py
[2025-09-03T19:05:35.166+0000] {logging_mixin.py:190} INFO - [2025-09-03T19:05:35.166+0000] {dag.py:3239} INFO - Sync 1 DAGs
[2025-09-03T19:05:35.204+0000] {logging_mixin.py:190} INFO - [2025-09-03T19:05:35.204+0000] {dag.py:4180} INFO - Setting next_dagrun for ssg_gl_op to 2025-08-31 19:00:00+00:00, run_after=2025-09-30 19:00:00+00:00
[2025-09-03T19:05:35.234+0000] {processor.py:208} INFO - Processing /opt/airflow/dags/ssg_erp_op.py took 0.147 seconds
[2025-09-03T19:06:05.737+0000] {processor.py:186} INFO - Started process (PID=2068) to work on /opt/airflow/dags/ssg_erp_op.py
[2025-09-03T19:06:05.739+0000] {processor.py:914} INFO - Processing file /opt/airflow/dags/ssg_erp_op.py for tasks to queue
[2025-09-03T19:06:05.740+0000] {logging_mixin.py:190} INFO - [2025-09-03T19:06:05.740+0000] {dagbag.py:588} INFO - Filling up the DagBag from /opt/airflow/dags/ssg_erp_op.py
[2025-09-03T19:06:05.761+0000] {processor.py:925} INFO - DAG(s) 'ssg_gl_op' retrieved from /opt/airflow/dags/ssg_erp_op.py
[2025-09-03T19:06:05.788+0000] {logging_mixin.py:190} INFO - [2025-09-03T19:06:05.788+0000] {dag.py:3239} INFO - Sync 1 DAGs
[2025-09-03T19:06:05.814+0000] {logging_mixin.py:190} INFO - [2025-09-03T19:06:05.814+0000] {dag.py:4180} INFO - Setting next_dagrun for ssg_gl_op to 2025-08-31 19:00:00+00:00, run_after=2025-09-30 19:00:00+00:00
[2025-09-03T19:06:05.831+0000] {processor.py:208} INFO - Processing /opt/airflow/dags/ssg_erp_op.py took 0.102 seconds
[2025-09-03T19:06:36.423+0000] {processor.py:186} INFO - Started process (PID=2174) to work on /opt/airflow/dags/ssg_erp_op.py
[2025-09-03T19:06:36.424+0000] {processor.py:914} INFO - Processing file /opt/airflow/dags/ssg_erp_op.py for tasks to queue
[2025-09-03T19:06:36.427+0000] {logging_mixin.py:190} INFO - [2025-09-03T19:06:36.427+0000] {dagbag.py:588} INFO - Filling up the DagBag from /opt/airflow/dags/ssg_erp_op.py
[2025-09-03T19:06:36.455+0000] {processor.py:925} INFO - DAG(s) 'ssg_gl_op' retrieved from /opt/airflow/dags/ssg_erp_op.py
[2025-09-03T19:06:36.489+0000] {logging_mixin.py:190} INFO - [2025-09-03T19:06:36.488+0000] {dag.py:3239} INFO - Sync 1 DAGs
[2025-09-03T19:06:36.520+0000] {logging_mixin.py:190} INFO - [2025-09-03T19:06:36.519+0000] {dag.py:4180} INFO - Setting next_dagrun for ssg_gl_op to 2025-08-31 19:00:00+00:00, run_after=2025-09-30 19:00:00+00:00
[2025-09-03T19:06:36.542+0000] {processor.py:208} INFO - Processing /opt/airflow/dags/ssg_erp_op.py took 0.126 seconds
[2025-09-03T19:07:07.179+0000] {processor.py:186} INFO - Started process (PID=2281) to work on /opt/airflow/dags/ssg_erp_op.py
[2025-09-03T19:07:07.180+0000] {processor.py:914} INFO - Processing file /opt/airflow/dags/ssg_erp_op.py for tasks to queue
[2025-09-03T19:07:07.182+0000] {logging_mixin.py:190} INFO - [2025-09-03T19:07:07.182+0000] {dagbag.py:588} INFO - Filling up the DagBag from /opt/airflow/dags/ssg_erp_op.py
[2025-09-03T19:07:07.215+0000] {processor.py:925} INFO - DAG(s) 'ssg_gl_op' retrieved from /opt/airflow/dags/ssg_erp_op.py
[2025-09-03T19:07:07.238+0000] {logging_mixin.py:190} INFO - [2025-09-03T19:07:07.238+0000] {dag.py:3239} INFO - Sync 1 DAGs
[2025-09-03T19:07:07.264+0000] {logging_mixin.py:190} INFO - [2025-09-03T19:07:07.264+0000] {dag.py:4180} INFO - Setting next_dagrun for ssg_gl_op to 2025-08-31 19:00:00+00:00, run_after=2025-09-30 19:00:00+00:00
[2025-09-03T19:07:07.285+0000] {processor.py:208} INFO - Processing /opt/airflow/dags/ssg_erp_op.py took 0.113 seconds
[2025-09-03T19:07:38.071+0000] {processor.py:186} INFO - Started process (PID=2388) to work on /opt/airflow/dags/ssg_erp_op.py
[2025-09-03T19:07:38.072+0000] {processor.py:914} INFO - Processing file /opt/airflow/dags/ssg_erp_op.py for tasks to queue
[2025-09-03T19:07:38.075+0000] {logging_mixin.py:190} INFO - [2025-09-03T19:07:38.074+0000] {dagbag.py:588} INFO - Filling up the DagBag from /opt/airflow/dags/ssg_erp_op.py
[2025-09-03T19:07:38.111+0000] {processor.py:925} INFO - DAG(s) 'ssg_gl_op' retrieved from /opt/airflow/dags/ssg_erp_op.py
[2025-09-03T19:07:38.139+0000] {logging_mixin.py:190} INFO - [2025-09-03T19:07:38.139+0000] {dag.py:3239} INFO - Sync 1 DAGs
[2025-09-03T19:07:38.162+0000] {logging_mixin.py:190} INFO - [2025-09-03T19:07:38.162+0000] {dag.py:4180} INFO - Setting next_dagrun for ssg_gl_op to 2025-08-31 19:00:00+00:00, run_after=2025-09-30 19:00:00+00:00
[2025-09-03T19:07:38.183+0000] {processor.py:208} INFO - Processing /opt/airflow/dags/ssg_erp_op.py took 0.117 seconds
[2025-09-03T19:08:08.653+0000] {processor.py:186} INFO - Started process (PID=2495) to work on /opt/airflow/dags/ssg_erp_op.py
[2025-09-03T19:08:08.654+0000] {processor.py:914} INFO - Processing file /opt/airflow/dags/ssg_erp_op.py for tasks to queue
[2025-09-03T19:08:08.657+0000] {logging_mixin.py:190} INFO - [2025-09-03T19:08:08.656+0000] {dagbag.py:588} INFO - Filling up the DagBag from /opt/airflow/dags/ssg_erp_op.py
[2025-09-03T19:08:08.676+0000] {processor.py:925} INFO - DAG(s) 'ssg_gl_op' retrieved from /opt/airflow/dags/ssg_erp_op.py
[2025-09-03T19:08:08.705+0000] {logging_mixin.py:190} INFO - [2025-09-03T19:08:08.705+0000] {dag.py:3239} INFO - Sync 1 DAGs
[2025-09-03T19:08:08.734+0000] {logging_mixin.py:190} INFO - [2025-09-03T19:08:08.734+0000] {dag.py:4180} INFO - Setting next_dagrun for ssg_gl_op to 2025-08-31 19:00:00+00:00, run_after=2025-09-30 19:00:00+00:00
[2025-09-03T19:08:08.753+0000] {processor.py:208} INFO - Processing /opt/airflow/dags/ssg_erp_op.py took 0.105 seconds
[2025-09-03T19:08:39.662+0000] {processor.py:186} INFO - Started process (PID=2602) to work on /opt/airflow/dags/ssg_erp_op.py
[2025-09-03T19:08:39.663+0000] {processor.py:914} INFO - Processing file /opt/airflow/dags/ssg_erp_op.py for tasks to queue
[2025-09-03T19:08:39.666+0000] {logging_mixin.py:190} INFO - [2025-09-03T19:08:39.666+0000] {dagbag.py:588} INFO - Filling up the DagBag from /opt/airflow/dags/ssg_erp_op.py
[2025-09-03T19:08:39.694+0000] {processor.py:925} INFO - DAG(s) 'ssg_gl_op' retrieved from /opt/airflow/dags/ssg_erp_op.py
[2025-09-03T19:08:39.714+0000] {logging_mixin.py:190} INFO - [2025-09-03T19:08:39.714+0000] {dag.py:3239} INFO - Sync 1 DAGs
[2025-09-03T19:08:39.745+0000] {logging_mixin.py:190} INFO - [2025-09-03T19:08:39.745+0000] {dag.py:4180} INFO - Setting next_dagrun for ssg_gl_op to 2025-08-31 19:00:00+00:00, run_after=2025-09-30 19:00:00+00:00
[2025-09-03T19:08:39.765+0000] {processor.py:208} INFO - Processing /opt/airflow/dags/ssg_erp_op.py took 0.111 seconds
[2025-09-03T19:09:10.537+0000] {processor.py:186} INFO - Started process (PID=2709) to work on /opt/airflow/dags/ssg_erp_op.py
[2025-09-03T19:09:10.537+0000] {processor.py:914} INFO - Processing file /opt/airflow/dags/ssg_erp_op.py for tasks to queue
[2025-09-03T19:09:10.539+0000] {logging_mixin.py:190} INFO - [2025-09-03T19:09:10.539+0000] {dagbag.py:588} INFO - Filling up the DagBag from /opt/airflow/dags/ssg_erp_op.py
[2025-09-03T19:09:10.560+0000] {processor.py:925} INFO - DAG(s) 'ssg_gl_op' retrieved from /opt/airflow/dags/ssg_erp_op.py
[2025-09-03T19:09:10.585+0000] {logging_mixin.py:190} INFO - [2025-09-03T19:09:10.584+0000] {dag.py:3239} INFO - Sync 1 DAGs
[2025-09-03T19:09:10.607+0000] {logging_mixin.py:190} INFO - [2025-09-03T19:09:10.607+0000] {dag.py:4180} INFO - Setting next_dagrun for ssg_gl_op to 2025-08-31 19:00:00+00:00, run_after=2025-09-30 19:00:00+00:00
[2025-09-03T19:09:10.631+0000] {processor.py:208} INFO - Processing /opt/airflow/dags/ssg_erp_op.py took 0.099 seconds
[2025-09-03T19:09:41.336+0000] {processor.py:186} INFO - Started process (PID=2816) to work on /opt/airflow/dags/ssg_erp_op.py
[2025-09-03T19:09:41.338+0000] {processor.py:914} INFO - Processing file /opt/airflow/dags/ssg_erp_op.py for tasks to queue
[2025-09-03T19:09:41.340+0000] {logging_mixin.py:190} INFO - [2025-09-03T19:09:41.340+0000] {dagbag.py:588} INFO - Filling up the DagBag from /opt/airflow/dags/ssg_erp_op.py
[2025-09-03T19:09:41.362+0000] {processor.py:925} INFO - DAG(s) 'ssg_gl_op' retrieved from /opt/airflow/dags/ssg_erp_op.py
[2025-09-03T19:09:41.387+0000] {logging_mixin.py:190} INFO - [2025-09-03T19:09:41.387+0000] {dag.py:3239} INFO - Sync 1 DAGs
[2025-09-03T19:09:41.413+0000] {logging_mixin.py:190} INFO - [2025-09-03T19:09:41.413+0000] {dag.py:4180} INFO - Setting next_dagrun for ssg_gl_op to 2025-08-31 19:00:00+00:00, run_after=2025-09-30 19:00:00+00:00
[2025-09-03T19:09:41.433+0000] {processor.py:208} INFO - Processing /opt/airflow/dags/ssg_erp_op.py took 0.104 seconds
[2025-09-03T19:10:12.076+0000] {processor.py:186} INFO - Started process (PID=2923) to work on /opt/airflow/dags/ssg_erp_op.py
[2025-09-03T19:10:12.077+0000] {processor.py:914} INFO - Processing file /opt/airflow/dags/ssg_erp_op.py for tasks to queue
[2025-09-03T19:10:12.080+0000] {logging_mixin.py:190} INFO - [2025-09-03T19:10:12.080+0000] {dagbag.py:588} INFO - Filling up the DagBag from /opt/airflow/dags/ssg_erp_op.py
[2025-09-03T19:10:12.101+0000] {processor.py:925} INFO - DAG(s) 'ssg_gl_op' retrieved from /opt/airflow/dags/ssg_erp_op.py
[2025-09-03T19:10:12.125+0000] {logging_mixin.py:190} INFO - [2025-09-03T19:10:12.125+0000] {dag.py:3239} INFO - Sync 1 DAGs
[2025-09-03T19:10:12.150+0000] {logging_mixin.py:190} INFO - [2025-09-03T19:10:12.150+0000] {dag.py:4180} INFO - Setting next_dagrun for ssg_gl_op to 2025-08-31 19:00:00+00:00, run_after=2025-09-30 19:00:00+00:00
[2025-09-03T19:10:12.167+0000] {processor.py:208} INFO - Processing /opt/airflow/dags/ssg_erp_op.py took 0.096 seconds
[2025-09-03T19:10:43.006+0000] {processor.py:186} INFO - Started process (PID=3030) to work on /opt/airflow/dags/ssg_erp_op.py
[2025-09-03T19:10:43.007+0000] {processor.py:914} INFO - Processing file /opt/airflow/dags/ssg_erp_op.py for tasks to queue
[2025-09-03T19:10:43.010+0000] {logging_mixin.py:190} INFO - [2025-09-03T19:10:43.010+0000] {dagbag.py:588} INFO - Filling up the DagBag from /opt/airflow/dags/ssg_erp_op.py
[2025-09-03T19:10:43.033+0000] {processor.py:925} INFO - DAG(s) 'ssg_gl_op' retrieved from /opt/airflow/dags/ssg_erp_op.py
[2025-09-03T19:10:43.058+0000] {logging_mixin.py:190} INFO - [2025-09-03T19:10:43.057+0000] {dag.py:3239} INFO - Sync 1 DAGs
[2025-09-03T19:10:43.082+0000] {logging_mixin.py:190} INFO - [2025-09-03T19:10:43.082+0000] {dag.py:4180} INFO - Setting next_dagrun for ssg_gl_op to 2025-08-31 19:00:00+00:00, run_after=2025-09-30 19:00:00+00:00
[2025-09-03T19:10:43.105+0000] {processor.py:208} INFO - Processing /opt/airflow/dags/ssg_erp_op.py took 0.104 seconds
[2025-09-03T19:11:13.954+0000] {processor.py:186} INFO - Started process (PID=3136) to work on /opt/airflow/dags/ssg_erp_op.py
[2025-09-03T19:11:13.955+0000] {processor.py:914} INFO - Processing file /opt/airflow/dags/ssg_erp_op.py for tasks to queue
[2025-09-03T19:11:13.956+0000] {logging_mixin.py:190} INFO - [2025-09-03T19:11:13.956+0000] {dagbag.py:588} INFO - Filling up the DagBag from /opt/airflow/dags/ssg_erp_op.py
[2025-09-03T19:11:13.976+0000] {processor.py:925} INFO - DAG(s) 'ssg_gl_op' retrieved from /opt/airflow/dags/ssg_erp_op.py
[2025-09-03T19:11:14.005+0000] {logging_mixin.py:190} INFO - [2025-09-03T19:11:14.005+0000] {dag.py:3239} INFO - Sync 1 DAGs
[2025-09-03T19:11:14.026+0000] {logging_mixin.py:190} INFO - [2025-09-03T19:11:14.026+0000] {dag.py:4180} INFO - Setting next_dagrun for ssg_gl_op to 2025-08-31 19:00:00+00:00, run_after=2025-09-30 19:00:00+00:00
[2025-09-03T19:11:14.043+0000] {processor.py:208} INFO - Processing /opt/airflow/dags/ssg_erp_op.py took 0.098 seconds
[2025-09-03T19:11:45.036+0000] {processor.py:186} INFO - Started process (PID=3244) to work on /opt/airflow/dags/ssg_erp_op.py
[2025-09-03T19:11:45.038+0000] {processor.py:914} INFO - Processing file /opt/airflow/dags/ssg_erp_op.py for tasks to queue
[2025-09-03T19:11:45.041+0000] {logging_mixin.py:190} INFO - [2025-09-03T19:11:45.041+0000] {dagbag.py:588} INFO - Filling up the DagBag from /opt/airflow/dags/ssg_erp_op.py
[2025-09-03T19:11:45.086+0000] {processor.py:925} INFO - DAG(s) 'ssg_gl_op' retrieved from /opt/airflow/dags/ssg_erp_op.py
[2025-09-03T19:11:45.138+0000] {logging_mixin.py:190} INFO - [2025-09-03T19:11:45.138+0000] {dag.py:3239} INFO - Sync 1 DAGs
[2025-09-03T19:11:45.182+0000] {logging_mixin.py:190} INFO - [2025-09-03T19:11:45.182+0000] {dag.py:4180} INFO - Setting next_dagrun for ssg_gl_op to 2025-08-31 19:00:00+00:00, run_after=2025-09-30 19:00:00+00:00
[2025-09-03T19:11:45.216+0000] {processor.py:208} INFO - Processing /opt/airflow/dags/ssg_erp_op.py took 0.188 seconds
[2025-09-03T19:12:15.396+0000] {processor.py:186} INFO - Started process (PID=3347) to work on /opt/airflow/dags/ssg_erp_op.py
[2025-09-03T19:12:15.397+0000] {processor.py:914} INFO - Processing file /opt/airflow/dags/ssg_erp_op.py for tasks to queue
[2025-09-03T19:12:15.400+0000] {logging_mixin.py:190} INFO - [2025-09-03T19:12:15.399+0000] {dagbag.py:588} INFO - Filling up the DagBag from /opt/airflow/dags/ssg_erp_op.py
[2025-09-03T19:12:15.433+0000] {processor.py:925} INFO - DAG(s) 'ssg_gl_op' retrieved from /opt/airflow/dags/ssg_erp_op.py
[2025-09-03T19:12:15.460+0000] {logging_mixin.py:190} INFO - [2025-09-03T19:12:15.460+0000] {dag.py:3239} INFO - Sync 1 DAGs
[2025-09-03T19:12:15.492+0000] {logging_mixin.py:190} INFO - [2025-09-03T19:12:15.491+0000] {dag.py:4180} INFO - Setting next_dagrun for ssg_gl_op to 2025-08-31 19:00:00+00:00, run_after=2025-09-30 19:00:00+00:00
[2025-09-03T19:12:15.514+0000] {processor.py:208} INFO - Processing /opt/airflow/dags/ssg_erp_op.py took 0.122 seconds
[2025-09-03T19:12:46.361+0000] {processor.py:186} INFO - Started process (PID=3459) to work on /opt/airflow/dags/ssg_erp_op.py
[2025-09-03T19:12:46.362+0000] {processor.py:914} INFO - Processing file /opt/airflow/dags/ssg_erp_op.py for tasks to queue
[2025-09-03T19:12:46.364+0000] {logging_mixin.py:190} INFO - [2025-09-03T19:12:46.364+0000] {dagbag.py:588} INFO - Filling up the DagBag from /opt/airflow/dags/ssg_erp_op.py
[2025-09-03T19:12:46.386+0000] {processor.py:925} INFO - DAG(s) 'ssg_gl_op' retrieved from /opt/airflow/dags/ssg_erp_op.py
[2025-09-03T19:12:46.413+0000] {logging_mixin.py:190} INFO - [2025-09-03T19:12:46.413+0000] {dag.py:3239} INFO - Sync 1 DAGs
[2025-09-03T19:12:46.441+0000] {logging_mixin.py:190} INFO - [2025-09-03T19:12:46.441+0000] {dag.py:4180} INFO - Setting next_dagrun for ssg_gl_op to 2025-08-31 19:00:00+00:00, run_after=2025-09-30 19:00:00+00:00
[2025-09-03T19:12:46.459+0000] {processor.py:208} INFO - Processing /opt/airflow/dags/ssg_erp_op.py took 0.104 seconds
[2025-09-03T19:13:17.217+0000] {processor.py:186} INFO - Started process (PID=3564) to work on /opt/airflow/dags/ssg_erp_op.py
[2025-09-03T19:13:17.219+0000] {processor.py:914} INFO - Processing file /opt/airflow/dags/ssg_erp_op.py for tasks to queue
[2025-09-03T19:13:17.222+0000] {logging_mixin.py:190} INFO - [2025-09-03T19:13:17.221+0000] {dagbag.py:588} INFO - Filling up the DagBag from /opt/airflow/dags/ssg_erp_op.py
[2025-09-03T19:13:17.247+0000] {processor.py:925} INFO - DAG(s) 'ssg_gl_op' retrieved from /opt/airflow/dags/ssg_erp_op.py
[2025-09-03T19:13:17.274+0000] {logging_mixin.py:190} INFO - [2025-09-03T19:13:17.273+0000] {dag.py:3239} INFO - Sync 1 DAGs
[2025-09-03T19:13:17.426+0000] {logging_mixin.py:190} INFO - [2025-09-03T19:13:17.426+0000] {dag.py:4180} INFO - Setting next_dagrun for ssg_gl_op to 2025-08-31 19:00:00+00:00, run_after=2025-09-30 19:00:00+00:00
[2025-09-03T19:13:17.443+0000] {processor.py:208} INFO - Processing /opt/airflow/dags/ssg_erp_op.py took 0.231 seconds
[2025-09-03T19:13:48.243+0000] {processor.py:186} INFO - Started process (PID=3671) to work on /opt/airflow/dags/ssg_erp_op.py
[2025-09-03T19:13:48.244+0000] {processor.py:914} INFO - Processing file /opt/airflow/dags/ssg_erp_op.py for tasks to queue
[2025-09-03T19:13:48.247+0000] {logging_mixin.py:190} INFO - [2025-09-03T19:13:48.247+0000] {dagbag.py:588} INFO - Filling up the DagBag from /opt/airflow/dags/ssg_erp_op.py
[2025-09-03T19:13:48.278+0000] {processor.py:925} INFO - DAG(s) 'ssg_gl_op' retrieved from /opt/airflow/dags/ssg_erp_op.py
[2025-09-03T19:13:48.302+0000] {logging_mixin.py:190} INFO - [2025-09-03T19:13:48.302+0000] {dag.py:3239} INFO - Sync 1 DAGs
[2025-09-03T19:13:48.325+0000] {logging_mixin.py:190} INFO - [2025-09-03T19:13:48.325+0000] {dag.py:4180} INFO - Setting next_dagrun for ssg_gl_op to 2025-08-31 19:00:00+00:00, run_after=2025-09-30 19:00:00+00:00
[2025-09-03T19:13:48.345+0000] {processor.py:208} INFO - Processing /opt/airflow/dags/ssg_erp_op.py took 0.106 seconds
[2025-09-03T19:14:18.900+0000] {processor.py:186} INFO - Started process (PID=3775) to work on /opt/airflow/dags/ssg_erp_op.py
[2025-09-03T19:14:18.901+0000] {processor.py:914} INFO - Processing file /opt/airflow/dags/ssg_erp_op.py for tasks to queue
[2025-09-03T19:14:18.903+0000] {logging_mixin.py:190} INFO - [2025-09-03T19:14:18.903+0000] {dagbag.py:588} INFO - Filling up the DagBag from /opt/airflow/dags/ssg_erp_op.py
[2025-09-03T19:14:18.933+0000] {processor.py:925} INFO - DAG(s) 'ssg_gl_op' retrieved from /opt/airflow/dags/ssg_erp_op.py
[2025-09-03T19:14:18.957+0000] {logging_mixin.py:190} INFO - [2025-09-03T19:14:18.957+0000] {dag.py:3239} INFO - Sync 1 DAGs
[2025-09-03T19:14:18.981+0000] {logging_mixin.py:190} INFO - [2025-09-03T19:14:18.981+0000] {dag.py:4180} INFO - Setting next_dagrun for ssg_gl_op to 2025-08-31 19:00:00+00:00, run_after=2025-09-30 19:00:00+00:00
[2025-09-03T19:14:19.001+0000] {processor.py:208} INFO - Processing /opt/airflow/dags/ssg_erp_op.py took 0.108 seconds
[2025-09-03T19:14:49.328+0000] {processor.py:186} INFO - Started process (PID=3880) to work on /opt/airflow/dags/ssg_erp_op.py
[2025-09-03T19:14:49.330+0000] {processor.py:914} INFO - Processing file /opt/airflow/dags/ssg_erp_op.py for tasks to queue
[2025-09-03T19:14:49.333+0000] {logging_mixin.py:190} INFO - [2025-09-03T19:14:49.333+0000] {dagbag.py:588} INFO - Filling up the DagBag from /opt/airflow/dags/ssg_erp_op.py
[2025-09-03T19:14:49.355+0000] {processor.py:925} INFO - DAG(s) 'ssg_gl_op' retrieved from /opt/airflow/dags/ssg_erp_op.py
[2025-09-03T19:14:49.375+0000] {logging_mixin.py:190} INFO - [2025-09-03T19:14:49.375+0000] {dag.py:3239} INFO - Sync 1 DAGs
[2025-09-03T19:14:49.400+0000] {logging_mixin.py:190} INFO - [2025-09-03T19:14:49.400+0000] {dag.py:4180} INFO - Setting next_dagrun for ssg_gl_op to 2025-08-31 19:00:00+00:00, run_after=2025-09-30 19:00:00+00:00
[2025-09-03T19:14:49.421+0000] {processor.py:208} INFO - Processing /opt/airflow/dags/ssg_erp_op.py took 0.098 seconds
[2025-09-03T19:15:19.912+0000] {processor.py:186} INFO - Started process (PID=3987) to work on /opt/airflow/dags/ssg_erp_op.py
[2025-09-03T19:15:19.913+0000] {processor.py:914} INFO - Processing file /opt/airflow/dags/ssg_erp_op.py for tasks to queue
[2025-09-03T19:15:19.914+0000] {logging_mixin.py:190} INFO - [2025-09-03T19:15:19.914+0000] {dagbag.py:588} INFO - Filling up the DagBag from /opt/airflow/dags/ssg_erp_op.py
[2025-09-03T19:15:19.945+0000] {processor.py:925} INFO - DAG(s) 'ssg_gl_op' retrieved from /opt/airflow/dags/ssg_erp_op.py
[2025-09-03T19:15:19.976+0000] {logging_mixin.py:190} INFO - [2025-09-03T19:15:19.975+0000] {dag.py:3239} INFO - Sync 1 DAGs
[2025-09-03T19:15:19.999+0000] {logging_mixin.py:190} INFO - [2025-09-03T19:15:19.998+0000] {dag.py:4180} INFO - Setting next_dagrun for ssg_gl_op to 2025-08-31 19:00:00+00:00, run_after=2025-09-30 19:00:00+00:00
[2025-09-03T19:15:20.019+0000] {processor.py:208} INFO - Processing /opt/airflow/dags/ssg_erp_op.py took 0.115 seconds
[2025-09-03T19:15:50.479+0000] {processor.py:186} INFO - Started process (PID=4094) to work on /opt/airflow/dags/ssg_erp_op.py
[2025-09-03T19:15:50.480+0000] {processor.py:914} INFO - Processing file /opt/airflow/dags/ssg_erp_op.py for tasks to queue
[2025-09-03T19:15:50.482+0000] {logging_mixin.py:190} INFO - [2025-09-03T19:15:50.481+0000] {dagbag.py:588} INFO - Filling up the DagBag from /opt/airflow/dags/ssg_erp_op.py
[2025-09-03T19:15:50.503+0000] {processor.py:925} INFO - DAG(s) 'ssg_gl_op' retrieved from /opt/airflow/dags/ssg_erp_op.py
[2025-09-03T19:15:50.532+0000] {logging_mixin.py:190} INFO - [2025-09-03T19:15:50.532+0000] {dag.py:3239} INFO - Sync 1 DAGs
[2025-09-03T19:15:50.558+0000] {logging_mixin.py:190} INFO - [2025-09-03T19:15:50.558+0000] {dag.py:4180} INFO - Setting next_dagrun for ssg_gl_op to 2025-08-31 19:00:00+00:00, run_after=2025-09-30 19:00:00+00:00
[2025-09-03T19:15:50.577+0000] {processor.py:208} INFO - Processing /opt/airflow/dags/ssg_erp_op.py took 0.103 seconds
[2025-09-03T19:16:21.162+0000] {processor.py:186} INFO - Started process (PID=4201) to work on /opt/airflow/dags/ssg_erp_op.py
[2025-09-03T19:16:21.163+0000] {processor.py:914} INFO - Processing file /opt/airflow/dags/ssg_erp_op.py for tasks to queue
[2025-09-03T19:16:21.166+0000] {logging_mixin.py:190} INFO - [2025-09-03T19:16:21.166+0000] {dagbag.py:588} INFO - Filling up the DagBag from /opt/airflow/dags/ssg_erp_op.py
[2025-09-03T19:16:21.193+0000] {processor.py:925} INFO - DAG(s) 'ssg_gl_op' retrieved from /opt/airflow/dags/ssg_erp_op.py
[2025-09-03T19:16:21.221+0000] {logging_mixin.py:190} INFO - [2025-09-03T19:16:21.221+0000] {dag.py:3239} INFO - Sync 1 DAGs
[2025-09-03T19:16:21.247+0000] {logging_mixin.py:190} INFO - [2025-09-03T19:16:21.246+0000] {dag.py:4180} INFO - Setting next_dagrun for ssg_gl_op to 2025-08-31 19:00:00+00:00, run_after=2025-09-30 19:00:00+00:00
[2025-09-03T19:16:21.266+0000] {processor.py:208} INFO - Processing /opt/airflow/dags/ssg_erp_op.py took 0.110 seconds
[2025-09-03T19:16:51.939+0000] {processor.py:186} INFO - Started process (PID=4308) to work on /opt/airflow/dags/ssg_erp_op.py
[2025-09-03T19:16:51.940+0000] {processor.py:914} INFO - Processing file /opt/airflow/dags/ssg_erp_op.py for tasks to queue
[2025-09-03T19:16:51.945+0000] {logging_mixin.py:190} INFO - [2025-09-03T19:16:51.945+0000] {dagbag.py:588} INFO - Filling up the DagBag from /opt/airflow/dags/ssg_erp_op.py
[2025-09-03T19:16:51.966+0000] {processor.py:925} INFO - DAG(s) 'ssg_gl_op' retrieved from /opt/airflow/dags/ssg_erp_op.py
[2025-09-03T19:16:51.990+0000] {logging_mixin.py:190} INFO - [2025-09-03T19:16:51.990+0000] {dag.py:3239} INFO - Sync 1 DAGs
[2025-09-03T19:16:52.024+0000] {logging_mixin.py:190} INFO - [2025-09-03T19:16:52.024+0000] {dag.py:4180} INFO - Setting next_dagrun for ssg_gl_op to 2025-08-31 19:00:00+00:00, run_after=2025-09-30 19:00:00+00:00
[2025-09-03T19:16:52.049+0000] {processor.py:208} INFO - Processing /opt/airflow/dags/ssg_erp_op.py took 0.118 seconds
[2025-09-03T19:17:22.697+0000] {processor.py:186} INFO - Started process (PID=4415) to work on /opt/airflow/dags/ssg_erp_op.py
[2025-09-03T19:17:22.698+0000] {processor.py:914} INFO - Processing file /opt/airflow/dags/ssg_erp_op.py for tasks to queue
[2025-09-03T19:17:22.701+0000] {logging_mixin.py:190} INFO - [2025-09-03T19:17:22.700+0000] {dagbag.py:588} INFO - Filling up the DagBag from /opt/airflow/dags/ssg_erp_op.py
[2025-09-03T19:17:22.724+0000] {processor.py:925} INFO - DAG(s) 'ssg_gl_op' retrieved from /opt/airflow/dags/ssg_erp_op.py
[2025-09-03T19:17:22.744+0000] {logging_mixin.py:190} INFO - [2025-09-03T19:17:22.744+0000] {dag.py:3239} INFO - Sync 1 DAGs
[2025-09-03T19:17:22.765+0000] {logging_mixin.py:190} INFO - [2025-09-03T19:17:22.764+0000] {dag.py:4180} INFO - Setting next_dagrun for ssg_gl_op to 2025-08-31 19:00:00+00:00, run_after=2025-09-30 19:00:00+00:00
[2025-09-03T19:17:22.784+0000] {processor.py:208} INFO - Processing /opt/airflow/dags/ssg_erp_op.py took 0.096 seconds
[2025-09-03T19:17:53.389+0000] {processor.py:186} INFO - Started process (PID=4522) to work on /opt/airflow/dags/ssg_erp_op.py
[2025-09-03T19:17:53.390+0000] {processor.py:914} INFO - Processing file /opt/airflow/dags/ssg_erp_op.py for tasks to queue
[2025-09-03T19:17:53.394+0000] {logging_mixin.py:190} INFO - [2025-09-03T19:17:53.393+0000] {dagbag.py:588} INFO - Filling up the DagBag from /opt/airflow/dags/ssg_erp_op.py
[2025-09-03T19:17:53.422+0000] {processor.py:925} INFO - DAG(s) 'ssg_gl_op' retrieved from /opt/airflow/dags/ssg_erp_op.py
[2025-09-03T19:17:53.450+0000] {logging_mixin.py:190} INFO - [2025-09-03T19:17:53.450+0000] {dag.py:3239} INFO - Sync 1 DAGs
[2025-09-03T19:17:53.473+0000] {logging_mixin.py:190} INFO - [2025-09-03T19:17:53.473+0000] {dag.py:4180} INFO - Setting next_dagrun for ssg_gl_op to 2025-08-31 19:00:00+00:00, run_after=2025-09-30 19:00:00+00:00
[2025-09-03T19:17:53.496+0000] {processor.py:208} INFO - Processing /opt/airflow/dags/ssg_erp_op.py took 0.113 seconds
[2025-09-03T19:18:24.031+0000] {processor.py:186} INFO - Started process (PID=4629) to work on /opt/airflow/dags/ssg_erp_op.py
[2025-09-03T19:18:24.032+0000] {processor.py:914} INFO - Processing file /opt/airflow/dags/ssg_erp_op.py for tasks to queue
[2025-09-03T19:18:24.036+0000] {logging_mixin.py:190} INFO - [2025-09-03T19:18:24.035+0000] {dagbag.py:588} INFO - Filling up the DagBag from /opt/airflow/dags/ssg_erp_op.py
[2025-09-03T19:18:24.058+0000] {processor.py:925} INFO - DAG(s) 'ssg_gl_op' retrieved from /opt/airflow/dags/ssg_erp_op.py
[2025-09-03T19:18:24.081+0000] {logging_mixin.py:190} INFO - [2025-09-03T19:18:24.081+0000] {dag.py:3239} INFO - Sync 1 DAGs
[2025-09-03T19:18:24.104+0000] {logging_mixin.py:190} INFO - [2025-09-03T19:18:24.104+0000] {dag.py:4180} INFO - Setting next_dagrun for ssg_gl_op to 2025-08-31 19:00:00+00:00, run_after=2025-09-30 19:00:00+00:00
[2025-09-03T19:18:24.121+0000] {processor.py:208} INFO - Processing /opt/airflow/dags/ssg_erp_op.py took 0.097 seconds
[2025-09-03T19:18:54.846+0000] {processor.py:186} INFO - Started process (PID=4736) to work on /opt/airflow/dags/ssg_erp_op.py
[2025-09-03T19:18:54.847+0000] {processor.py:914} INFO - Processing file /opt/airflow/dags/ssg_erp_op.py for tasks to queue
[2025-09-03T19:18:54.850+0000] {logging_mixin.py:190} INFO - [2025-09-03T19:18:54.849+0000] {dagbag.py:588} INFO - Filling up the DagBag from /opt/airflow/dags/ssg_erp_op.py
[2025-09-03T19:18:54.875+0000] {processor.py:925} INFO - DAG(s) 'ssg_gl_op' retrieved from /opt/airflow/dags/ssg_erp_op.py
[2025-09-03T19:18:54.898+0000] {logging_mixin.py:190} INFO - [2025-09-03T19:18:54.897+0000] {dag.py:3239} INFO - Sync 1 DAGs
[2025-09-03T19:18:54.920+0000] {logging_mixin.py:190} INFO - [2025-09-03T19:18:54.919+0000] {dag.py:4180} INFO - Setting next_dagrun for ssg_gl_op to 2025-08-31 19:00:00+00:00, run_after=2025-09-30 19:00:00+00:00
[2025-09-03T19:18:54.939+0000] {processor.py:208} INFO - Processing /opt/airflow/dags/ssg_erp_op.py took 0.098 seconds
[2025-09-03T19:19:25.640+0000] {processor.py:186} INFO - Started process (PID=4851) to work on /opt/airflow/dags/ssg_erp_op.py
[2025-09-03T19:19:25.641+0000] {processor.py:914} INFO - Processing file /opt/airflow/dags/ssg_erp_op.py for tasks to queue
[2025-09-03T19:19:25.644+0000] {logging_mixin.py:190} INFO - [2025-09-03T19:19:25.644+0000] {dagbag.py:588} INFO - Filling up the DagBag from /opt/airflow/dags/ssg_erp_op.py
[2025-09-03T19:19:25.675+0000] {processor.py:925} INFO - DAG(s) 'ssg_gl_op' retrieved from /opt/airflow/dags/ssg_erp_op.py
[2025-09-03T19:19:25.700+0000] {logging_mixin.py:190} INFO - [2025-09-03T19:19:25.700+0000] {dag.py:3239} INFO - Sync 1 DAGs
[2025-09-03T19:19:25.729+0000] {logging_mixin.py:190} INFO - [2025-09-03T19:19:25.728+0000] {dag.py:4180} INFO - Setting next_dagrun for ssg_gl_op to 2025-08-31 19:00:00+00:00, run_after=2025-09-30 19:00:00+00:00
[2025-09-03T19:19:25.749+0000] {processor.py:208} INFO - Processing /opt/airflow/dags/ssg_erp_op.py took 0.116 seconds
[2025-09-03T19:19:56.147+0000] {processor.py:186} INFO - Started process (PID=4955) to work on /opt/airflow/dags/ssg_erp_op.py
[2025-09-03T19:19:56.148+0000] {processor.py:914} INFO - Processing file /opt/airflow/dags/ssg_erp_op.py for tasks to queue
[2025-09-03T19:19:56.150+0000] {logging_mixin.py:190} INFO - [2025-09-03T19:19:56.150+0000] {dagbag.py:588} INFO - Filling up the DagBag from /opt/airflow/dags/ssg_erp_op.py
[2025-09-03T19:19:56.178+0000] {processor.py:925} INFO - DAG(s) 'ssg_gl_op' retrieved from /opt/airflow/dags/ssg_erp_op.py
[2025-09-03T19:19:56.207+0000] {logging_mixin.py:190} INFO - [2025-09-03T19:19:56.207+0000] {dag.py:3239} INFO - Sync 1 DAGs
[2025-09-03T19:19:56.237+0000] {logging_mixin.py:190} INFO - [2025-09-03T19:19:56.237+0000] {dag.py:4180} INFO - Setting next_dagrun for ssg_gl_op to 2025-08-31 19:00:00+00:00, run_after=2025-09-30 19:00:00+00:00
[2025-09-03T19:19:56.258+0000] {processor.py:208} INFO - Processing /opt/airflow/dags/ssg_erp_op.py took 0.119 seconds
[2025-09-03T19:20:26.780+0000] {processor.py:186} INFO - Started process (PID=5062) to work on /opt/airflow/dags/ssg_erp_op.py
[2025-09-03T19:20:26.782+0000] {processor.py:914} INFO - Processing file /opt/airflow/dags/ssg_erp_op.py for tasks to queue
[2025-09-03T19:20:26.784+0000] {logging_mixin.py:190} INFO - [2025-09-03T19:20:26.783+0000] {dagbag.py:588} INFO - Filling up the DagBag from /opt/airflow/dags/ssg_erp_op.py
[2025-09-03T19:20:26.805+0000] {processor.py:925} INFO - DAG(s) 'ssg_gl_op' retrieved from /opt/airflow/dags/ssg_erp_op.py
[2025-09-03T19:20:26.831+0000] {logging_mixin.py:190} INFO - [2025-09-03T19:20:26.831+0000] {dag.py:3239} INFO - Sync 1 DAGs
[2025-09-03T19:20:26.864+0000] {logging_mixin.py:190} INFO - [2025-09-03T19:20:26.864+0000] {dag.py:4180} INFO - Setting next_dagrun for ssg_gl_op to 2025-08-31 19:00:00+00:00, run_after=2025-09-30 19:00:00+00:00
[2025-09-03T19:20:26.892+0000] {processor.py:208} INFO - Processing /opt/airflow/dags/ssg_erp_op.py took 0.119 seconds
[2025-09-03T19:20:57.510+0000] {processor.py:186} INFO - Started process (PID=5170) to work on /opt/airflow/dags/ssg_erp_op.py
[2025-09-03T19:20:57.511+0000] {processor.py:914} INFO - Processing file /opt/airflow/dags/ssg_erp_op.py for tasks to queue
[2025-09-03T19:20:57.512+0000] {logging_mixin.py:190} INFO - [2025-09-03T19:20:57.512+0000] {dagbag.py:588} INFO - Filling up the DagBag from /opt/airflow/dags/ssg_erp_op.py
[2025-09-03T19:20:57.535+0000] {processor.py:925} INFO - DAG(s) 'ssg_gl_op' retrieved from /opt/airflow/dags/ssg_erp_op.py
[2025-09-03T19:20:57.556+0000] {logging_mixin.py:190} INFO - [2025-09-03T19:20:57.555+0000] {dag.py:3239} INFO - Sync 1 DAGs
[2025-09-03T19:20:57.589+0000] {logging_mixin.py:190} INFO - [2025-09-03T19:20:57.589+0000] {dag.py:4180} INFO - Setting next_dagrun for ssg_gl_op to 2025-08-31 19:00:00+00:00, run_after=2025-09-30 19:00:00+00:00
[2025-09-03T19:20:57.611+0000] {processor.py:208} INFO - Processing /opt/airflow/dags/ssg_erp_op.py took 0.107 seconds
[2025-09-03T19:21:28.218+0000] {processor.py:186} INFO - Started process (PID=5280) to work on /opt/airflow/dags/ssg_erp_op.py
[2025-09-03T19:21:28.220+0000] {processor.py:914} INFO - Processing file /opt/airflow/dags/ssg_erp_op.py for tasks to queue
[2025-09-03T19:21:28.223+0000] {logging_mixin.py:190} INFO - [2025-09-03T19:21:28.222+0000] {dagbag.py:588} INFO - Filling up the DagBag from /opt/airflow/dags/ssg_erp_op.py
[2025-09-03T19:21:28.251+0000] {processor.py:925} INFO - DAG(s) 'ssg_gl_op' retrieved from /opt/airflow/dags/ssg_erp_op.py
[2025-09-03T19:21:28.275+0000] {logging_mixin.py:190} INFO - [2025-09-03T19:21:28.274+0000] {dag.py:3239} INFO - Sync 1 DAGs
[2025-09-03T19:21:28.306+0000] {logging_mixin.py:190} INFO - [2025-09-03T19:21:28.306+0000] {dag.py:4180} INFO - Setting next_dagrun for ssg_gl_op to 2025-08-31 19:00:00+00:00, run_after=2025-09-30 19:00:00+00:00
[2025-09-03T19:21:28.328+0000] {processor.py:208} INFO - Processing /opt/airflow/dags/ssg_erp_op.py took 0.116 seconds
[2025-09-03T19:21:59.010+0000] {processor.py:186} INFO - Started process (PID=5387) to work on /opt/airflow/dags/ssg_erp_op.py
[2025-09-03T19:21:59.011+0000] {processor.py:914} INFO - Processing file /opt/airflow/dags/ssg_erp_op.py for tasks to queue
[2025-09-03T19:21:59.014+0000] {logging_mixin.py:190} INFO - [2025-09-03T19:21:59.013+0000] {dagbag.py:588} INFO - Filling up the DagBag from /opt/airflow/dags/ssg_erp_op.py
[2025-09-03T19:21:59.042+0000] {processor.py:925} INFO - DAG(s) 'ssg_gl_op' retrieved from /opt/airflow/dags/ssg_erp_op.py
[2025-09-03T19:21:59.070+0000] {logging_mixin.py:190} INFO - [2025-09-03T19:21:59.070+0000] {dag.py:3239} INFO - Sync 1 DAGs
[2025-09-03T19:21:59.094+0000] {logging_mixin.py:190} INFO - [2025-09-03T19:21:59.094+0000] {dag.py:4180} INFO - Setting next_dagrun for ssg_gl_op to 2025-08-31 19:00:00+00:00, run_after=2025-09-30 19:00:00+00:00
[2025-09-03T19:21:59.115+0000] {processor.py:208} INFO - Processing /opt/airflow/dags/ssg_erp_op.py took 0.111 seconds
[2025-09-03T19:22:30.048+0000] {processor.py:186} INFO - Started process (PID=5496) to work on /opt/airflow/dags/ssg_erp_op.py
[2025-09-03T19:22:30.050+0000] {processor.py:914} INFO - Processing file /opt/airflow/dags/ssg_erp_op.py for tasks to queue
[2025-09-03T19:22:30.052+0000] {logging_mixin.py:190} INFO - [2025-09-03T19:22:30.051+0000] {dagbag.py:588} INFO - Filling up the DagBag from /opt/airflow/dags/ssg_erp_op.py
[2025-09-03T19:22:30.078+0000] {processor.py:925} INFO - DAG(s) 'ssg_gl_op' retrieved from /opt/airflow/dags/ssg_erp_op.py
[2025-09-03T19:22:30.099+0000] {logging_mixin.py:190} INFO - [2025-09-03T19:22:30.099+0000] {dag.py:3239} INFO - Sync 1 DAGs
[2025-09-03T19:22:30.122+0000] {logging_mixin.py:190} INFO - [2025-09-03T19:22:30.122+0000] {dag.py:4180} INFO - Setting next_dagrun for ssg_gl_op to 2025-08-31 19:00:00+00:00, run_after=2025-09-30 19:00:00+00:00
[2025-09-03T19:22:30.137+0000] {processor.py:208} INFO - Processing /opt/airflow/dags/ssg_erp_op.py took 0.096 seconds
[2025-09-03T19:23:00.872+0000] {processor.py:186} INFO - Started process (PID=5603) to work on /opt/airflow/dags/ssg_erp_op.py
[2025-09-03T19:23:00.873+0000] {processor.py:914} INFO - Processing file /opt/airflow/dags/ssg_erp_op.py for tasks to queue
[2025-09-03T19:23:00.875+0000] {logging_mixin.py:190} INFO - [2025-09-03T19:23:00.875+0000] {dagbag.py:588} INFO - Filling up the DagBag from /opt/airflow/dags/ssg_erp_op.py
[2025-09-03T19:23:00.900+0000] {processor.py:925} INFO - DAG(s) 'ssg_gl_op' retrieved from /opt/airflow/dags/ssg_erp_op.py
[2025-09-03T19:23:00.923+0000] {logging_mixin.py:190} INFO - [2025-09-03T19:23:00.923+0000] {dag.py:3239} INFO - Sync 1 DAGs
[2025-09-03T19:23:00.941+0000] {logging_mixin.py:190} INFO - [2025-09-03T19:23:00.941+0000] {dag.py:4180} INFO - Setting next_dagrun for ssg_gl_op to 2025-08-31 19:00:00+00:00, run_after=2025-09-30 19:00:00+00:00
[2025-09-03T19:23:00.958+0000] {processor.py:208} INFO - Processing /opt/airflow/dags/ssg_erp_op.py took 0.091 seconds
[2025-09-03T19:23:31.639+0000] {processor.py:186} INFO - Started process (PID=5703) to work on /opt/airflow/dags/ssg_erp_op.py
[2025-09-03T19:23:31.640+0000] {processor.py:914} INFO - Processing file /opt/airflow/dags/ssg_erp_op.py for tasks to queue
[2025-09-03T19:23:31.645+0000] {logging_mixin.py:190} INFO - [2025-09-03T19:23:31.645+0000] {dagbag.py:588} INFO - Filling up the DagBag from /opt/airflow/dags/ssg_erp_op.py
[2025-09-03T19:23:31.678+0000] {processor.py:925} INFO - DAG(s) 'ssg_gl_op' retrieved from /opt/airflow/dags/ssg_erp_op.py
[2025-09-03T19:23:31.702+0000] {logging_mixin.py:190} INFO - [2025-09-03T19:23:31.702+0000] {dag.py:3239} INFO - Sync 1 DAGs
[2025-09-03T19:23:31.734+0000] {logging_mixin.py:190} INFO - [2025-09-03T19:23:31.733+0000] {dag.py:4180} INFO - Setting next_dagrun for ssg_gl_op to 2025-08-31 19:00:00+00:00, run_after=2025-09-30 19:00:00+00:00
[2025-09-03T19:23:31.756+0000] {processor.py:208} INFO - Processing /opt/airflow/dags/ssg_erp_op.py took 0.122 seconds
[2025-09-03T19:24:02.608+0000] {processor.py:186} INFO - Started process (PID=5810) to work on /opt/airflow/dags/ssg_erp_op.py
[2025-09-03T19:24:02.609+0000] {processor.py:914} INFO - Processing file /opt/airflow/dags/ssg_erp_op.py for tasks to queue
[2025-09-03T19:24:02.612+0000] {logging_mixin.py:190} INFO - [2025-09-03T19:24:02.611+0000] {dagbag.py:588} INFO - Filling up the DagBag from /opt/airflow/dags/ssg_erp_op.py
[2025-09-03T19:24:02.654+0000] {processor.py:925} INFO - DAG(s) 'ssg_gl_op' retrieved from /opt/airflow/dags/ssg_erp_op.py
[2025-09-03T19:24:02.682+0000] {logging_mixin.py:190} INFO - [2025-09-03T19:24:02.682+0000] {dag.py:3239} INFO - Sync 1 DAGs
[2025-09-03T19:24:02.708+0000] {logging_mixin.py:190} INFO - [2025-09-03T19:24:02.707+0000] {dag.py:4180} INFO - Setting next_dagrun for ssg_gl_op to 2025-08-31 19:00:00+00:00, run_after=2025-09-30 19:00:00+00:00
[2025-09-03T19:24:02.733+0000] {processor.py:208} INFO - Processing /opt/airflow/dags/ssg_erp_op.py took 0.132 seconds
[2025-09-03T19:24:33.492+0000] {processor.py:186} INFO - Started process (PID=5917) to work on /opt/airflow/dags/ssg_erp_op.py
[2025-09-03T19:24:33.493+0000] {processor.py:914} INFO - Processing file /opt/airflow/dags/ssg_erp_op.py for tasks to queue
[2025-09-03T19:24:33.496+0000] {logging_mixin.py:190} INFO - [2025-09-03T19:24:33.496+0000] {dagbag.py:588} INFO - Filling up the DagBag from /opt/airflow/dags/ssg_erp_op.py
[2025-09-03T19:24:33.519+0000] {processor.py:925} INFO - DAG(s) 'ssg_gl_op' retrieved from /opt/airflow/dags/ssg_erp_op.py
[2025-09-03T19:24:33.549+0000] {logging_mixin.py:190} INFO - [2025-09-03T19:24:33.548+0000] {dag.py:3239} INFO - Sync 1 DAGs
[2025-09-03T19:24:33.579+0000] {logging_mixin.py:190} INFO - [2025-09-03T19:24:33.579+0000] {dag.py:4180} INFO - Setting next_dagrun for ssg_gl_op to 2025-08-31 19:00:00+00:00, run_after=2025-09-30 19:00:00+00:00
[2025-09-03T19:24:33.610+0000] {processor.py:208} INFO - Processing /opt/airflow/dags/ssg_erp_op.py took 0.126 seconds
[2025-09-03T19:25:04.366+0000] {processor.py:186} INFO - Started process (PID=6026) to work on /opt/airflow/dags/ssg_erp_op.py
[2025-09-03T19:25:04.367+0000] {processor.py:914} INFO - Processing file /opt/airflow/dags/ssg_erp_op.py for tasks to queue
[2025-09-03T19:25:04.369+0000] {logging_mixin.py:190} INFO - [2025-09-03T19:25:04.369+0000] {dagbag.py:588} INFO - Filling up the DagBag from /opt/airflow/dags/ssg_erp_op.py
[2025-09-03T19:25:04.413+0000] {processor.py:925} INFO - DAG(s) 'ssg_gl_op' retrieved from /opt/airflow/dags/ssg_erp_op.py
[2025-09-03T19:25:04.445+0000] {logging_mixin.py:190} INFO - [2025-09-03T19:25:04.445+0000] {dag.py:3239} INFO - Sync 1 DAGs
[2025-09-03T19:25:04.481+0000] {logging_mixin.py:190} INFO - [2025-09-03T19:25:04.481+0000] {dag.py:4180} INFO - Setting next_dagrun for ssg_gl_op to 2025-08-31 19:00:00+00:00, run_after=2025-09-30 19:00:00+00:00
[2025-09-03T19:25:04.501+0000] {processor.py:208} INFO - Processing /opt/airflow/dags/ssg_erp_op.py took 0.141 seconds
[2025-09-03T19:25:35.394+0000] {processor.py:186} INFO - Started process (PID=6135) to work on /opt/airflow/dags/ssg_erp_op.py
[2025-09-03T19:25:35.396+0000] {processor.py:914} INFO - Processing file /opt/airflow/dags/ssg_erp_op.py for tasks to queue
[2025-09-03T19:25:35.399+0000] {logging_mixin.py:190} INFO - [2025-09-03T19:25:35.399+0000] {dagbag.py:588} INFO - Filling up the DagBag from /opt/airflow/dags/ssg_erp_op.py
[2025-09-03T19:25:35.427+0000] {processor.py:925} INFO - DAG(s) 'ssg_gl_op' retrieved from /opt/airflow/dags/ssg_erp_op.py
[2025-09-03T19:25:35.462+0000] {logging_mixin.py:190} INFO - [2025-09-03T19:25:35.461+0000] {dag.py:3239} INFO - Sync 1 DAGs
[2025-09-03T19:25:35.494+0000] {logging_mixin.py:190} INFO - [2025-09-03T19:25:35.494+0000] {dag.py:4180} INFO - Setting next_dagrun for ssg_gl_op to 2025-08-31 19:00:00+00:00, run_after=2025-09-30 19:00:00+00:00
[2025-09-03T19:25:35.514+0000] {processor.py:208} INFO - Processing /opt/airflow/dags/ssg_erp_op.py took 0.128 seconds
[2025-09-03T19:26:06.341+0000] {processor.py:186} INFO - Started process (PID=6242) to work on /opt/airflow/dags/ssg_erp_op.py
[2025-09-03T19:26:06.342+0000] {processor.py:914} INFO - Processing file /opt/airflow/dags/ssg_erp_op.py for tasks to queue
[2025-09-03T19:26:06.345+0000] {logging_mixin.py:190} INFO - [2025-09-03T19:26:06.345+0000] {dagbag.py:588} INFO - Filling up the DagBag from /opt/airflow/dags/ssg_erp_op.py
[2025-09-03T19:26:06.368+0000] {processor.py:925} INFO - DAG(s) 'ssg_gl_op' retrieved from /opt/airflow/dags/ssg_erp_op.py
[2025-09-03T19:26:06.398+0000] {logging_mixin.py:190} INFO - [2025-09-03T19:26:06.398+0000] {dag.py:3239} INFO - Sync 1 DAGs
[2025-09-03T19:26:06.560+0000] {logging_mixin.py:190} INFO - [2025-09-03T19:26:06.560+0000] {dag.py:4180} INFO - Setting next_dagrun for ssg_gl_op to 2025-08-31 19:00:00+00:00, run_after=2025-09-30 19:00:00+00:00
[2025-09-03T19:26:06.574+0000] {processor.py:208} INFO - Processing /opt/airflow/dags/ssg_erp_op.py took 0.239 seconds
[2025-09-03T19:26:37.192+0000] {processor.py:186} INFO - Started process (PID=6349) to work on /opt/airflow/dags/ssg_erp_op.py
[2025-09-03T19:26:37.194+0000] {processor.py:914} INFO - Processing file /opt/airflow/dags/ssg_erp_op.py for tasks to queue
[2025-09-03T19:26:37.196+0000] {logging_mixin.py:190} INFO - [2025-09-03T19:26:37.196+0000] {dagbag.py:588} INFO - Filling up the DagBag from /opt/airflow/dags/ssg_erp_op.py
[2025-09-03T19:26:37.221+0000] {processor.py:925} INFO - DAG(s) 'ssg_gl_op' retrieved from /opt/airflow/dags/ssg_erp_op.py
[2025-09-03T19:26:37.241+0000] {logging_mixin.py:190} INFO - [2025-09-03T19:26:37.241+0000] {dag.py:3239} INFO - Sync 1 DAGs
[2025-09-03T19:26:37.262+0000] {logging_mixin.py:190} INFO - [2025-09-03T19:26:37.261+0000] {dag.py:4180} INFO - Setting next_dagrun for ssg_gl_op to 2025-08-31 19:00:00+00:00, run_after=2025-09-30 19:00:00+00:00
[2025-09-03T19:26:37.404+0000] {processor.py:208} INFO - Processing /opt/airflow/dags/ssg_erp_op.py took 0.219 seconds
